page,power_kw,power_hp,motor_type,price_tl
2,-,-,AAH 71 M6A,5367.00
2,-,-,AAH 71 M4A,4626.00
2,-,-,AAH 71 M6B,5719.00
2,0.37,1/2,AAH 71 M2A,4841.00
2,0.37,1/2,AAH 71 M4B,4969.00
2,0.37,1/2,AAH 80 M6A,6265.00
2,0.55,3/4,AAH 71 M2B,5017.00
2,0.55,3/4,AAH 80 M4A,5843.00
2,0.55,3/4,AAH 80 M6B,7293.00
3,0.75,"1,00",AAP 80 M2A,6211.00
3,0.75,"1,00",AAP 80 M4B,7558.00
3,0.75,"1,00",AAP 90 S6A,8148.00
3,1.10,"1,50",AAP 80 M2B,6484.00
3,1.10,"1,50",AAP 90 S4A,8803.00
3,1.10,"1,50",AAP 90 L6A,9766.00
3,1.50,"2,00",AAP 90 S2A,7801.00
3,1.50,"2,00",AAP 90 L4A,9794.00
3,1.50,"2,00",AAP 100 L6A,10936.00
3,2.20,"3,00",AAP 90 L2A,8839.00
3,2.20,"3,00",AAP 100 L4A,12045.00
3,2.20,"3,00",AAP 112 M6A,15178.00
3,3.00,"4,00",AAP 100 L2A,11677.00
3,3.00,"4,00",AAP 100 L4B,13985.00
3,3.00,"4,00",AAP 132 S6A,19960.00
3,4.00,"5,50",AAP 112 M2A,15302.00
3,4.00,"5,50",AAP 112 M4A,17275.00
3,4.00,"5,50",AAP 132 M6A,22144.00
3,5.50,"7,50",AAP 132 S2A,21600.00
3,5.50,"7,50",AAP 132 S4A,21922.00
3,5.50,"7,50",AAP 132 M6B,27121.00
3,7.50,"10,00",AAP 132 S2B,23734.00
3,7.50,"10,00",AAP 132 M4A,25637.00
3,7.50,"10,00",AAP 160 M6A,37812.00
3,11.00,"15,00",AAP 160 M2A,37855.00
3,11.00,"15,00",AAP 160 M4A,40587.00
3,11.00,"15,00",AAP 160 L6A,47962.00
3,15.00,"20,00",AAP 160 M2B,41958.00
3,15.00,"20,00",AAP 160 L4A,48263.00
3,15.00,"20,00",AAP 180 L6A,57864.00
3,18.50,"25,00",AAP 160 L2A,46243.00
3,18.50,"25,00",AAP 180 M4A,56976.00
3,18.50,"25,00",AAP 200 L6A,69127.00
3,22.00,"30,00",AAP 180 M2A,61205.00
3,22.00,"30,00",AAP 180 L4A,64351.00
3,22.00,"30,00",AAP 200 L6B,79627.00
3,30.00,"40,00",AAP 200 L2A,89208.00
3,30.00,"40,00",AAP 200 L4A,84638.00
3,37.00,"50,00",AAP 200 L2B,99272.00
4,-,-,ABP 132 S6A,26234.00
4,-,-,ABP 132 M6A,29679.00
4,5.50,"7,50",ABP 132 S2A,27872.00
4,5.50,"7,50",ABP 132 S4A,28621.00
4,5.50,"7,50",ABP 132 M6B,32502.00
4,7.50,"10,00",ABP 132 S2B,30972.00
4,7.50,"10,00",ABP 132 M4A,33307.00
4,7.50,"10,00",ABP 160 M6A,48422.00
4,11.00,"15,00",ABP 160 M2A,45286.00
4,11.00,"15,00",ABP 160 M4A,50287.00
4,11.00,"15,00",ABP 160 L6A,59007.00
4,15.00,"20,00",ABP 160 M2B,50315.00
4,15.00,"20,00",ABP 160 L4A,59282.00
4,15.00,"20,00",ABP 180 L6A,72973.00
4,18.50,"25,00",ABP 160 L2A,55572.00
4,18.50,"25,00",ABP 180 M4A,67357.00
4,18.50,"25,00",ABP 200 L6A,87430.00
4,22.00,"30,00",ABP 180 M2A,71752.00
4,22.00,"30,00",ABP 180 L4A,76212.00
4,22.00,"30,00",ABP 200 L6B,99021.00
4,30.00,"40,00",ABP 200 L2A,108472.00
4,30.00,"40,00",ABP 200 L4A,104266.00
4,30.00,"40,00",ABP 225 M6A,125580.00
4,37.00,"50,00",ABP 200 L2B,117597.00
4,37.00,"50,00",ABP 225 S4A,118551.00
4,37.00,"50,00",ABP 250 M6A,161315.00
4,45.00,"60,00",ABP 225 M2A,138325.00
4,45.00,"60,00",ABP 225 M4A,131301.00
4,45.00,"60,00",ABP 280 S6A,199703.00
4,55.00,"75,00",ABP 250 M2A,182750.00
4,55.00,"75,00",ABP 250 M4A,172258.00
4,55.00,"75,00",ABP 280 M6A,232884.00
4,250.00,"340,00",ABP 355 M2A,688681.00
4,250.00,"340,00",ABP 355 M4A,650790.00
4,250.00,"340,00",ABP 355 M6C,795036.00
4,315.00,"430,00",ABP 355 M2B,733483.00
4,315.00,"430,00",ABP 355 M4B,762206.00
4,315.00,"430,00",ABP 355 L6A,880327.00
4,355.00,"483,00",ABP 355 M2C,788350.00
4,355.00,"483,00",ABP 355 M4C,799196.00
4,355.00,"483,00",ABP 355 L6B,1218813.00
4,400.00,"544,00",ABP 355 L2A,838610.00
4,400.00,"544,00",ABP 355 L4A,830713.00
4,400.00,"544,00",ABP 400 L6A,1298841.00
4,450.00,"612,00",ABP 355 L2B,950201.00
4,450.00,"612,00",ABP 355 L4B,1047151.00
4,450.00,"612,00",ABP 400 L2A,1335616.00
4,450.00,"612,00",ABP 400 L4A,1358776.00
4,450.00,"612,00",ABP 400 L6B,1486587.00
4,500.00,"670,00",ABP 400 L2B,1415348.00
4,500.00,"670,00",ABP 400 L4B,1360396.00
4,500.00,"670,00",ABP 400 L6C,1541123.00
4,560.00,"751,00",ABP 400 L2C,1505996.00
4,560.00,"751,00",ABP 400 L4C,1451771.00
4,560.00,"751,00",ABP 400 L6D,1743826.00
4,630.00,"845,00",ABP 400 L2D,1644026.00
4,630.00,"845,00",ABP 400 L4D,1528164.00
4,710.00,"952,00",ABP 400 L2E,1802268.00
4,710.00,"952,00",ABP 400 L4E,1720343.00
4,750.00,"1.005,00",ABP 400 L2F,2000580.00
4,750.00,"1.005,00",ABP 400 L4F,1912273.00
5,0.75,"1,00",AAP 80 M2A,7088.00
5,0.75,"1,00",AAP 80 M4B,9259.00
5,0.75,"1,00",AAP 90 S6A,9256.00
5,1.10,"1,50",AAP 80 M2B,7637.00
5,1.10,"1,50",AAP 90 S4A,10280.00
5,1.50,"2,00",AAP 90 S2A,9327.00
5,1.50,"2,00",AAP 90 L4A,11200.00
5,2.20,"3,00",AAP 90 L2A,10100.00
5,2.20,"3,00",AAP 100 L4A,15090.00
5,2.20,"3,00",AAP 112 M6A,19703.00
5,3.00,"4,00",AAP 100 L2A,14121.00
5,3.00,"4,00",AAP 132 S6A,22514.00
5,4.00,"5,50",AAP 112 M2A,19872.00
5,4.00,"5,50",AAP 112 M4A,21871.00
5,4.00,"5,50",AAP 132 M6A,25736.00
5,5.50,"7,50",AAP 132 S2A,26035.00
5,5.50,"7,50",AAP 132 S4A,26903.00
5,5.50,"7,50",AAP 132 M6B,33647.00
5,7.50,"10,00",AAP 132 S2B,31026.00
5,7.50,"10,00",AAP 132 M4A,31415.00
5,7.50,"10,00",AAP 160 M6A,46662.00
5,11.00,"15,00",AAP 160 M2A,45549.00
5,11.00,"15,00",AAP 160 M4A,51265.00
5,11.00,"15,00",AAP 160 L6A,58973.00
5,15.00,"20,00",AAP 160 M2B,52227.00
5,15.00,"20,00",AAP 180 L6A,65010.00
5,18.50,"25,00",AAP 180 M4A,67255.00
5,18.50,"25,00",AAP 200 L6A,84283.00
5,22.00,"30,00",AAP 180 M2A,69209.00
5,22.00,"30,00",AAP 180 L4A,75203.00
5,22.00,"30,00",AAP 200 L6B,97380.00
5,30.00,"40,00",AAP 200 L2A,117723.00
5,30.00,"40,00",AAP 200 L4A,104194.00
5,37.00,"50,00",AAP 200 L2B,128207.00
6,-,-,ABP 132 S6A,29991.00
6,-,-,ABP 132 M6A,34083.00
6,5.50,"7,50",ABP 132 S2A,33381.00
6,5.50,"7,50",ABP 132 S4A,35395.00
6,5.50,"7,50",ABP 132 M6B,39060.00
6,7.50,"10,00",ABP 132 S2B,37760.00
6,7.50,"10,00",ABP 132 M4A,41600.00
6,7.50,"10,00",ABP 160 M6A,57497.00
6,11.00,"15,00",ABP 160 M2A,54894.00
6,11.00,"15,00",ABP 160 M4A,63957.00
6,11.00,"15,00",ABP 160 L6A,73346.00
6,15.00,"20,00",ABP 160 M2B,62183.00
6,15.00,"20,00",ABP 160 L4A,74958.00
6,15.00,"20,00",ABP 180 L6A,80333.00
6,18.50,"25,00",ABP 160 L2A,70026.00
6,18.50,"25,00",ABP 180 M4A,85067.00
6,18.50,"25,00",ABP 200 L6A,105649.00
6,22.00,"30,00",ABP 180 M2A,80363.00
6,22.00,"30,00",ABP 180 L4A,87649.00
6,22.00,"30,00",ABP 200 L6B,114165.00
6,30.00,"40,00",ABP 200 L2A,128724.00
6,30.00,"40,00",ABP 200 L4A,125952.00
6,30.00,"40,00",ABP 225 M6A,138172.00
6,37.00,"50,00",ABP 200 L2B,141236.00
6,37.00,"50,00",ABP 225 S4A,145612.00
6,37.00,"50,00",ABP 250 M6A,178758.00
6,45.00,"60,00",ABP 225 M2A,158044.00
6,45.00,"60,00",ABP 225 M4A,148802.00
6,45.00,"60,00",ABP 280 S6A,212077.00
6,55.00,"75,00",ABP 250 M2A,228312.00
6,55.00,"75,00",ABP 250 M4A,228972.00
6,55.00,"75,00",ABP 280 M6A,250910.00
6,75.00,"100,00",ABP 280 S2A,240828.00
6,75.00,"100,00",ABP 280 S4A,243111.00
6,75.00,"100,00",ABP 315 S6A,322455.00
6,90.00,"125,00",ABP 280 M2A,273280.00
6,90.00,"125,00",ABP 280 M4A,265499.00
6,90.00,"125,00",ABP 315 M6A,358652.00
6,110.00,"150,00",ABP 315 S2A,386573.00
6,110.00,"150,00",ABP 315 S4A,380072.00
6,110.00,"150,00",ABP 315 M6B,397433.00
6,132.00,"175,00",ABP 315 M2A,401396.00
6,132.00,"175,00",ABP 315 M4A,442816.00
6,132.00,"175,00",ABP 315 L6A,452362.00
6,160.00,"220,00",ABP 315 M2B,422938.00
6,160.00,"220,00",ABP 315 M4B,499622.00
6,160.00,"220,00",ABP 355 M6A,718144.00
6,185.00,"250,00",ABP 315 L2A,462683.00
6,185.00,"250,00",ABP 315 L4A,531982.00
6,200.00,"270,00",ABP 315 L2B,474668.00
6,200.00,"270,00",ABP 315 L4B,584620.00
6,200.00,"270,00",ABP 355 M6B,753259.00
6,250.00,"340,00",ABP 355 M2A,828151.00
6,250.00,"340,00",ABP 355 M4A,711315.00
6,250.00,"340,00",ABP 355 M6C,875160.00
6,315.00,"430,00",ABP 355 M2B,898115.00
6,315.00,"430,00",ABP 355 M4B,839023.00
6,315.00,"430,00",ABP 355 L6A,1009652.00
6,355.00,"483,00",ABP 355 M2C,965468.00
6,355.00,"483,00",ABP 355 M4C,877861.00
6,355.00,"483,00",ABP 355 L6B,1504394.00
6,400.00,"544,00",ABP 355 L4A,912043.00
6,400.00,"544,00",ABP 400 L6A,1595645.00
6,450.00,"612,00",ABP 400 L2A,1668757.00
6,450.00,"612,00",ABP 400 L4A,1674364.00
6,450.00,"612,00",ABP 400 L6B,1834442.00
6,500.00,"670,00",ABP 400 L2B,1768376.00
6,500.00,"670,00",ABP 400 L4B,1684200.00
6,500.00,"670,00",ABP 400 L6C,1902067.00
6,560.00,"751,00",ABP 400 L2C,1843683.00
6,560.00,"751,00",ABP 400 L4C,1787577.00
6,560.00,"751,00",ABP 400 L6D,2152784.00
6,630.00,"845,00",ABP 400 L2D,2012750.00
6,630.00,"845,00",ABP 400 L4D,1888763.00
7,1.50,"2,00",C_AAP 80 M2C,7522.00
7,-,-,C_AAP 100 L6B,12934.00
7,-,-,C_AAP 112 M6B,18016.00
7,-,-,C_AAP 90 L2C,9969.00
7,-,-,C_AAP 100 L2B,14534.00
7,-,-,C_AAP 112 M4B,20071.00
7,5.50,"7,50",C_AAP 112 M2B,19217.00
7,7.50,"10,00",C_AAP 112 M2C,23325.00
7,-,-,C_AAP 132 M2A,29102.00
7,-,-,C_AAP 132 M4B,31011.00
7,-,-,C_ABP 132 M2A,35668.00
7,-,-,C_ABP 132 M4B,38672.00
7,-,-,C_AAP 132 M4C,36179.00
7,-,-,C_ABP 132 M4C,42931.00
7,-,-,C_AAP 132 M2B,31043.00
7,-,-,C_ABP 132 M2B,37244.00
7,-,-,C_AAP 160 M4B,41258.00
7,-,-,C_ABP 160 M4B,52304.00
7,-,-,C_AAP 160 L6B,51952.00
7,-,-,C_ABP 160 L6B,63668.00
7,-,-,C_AAP 160 L4B,51186.00
7,-,-,C_AAP 180 L6B,64550.00
7,-,-,C_ABP 160 L4B,61809.00
7,-,-,C_ABP 180 L6B,82202.00
7,-,-,C_AAP 160 L2B,56593.00
7,-,-,C_AAP 180 L6C,75216.00
7,-,-,C_ABP 160 L2B,66791.00
7,-,-,C_ABP 180 L6C,92794.00
7,-,-,C_AAP 180 L4B,77760.00
7,-,-,C_AAP 200 L6C,89190.00
7,-,-,C_ABP 180 L4B,87180.00
7,-,-,C_ABP 200 L6C,105243.00
7,-,-,C_AAP 180 M2B,84475.00
7,-,-,C_ABP 180 M2B,94657.00
7,-,-,C_AAP 180 M2C,93490.00
7,-,-,C_AAP 200 L4B,95653.00
7,-,-,C_ABP 180 M2C,98729.00
7,-,-,C_ABP 200 L4B,110004.00
7,-,-,C_ABP 225 M6B,154257.00
7,-,-,C_AAP 200 L2C,110682.00
7,-,-,C_ABP 200 L2C,131286.00
7,55.00,"75,00",C_ABP 225 M2B,171112.00
8,0.09,1/8,AAH 71 M8A,7682.00
8,0.12,1/6,AAH 71 M8B,7836.00
8,0.18,1/4,AAH 80 M8A,8373.00
8,0.25,1/3,AAH 80 M8B,9414.00
8,0.25,1/3,AA 100 L12C,17843.00
8,0.37,1/2,AAH 90 S8A,9464.00
8,0.37,1/2,AA 100 L12A,19241.00
8,0.55,3/4,AAH 90 L8A,11020.00
8,0.75,"1,00",AAP 100 L8A,14404.00
8,1.10,"1,50",AAP 100 L8B,16653.00
8,1.50,"2,00",AAP 112 M8A,18604.00
8,-,-,AAP 132 S8A,33663.00
8,-,-,ABP 132 S8A,39563.00
8,-,-,AAP 132 M8A,40347.00
8,-,-,ABP 132 M8A,46569.00
8,-,-,AAP 160 M8A,44195.00
8,-,-,ABP 160 M8A,52479.00
8,-,-,AAP 160 M8B,53356.00
8,-,-,ABP 160 M8B,62266.00
8,-,-,AAP 160 L8A,61309.00
8,75.00,"100,00",ABP 315 M8A,416855.00
8,-,-,ABP 160 L8A,69812.00
8,90.00,"125,00",ABP 315 M8B,488918.00
8,-,-,AAP 180 L8A,77011.00
8,110.00,"150,00",ABP 315 L8A,526063.00
8,-,-,ABP 180 L8A,90698.00
8,132.00,"175,00",ABP 355 M8A,771964.00
8,-,-,AAP 200 L8A,90133.00
8,160.00,"220,00",ABP 355 M8B,881605.00
8,-,-,ABP 200 L8A,105647.00
8,200.00,"270,00",ABP 355 M8C,930155.00
8,18.50,"25,00",ABP 225 S8A,126126.00
8,250.00,"340,00",ABP 355 L8A,1126843.00
8,22.00,"30,00",ABP 225 M8A,137904.00
8,315.00,"430,00",AB 400 M8A,1750308.00
8,30.00,"40,00",ABP 250 M8A,204172.00
8,355.00,"483,00",AB 400 M8B,1860181.00
8,37.00,"50,00",ABP 280 S8A,244411.00
8,400.00,"544,00",AB 400 M8C,1951635.00
8,45.00,"60,00",ABP 280 M8A,269388.00
8,450.00,"603,00",AB 400 L8A,2083467.00
8,55.00,"74,00",ABP 315 S8A,392311.00
8,500.00,"970,00",AB 400 L8C,2311764.00
9,,,AAK 132 S4A,24115.00
9,,,ABK 132 S4A,28284.00
9,,,ABK 132 S4A,31202.00
9,,,ABK 132 S4A,36496.00
9,,,AAK 132 M4A,28202.00
9,,,AAK 132 M4A,32391.00
9,,,ABK 132 M4A,36310.00
9,,,ABK 132 M4A,41639.00
9,,,AAK 132 M4B,34213.00
9,,,AAK 132 M4B,39548.00
9,,,ABK 132 M4B,40369.00
9,,,ABK 132 M4B,46754.00
9,,,AAK 132 M4C,39911.00
9,,,AAK 132 M4C,45601.00
9,,,ABK 132 M4C,55238.00
9,,,ABK 132 M4C,63611.00
9,,,AAK 180 M4A,60983.00
9,,,AAK 180 M4A,53343.00
9,,,ABK 180 M4A,73434.00
9,,,ABK 180 M4A,63290.00
9,,,AAK 180 L4A,74832.00
9,,,AAK 180 L4A,87186.00
9,,,ABK 180 L4A,92833.00
9,,,ABK 180 L4A,103886.00
9,,,AAK 180 L4B,85785.00
9,,,AAK 180 L4B,100854.00
9,,,ABK 180 L4B,99772.00
9,,,ABK 180 L4B,117126.00
9,55.00,"75,00",ABK 250 M4A,187815.00
9,55.00,"75,00",ABK 250 M4A,215280.00
9,55.00,"75,00",ABK 250 M4B,208876.00
9,55.00,"75,00",ABK 250 M4B,209078.00
9,55.00,"75,00",ABK 280 S4A,218234.00
9,55.00,"75,00",ABK 280 S4A,218935.00
9,55.00,"75,00","125,00 ABK 280 M4A",236834.00
9,55.00,"75,00","125,00 ABK 280 M4A",248437.00
9,55.00,"75,00",ABK 280 M4B,317052.00
9,55.00,"75,00",ABK 280 M4B,324161.00
9,55.00,"75,00",ABK 315 S4A,339039.00
9,55.00,"75,00",ABK 315 S4A,351430.00
9,55.00,"75,00","175,00 ABK 315 M4A",395010.00
9,55.00,"75,00","175,00 ABK 315 M4A",364906.00
9,55.00,"75,00","220,00 ABK 315 M4B",445683.00
9,55.00,"75,00","220,00 ABK 315 M4B",384489.00
9,55.00,"75,00","250,00 ABK 315 L4A",489423.00
9,55.00,"75,00","250,00 ABK 315 L4A",447118.00
9,55.00,"75,00","270,00 ABK 315 L4B",537852.00
9,55.00,"75,00","270,00 ABK 315 L4B",461524.00
9,-,"250,00","340,00 ABK 315 L4D",655386.00
10,,,AAS 132 S4A,26903.00
10,,,AAS 132 S4A,26035.00
10,,,ABS 132 S4A,35395.00
10,,,ABS 132 S4A,33381.00
10,,,AAS 132 M4A,31415.00
10,,,AAS 132 M4A,31026.00
10,,,ABS 132 M4A,41600.00
10,,,ABS 132 M4A,37760.00
10,,,AAS 180 M4A,67255.00
10,,,AAS 180 M4A,58677.00
10,,,ABS 180 M4A,85067.00
10,,,ABS 180 M4A,70026.00
10,,,AAS 180 L4A,75203.00
10,,,AAS 180 L4A,69209.00
10,,,ABS 180 L4A,87649.00
10,,,ABS 180 L4A,80363.00
10,,,"75,00 ABS 250 M4A",228972.00
10,55.00,"75,00",ABS 250 M4A,228312.00
10,55.00,"75,00","100,00 ABS 280 S4A",243111.00
10,55.00,"75,00",ABS 250 M4B,236428.00
10,55.00,"75,00","125,00 ABS 280 M4A",265499.00
10,55.00,"75,00",ABS 280 S4A,240828.00
10,55.00,"75,00","150,00 ABS 315 S4A",380072.00
10,90.00,"125,00",ABS 280 M4A,273280.00
10,90.00,"125,00","175,00 ABS 315 M4A",442816.00
10,110.00,"150,00",ABS 315 S4A,386573.00
10,110.00,"150,00","220,00 ABS 315 M4B",499622.00
10,132.00,"175,00",ABS 315 M4A,401396.00
10,160.00,"220,00",ABS 315 M4B,422938.00
11,,,"175,00 ABKT 315 M4A",479011.00
11,,,"220,00 ABKT 315 M4B",518776.00
11,,,"250,00 ABKT 315 L4A",533013.00
11,,,"270,00 ABKT 315 L4B",587954.00
11,,,"340,00 ABPT 315 L4D",623843.00
12,,,AAH 100 L2 / 12A S3 %40,23548.00
12,,,AAH 132 M2 /12A S3 %40,39526.00
12,,,AAH 160 L2 / 12A S3 % 40,99471.00
13,,,AA 71 M6/4 A,12299.00
13,,,AA 80 M8/6 A,16355.00
13,,,AA 71 M6/4 B,12429.00
13,,,AA 80 M8/6 B,16897.00
13,,,AA 80 M6/4 A,13411.00
13,,,AA 90 S8/6 A,19885.00
13,,,AA 80 M6/4 B,14513.00
13,,,AA 90 L8/6 A,21651.00
13,,,AA 90 S6/4 A,15266.00
13,,,AA 100 L8/6 A,28342.00
13,,,AA 90 L6/4 A,16951.00
13,,,AA 100 L8/6 B,30259.00
13,,,AA 100 L6/4 A,21522.00
13,,,AA 112 M8/6 A,32298.00
13,,,AA 100 L6/4 B,22474.00
13,,,AA 132 S8/6 A,41198.00
13,,,AA 112 M6/4 A,25337.00
13,,,AB 132 S8/6 A,48266.00
13,,,AA 132 S6/4 A,29178.00
13,,,AA 132 M8/6 A,51812.00
13,,,AB 132 S6/4 A,36268.00
13,,,AB 132 M8/6 A,57487.00
13,,,AA 132 M6/4 A,40258.00
13,,,AA 160 M8/6 A,62087.00
13,,,AB 132 M6/4 A,47361.00
13,,,AB 160 M8/6 A,75717.00
13,,,AA 160 M6/4 A,42923.00
13,,,AA 160 L8/6 A,79097.00
13,,,AB 160 M6/4 A,63903.00
13,,,AB 160 L8/6 A,92549.00
13,,,AA 160 L6/4A,69374.00
13,,,AB 160 L6/4 A,76215.00
13,,,AA 71 M4/2 A,11753.00
13,,,AA 80 M8/4 A,12014.00
13,,,AA 71 M4/2 B,13638.00
13,,,AA 80 M8/4 B,14248.00
13,,,AA 80 M4/2 A,13868.00
13,,,AA 90 S8/4 A,14772.00
13,,,AA 80 M4/2 B,14117.00
13,,,AA 90 L8/4 A,15872.00
13,,,AA 90 S4/2 A,14919.00
13,,,AA 100 L8/4 A,18287.00
13,,,AA 90 L4/2 A,17296.00
13,,,AA 100 L8/4 B,21910.00
13,,,AA 100 L4/2 A,20625.00
13,,,AA 112 M8/4 A,25772.00
13,,,AA 100 L4/2 B,22785.00
13,,,AA 132 S8/4 A,27171.00
13,,,AA 112 M4/2 A,28531.00
13,,,AB 132 S8/4 A,33748.00
13,,,AA 132 S4/2 A,31924.00
13,,,AA 132 M8/4 A,32553.00
13,,,AB 132 S4/2 A,37405.00
13,,,AB 132 M8/4 A,44058.00
13,,,AA 132 M4/2 A,38628.00
13,,,AA 132 M8/4 B,42118.00
13,,,AB 132 M4/2 A,59426.00
13,,,AB 132 M8/4 B,62139.00
13,,,AA 160 M4/2 A,57957.00
13,,,AA 160 M8/4 A,53516.00
13,,,AB 160 M4/2 A,60511.00
13,,,AB 160 M8/4 A,64669.00
13,,,AA 160 L4/2 A,69893.00
13,,,AA 160 L8/4 A,80399.00
13,,,AB 160 L4/2 A,73167.00
13,,,AB 160 L8/4 A,88445.00
13,,,AB 180 M4/2 A,96519.00
13,,,AB 180 L8/4 A,102884.00
13,,,AB 180 L4/2 A,98475.00
13,,,AB 200 L8/4C,143810.00
13,,,AA 90 S8/2A,16158.00
13,,,AB 180 L8/6 A,121454.00
14,,,AA 80M6/4 A-V,11001.00
14,,,AA 80M8/6 A-V,12872.00
14,,,AA 80M6/4 B-V,11408.00
14,,,AA 80M8/6 B-V,13515.00
14,,,AA 90S6/4 A-V,11815.00
14,,,AA 90S8/6 A-V,15998.00
14,,,AA 90L6/4 A-V,12400.00
14,,,AA 90L8/6 A-V,17256.00
14,,,AA 100L6/4 A-V,14268.00
14,,,AA 100L8/6 A-V,20709.00
14,,,AA 100L6/4 B-V,16807.00
14,,,AA 100L8/6 B-V,21158.00
14,,,AA 112M6/4 A-V,20818.00
14,,,AA 112M8/6 A-V,22873.00
14,,,AA 132S6/4 A-V,27074.00
14,,,AA 132S8/6 A-V,28520.00
14,,,AB 132S6/4 A-V,33364.00
14,,,AB 132S8/6 A-V,35250.00
14,,,AA 132M6/4 A-V,32691.00
14,,,AA 132M8/6 A-V,34146.00
14,,,AB 132M6/4 A-V,39191.00
14,,,AB 132M8/6 A-V,40736.00
14,,,AA 160M6/4 A-V,49215.00
14,,,AA 160M8/6 A-V,51396.00
14,,,AB 160M6/4 A-V,54001.00
14,,,AB 160M8/6 A-V,56390.00
14,,,AA 160L6/4 A-V,59509.00
14,,,AA 160L8/6 A-V,62498.00
14,,,AB 160L6/4 A-V,65265.00
14,,,AB 160L8/6 A-V,68930.00
14,,,AA 71M4/2 A-V,8924.00
14,,,AA 71M8/4 A-V,8651.00
14,,,AA 71M4/2 B-V,9402.00
14,,,AA 71M8/4 B-V,9175.00
14,,,AA 80M4/2 A-V,9697.00
14,,,AA 80M8/4 A-V,9510.00
14,,,AA 80M4/2 B-V,10015.00
14,,,AA 80M8/4 B-V,9857.00
14,,,AA 90S4/2 A-V,10245.00
14,,,AA 90S8/4 A-V,10108.00
14,,,AA 90L4/2 A-V,12231.00
14,,,AA 90L8/4 A-V,11924.00
14,,,AA 100L4/2 A-V,14485.00
14,,,AA 100L8/4 A-V,13727.00
14,,,AA 100L4/2 B-V,16673.00
14,,,AA 100L8/4 B-V,16131.00
14,,,AA 112M4/2 A-V,19428.00
14,,,AA 112M8/4 A-V,20090.00
14,,,AA 132S4/2 A-V,24544.00
14,,,AA 132S8/4 A-V,26017.00
14,,,AB 132S4/2 A-V,30644.00
14,,,AB 132S8/4 A-V,32042.00
14,,,AA 132M4/2 A-V,28051.00
14,,,AA 132M8/4 A-V,31486.00
14,,,AB 132M4/2 A-V,34065.00
14,,,AB 132M8/4 A-V,37683.00
14,,,AA 160M4/2 A-V,44285.00
14,,,AA 160M8/4 A-V,47286.00
14,,,AB 160M4/2 A-V,48567.00
14,,,AB 160M8/4 A-V,51936.00
14,,,AA 160L4/2 A-V,50753.00
14,,,AA 160L8/4 A-V,57003.00
14,,,AB 160L4/2 A-V,55724.00
14,,,AB 160L8/4 A-V,62760.00
14,,,AB 180L8/4 A-V,73086.00
15,,,7. Özel Epoxy Boya fiyatı stokta bulunan boya kodu için geçerlidir.Epoxy boya talepleriniz için RAL kodunu bildirilmesi gereklidir.,19421.00
16,.,.,". PREMIUM AYAK TAKIMLARI 1 SAĞ 1 SOL AYAK OLARAK CİVATA, SOMUN VE PULLARI İLE BİRLİKTE SETTİR.",12802.00
