page,cells
1,"İRK53-52 | Ø42x328,9 mm | $41,00 | $124,00 | İRK53-52 (1,5'') | $32,00"
1,"İRK53-52 | Ø42x405,1 mm | $34,00 | $150,00"
1,"YP53 | Ø42X302,9 mm | $31,00 | $113,00 | YP53 (1,5'') | $23,00"
1,"YP53 | Ø42x379,1 mm | $39,00 | $140,00"
1,"İRK63/YP63 | Ø42x347,4 mm | $36,00 | $129,00 | İRK63/YP63 (1,5'') | $39,00"
1,"İRK63/YP63 | Ø42x423,6 mm | $43,00 | $156,00 | İRK63/YP63 (2'') | $50,00"
1,"İRK63/YP63 | Ø50,8x347,4 mm | $53,00 | $191,00"
1,"İRK63/YP63 | Ø50,8x423,6 mm | $64,00 | $233,00"
1,"İRK73/YP73 | Ø50x364,4 mm | $55,00 | $201,00 | İRK73/YP73 (1,5'') | $43,00"
1,"İRK73/YP73 | Ø50x440,6 mm | $67,00 | $242,00 | İRK73/YP73 (2'') | $55,00"
1,"İRK73/YP73 | Ø50,8x364,4 mm | $55,00 | $201,00"
1,"İRK73/YP73 | Ø50,8x440,6 mm | $67,00 | $242,00"
1,"İRK83/YP83 | Ø65x406,4 mm | $99,00 | $361,00 | İRK83/YP83 (2'') | $79,00"
1,"İRK83/YP83 | Ø65x482,6 mm | $118,00 | $429,00 | İRK83/YP83 (2,4375'') | $91,00"
1,"İRK83/YP83 | Ø65x423,9 mm | $104,00 | $377,00 | İRK83/YP83 (3'') | $99,00"
1,"İRK83/YP83 | Ø65x500,1 mm | $122,00 | $443,00"
1,"İRK83/YP83 | Ø76,2x428,6 mm | $136,00 | $496,00"
1,"İRK83/YP83 | Ø76,2x504,8 mm | $160,00 | $584,00"
1,"İRK93/YP93 | Ø80x463,9 mm | $167,00 | $610,00 | İRK93/YP93 (2,4375'') | $106,00"
1,"İRK93/YP93 | Ø80x540,1 mm | $194,00 | $708,00 | İRK93/YP93 (3'') | $111,00"
1,"İRK93/YP93 | Ø80x468,6 mm | $169,00 | $616,00 | İRK93/YP93 (3,4375'') | $128,00"
1,"İRK93/YP93 | Ø80x544,8 mm | $197,00 | $717,00"
1,"İRK93/YP93 | Ø87,31x525,8 mm | $212,00 | $772,00"
1,"İRK93/YP93 | Ø87,31x627,4 mm | $272,00 | $992,00"
1,"YP103 | Ø90x517,6 mm | $233,00 | $849,00 | İRK103/YP103 (2,4375'') | $157,00"
1,"YP103 | Ø90x593,8 mm | $267,00 | $973,00 | İRK103/YP103 (3'') | $144,00"
1,"YP103 | Ø90x574,8 mm | $258,00 | $941,00 | İRK103/YP103 (3,4375'') | $192,00"
1,"YP103 | Ø90x676,4 mm | $303,00 | $1.107,00"
1,"İRK103 | Ø90x541,6 mm | $243,00 | $887,00 | İRK103/YP103 (2,4375'') | $157,00"
1,"İRK103 | Ø90x617,8 mm | $278,00 | $1.014,00 | İRK103/YP103 (3'') | $144,00"
1,"İRK103 | Ø90x598,8 mm | $268,00 | $979,00 | İRK103/YP103 (3,4375'') | $192,00"
1,"İRK103 | Ø90x700,4 mm | $314,00 | $1.145,00"
1,"İRK123/YP123 | Ø110x629,8 mm | $455,00 | $1.661,00 | İRK123/YP123 (3,4375'') | $348,00"
1,"İRK123/YP123 | Ø110x731,4 mm | $523,00 | $1.908,00"
