page,family,code,torque_nm,price_variant,currency,price
2,,YBF 01,4-8,ÇIPLAK FREN,TL,2488
2,,YBF 01,4-8,MOTORA MONTAJLI SOĞUTMALI SOĞUTMASIZ,TL,4093
2,,YBF 01,4-8,,TL,3549
2,,YBF 01,4-8,T.FLANŞINA MONTAJLI,TL,3161
2,,YBF 01,4-8,IP67 SERİSİ,TL,6139
2,,YBF 02,8-12,ÇIPLAK FREN,TL,2803
2,,YBF 02,8-12,MOTORA MONTAJLI SOĞUTMALI SOĞUTMASIZ,TL,4783
2,,YBF 02,8-12,,TL,4187
2,,YBF 02,8-12,T.FLANŞINA MONTAJLI,TL,3507
2,,YBF 02,8-12,IP67 SERİSİ,TL,7175
2,,YBF 03,16-26,ÇIPLAK FREN,TL,3867
2,,YBF 03,16-26,MOTORA MONTAJLI SOĞUTMALI SOĞUTMASIZ,TL,5923
2,,YBF 03,16-26,,TL,5194
2,,YBF 03,16-26,T.FLANŞINA MONTAJLI,TL,4575
2,,YBF 03,16-26,IP67 SERİSİ,TL,8884
2,,YBF 04,26-48,ÇIPLAK FREN,TL,4980
2,,YBF 04,26-48,MOTORA MONTAJLI SOĞUTMALI SOĞUTMASIZ,TL,7581
2,,YBF 04,26-48,,TL,6724
2,,YBF 04,26-48,T.FLANŞINA MONTAJLI,TL,6269
2,,YBF 04,26-48,IP67 SERİSİ,TL,11372
2,,YBF 05,45-80,ÇIPLAK FREN,TL,6640
2,,YBF 05,45-80,MOTORA MONTAJLI SOĞUTMALI SOĞUTMASIZ,TL,9180
2,,YBF 05,45-80,,TL,8245
2,,YBF 05,45-80,T.FLANŞINA MONTAJLI,TL,7951
2,,YBF 05,45-80,IP67 SERİSİ,TL,13770
2,,YBF 06,80-120,ÇIPLAK FREN,TL,9102
2,,YBF 06,80-120,MOTORA MONTAJLI SOĞUTMALI SOĞUTMASIZ,TL,13061
2,,YBF 06,80-120,,TL,11596
2,,YBF 06,80-120,T.FLANŞINA MONTAJLI,TL,10609
2,,YBF 06,80-120,IP67 SERİSİ,TL,19592
2,,YBF 07,130-240,ÇIPLAK FREN,TL,13484
2,,YBF 07,130-240,MOTORA MONTAJLI SOĞUTMALI SOĞUTMASIZ,TL,19064
2,,YBF 07,130-240,,TL,16851
2,,YBF 07,130-240,T.FLANŞINA MONTAJLI,TL,15394
2,,YBF 07,130-240,IP67 SERİSİ,TL,28596
2,,YBF 08,240-400,ÇIPLAK FREN,TL,20150
2,,YBF 08,240-400,MOTORA MONTAJLI SOĞUTMALI SOĞUTMASIZ,TL,28918
2,,YBF 08,240-400,,TL,26163
2,,YBF 08,240-400,T.FLANŞINA MONTAJLI,TL,23498
2,,YBF 08,240-400,IP67 SERİSİ,TL,43376
2,,YBF 09,370-600,ÇIPLAK FREN,TL,28139
2,,YBF 09,370-600,MOTORA MONTAJLI SOĞUTMALI SOĞUTMASIZ,TL,39842
2,,YBF 09,370-600,,TL,37730
2,,YBF 09,370-600,T.FLANŞINA MONTAJLI,TL,31486
2,,YBF 09,370-600,IP67 SERİSİ,TL,59763
2,,YBF 09A,600-800,ÇIPLAK FREN,TL,31234
2,,YBF 09A,600-800,MOTORA MONTAJLI SOĞUTMALI SOĞUTMASIZ,TL,43459
2,,YBF 09A,600-800,,TL,39994
2,,YBF 09A,600-800,T.FLANŞINA MONTAJLI,TL,34950
2,,YBF 09A,600-800,IP67 SERİSİ,TL,65189
2,,YBF 10,800-1600,ÇIPLAK FREN,TL,91174
2,,YBF 10,800-1600,MOTORA MONTAJLI SOĞUTMALI SOĞUTMASIZ,TL,112868
2,,YBF 10,800-1600,,TL,107503
2,,YBF 10,800-1600,T.FLANŞINA MONTAJLI,TL,99725
2,,YBF 10,800-1600,IP67 SERİSİ,TL,169301
2,,YBF 11,1600-3200,ÇIPLAK FREN,TL,171039
2,,YBF 11,1600-3200,MOTORA MONTAJLI SOĞUTMALI SOĞUTMASIZ,TL,211597
2,,YBF 11,1600-3200,,TL,197767
2,,YBF 11,1600-3200,T.FLANŞINA MONTAJLI,TL,190812
2,,YBF 11,1600-3200,IP67 SERİSİ,TL,317395
3,,YBF 01,,BOBİNLİ STATOR,TL,1907
3,,YBF 01,,DİŞLİ,TL,447
3,,YBF 01,,BALATA,TL,829
3,,YBF 01,,B. STATOR DİŞLİ SETİ,TL,2043
3,,YBF 01,,B. STATOR BALATA SETİ,TL,2228
3,,YBF 01,,MANUEL KOL,TL,629
3,,YBF 01,,TOZ LASTİĞİ,TL,263
3,,YBF 01,,TOZ KEÇESİ,TL,266
3,,YBF 02,,BOBİNLİ STATOR,TL,2200
3,,YBF 02,,DİŞLİ,TL,485
3,,YBF 02,,BALATA,TL,890
3,,YBF 02,,B. STATOR DİŞLİ SETİ,TL,2323
3,,YBF 02,,B. STATOR BALATA SETİ,TL,2519
3,,YBF 02,,MANUEL KOL,TL,645
3,,YBF 02,,TOZ LASTİĞİ,TL,266
3,,YBF 02,,TOZ KEÇESİ,TL,267
3,,YBF 03,,BOBİNLİ STATOR,TL,3151
3,,YBF 03,,DİŞLİ,TL,566
3,,YBF 03,,BALATA,TL,1042
3,,YBF 03,,B. STATOR DİŞLİ SETİ,TL,3294
3,,YBF 03,,B. STATOR BALATA SETİ,TL,3524
3,,YBF 03,,MANUEL KOL,TL,705
3,,YBF 03,,TOZ LASTİĞİ,TL,313
3,,YBF 03,,TOZ KEÇESİ,TL,312
3,,YBF 04,,BOBİNLİ STATOR,TL,4347
3,,YBF 04,,DİŞLİ,TL,694
3,,YBF 04,,BALATA,TL,1584
3,,YBF 04,,B. STATOR DİŞLİ SETİ,TL,4502
3,,YBF 04,,B. STATOR BALATA SETİ,TL,4933
3,,YBF 04,,MANUEL KOL,TL,924
3,,YBF 04,,TOZ LASTİĞİ,TL,392
3,,YBF 04,,TOZ KEÇESİ,TL,394
3,,YBF 05,,BOBİNLİ STATOR,TL,5584
3,,YBF 05,,DİŞLİ,TL,707
3,,YBF 05,,BALATA,TL,1757
3,,YBF 05,,B. STATOR DİŞLİ SETİ,TL,5673
3,,YBF 05,,B. STATOR BALATA SETİ,TL,6202
3,,YBF 05,,MANUEL KOL,TL,1222
3,,YBF 05,,TOZ LASTİĞİ,TL,422
3,,YBF 05,,TOZ KEÇESİ,TL,420
3,,YBF 06,,BOBİNLİ STATOR,TL,7873
3,,YBF 06,,DİŞLİ,TL,893
3,,YBF 06,,BALATA,TL,1992
3,,YBF 06,,B. STATOR DİŞLİ SETİ,TL,7977
3,,YBF 06,,B. STATOR BALATA SETİ,TL,8509
3,,YBF 06,,MANUEL KOL,TL,2250
3,,YBF 06,,TOZ LASTİĞİ,TL,521
3,,YBF 06,,TOZ KEÇESİ,TL,524
3,,YBF 07,,BOBİNLİ STATOR,TL,12577
3,,YBF 07,,DİŞLİ,TL,1176
3,,YBF 07,,BALATA,TL,2302
3,,YBF 07,,B. STATOR DİŞLİ SETİ,TL,12622
3,,YBF 07,,B. STATOR BALATA SETİ,TL,13168
3,,YBF 07,,MANUEL KOL,TL,3362
3,,YBF 07,,TOZ LASTİĞİ,TL,622
3,,YBF 07,,TOZ KEÇESİ,TL,624
3,,YBF 08,,BOBİNLİ STATOR,TL,18434
3,,YBF 08,,DİŞLİ,TL,1966
3,,YBF 08,,BALATA,TL,2784
3,,YBF 08,,B. STATOR DİŞLİ SETİ,TL,19345
3,,YBF 08,,B. STATOR BALATA SETİ,TL,19963
3,,YBF 08,,MANUEL KOL,TL,4970
3,,YBF 08,,TOZ LASTİĞİ,TL,724
3,,YBF 08,,TOZ KEÇESİ,TL,723
3,,YBF 09,,BOBİNLİ STATOR,TL,26070
3,,YBF 09,,DİŞLİ,TL,3191
3,,YBF 09,,BALATA,TL,3270
3,,YBF 09,,B. STATOR DİŞLİ SETİ,TL,27318
3,,YBF 09,,B. STATOR BALATA SETİ,TL,27364
3,,YBF 09,,MANUEL KOL,TL,6774
3,,YBF 09,,TOZ LASTİĞİ,TL,966
3,,YBF 09,,TOZ KEÇESİ,TL,963
3,,YBF 09A,,BOBİNLİ STATOR,TL,29794
3,,YBF 09A,,DİŞLİ,TL,3191
3,,YBF 09A,,BALATA,TL,3270
3,,YBF 09A,,B. STATOR DİŞLİ SETİ,TL,30649
3,,YBF 09A,,B. STATOR BALATA SETİ,TL,30701
3,,YBF 09A,,MANUEL KOL,TL,6774
3,,YBF 09A,,TOZ LASTİĞİ,TL,966
3,,YBF 09A,,TOZ KEÇESİ,TL,963
3,,YBF 10,,BOBİNLİ STATOR,TL,80467
3,,YBF 10,,DİŞLİ,TL,6805
3,,YBF 10,,BALATA,TL,20612
3,,YBF 10,,B. STATOR DİŞLİ SETİ,TL,83060
3,,YBF 10,,B. STATOR BALATA SETİ,TL,88941
3,,YBF 11,,BOBİNLİ STATOR,TL,147509
3,,YBF 11,,DİŞLİ,TL,12491
3,,YBF 11,,BALATA,TL,45220
3,,YBF 11,,B. STATOR DİŞLİ SETİ,TL,155836
3,,YBF 11,,B. STATOR BALATA SETİ,TL,168773
3,,YBF 01,,PASLANMAZ SAC,TL,369
3,,YBF 01,,TESPİT- BASKI FLANŞI,TL,414
3,,YBF 01,,PERVANE MİLİ,TL,369
3,,YBF 01,,TORK AYAR SOMUNU,TL,321
3,,YBF 01,,KENAR AYAR VİDASI (TAKIM),TL,118
3,,YBF 01,,YAY (TAKIM),TL,221
3,,YBF 01,,PİM (TAKIM),TL,65
3,,YBF 01,,BOBİN TAMİR,TL,1084
3,,YBF 02,,PASLANMAZ SAC,TL,406
3,,YBF 02,,TESPİT- BASKI FLANŞI,TL,446
3,,YBF 02,,PERVANE MİLİ,TL,380
3,,YBF 02,,TORK AYAR SOMUNU,TL,336
3,,YBF 02,,KENAR AYAR VİDASI (TAKIM),TL,123
3,,YBF 02,,YAY (TAKIM),TL,218
3,,YBF 02,,PİM (TAKIM),TL,66
3,,YBF 02,,BOBİN TAMİR,TL,1160
3,,YBF 03,,PASLANMAZ SAC,TL,535
3,,YBF 03,,TESPİT- BASKI FLANŞI,TL,532
3,,YBF 03,,PERVANE MİLİ,TL,463
3,,YBF 03,,TORK AYAR SOMUNU,TL,368
3,,YBF 03,,KENAR AYAR VİDASI (TAKIM),TL,159
3,,YBF 03,,YAY (TAKIM),TL,223
3,,YBF 03,,PİM (TAKIM),TL,69
3,,YBF 03,,BOBİN TAMİR,TL,1829
3,,YBF 04,,PASLANMAZ SAC,TL,684
3,,YBF 04,,TESPİT- BASKI FLANŞI,TL,854
3,,YBF 04,,PERVANE MİLİ,TL,897
3,,YBF 04,,TORK AYAR SOMUNU,TL,387
3,,YBF 04,,KENAR AYAR VİDASI (TAKIM),TL,189
3,,YBF 04,,YAY (TAKIM),TL,388
3,,YBF 04,,PİM (TAKIM),TL,104
3,,YBF 04,,BOBİN TAMİR,TL,2806
3,,YBF 05,,PASLANMAZ SAC,TL,706
3,,YBF 05,,TESPİT- BASKI FLANŞI,TL,1460
3,,YBF 05,,PERVANE MİLİ,TL,907
3,,YBF 05,,TORK AYAR SOMUNU,TL,492
3,,YBF 05,,KENAR AYAR VİDASI (TAKIM),TL,236
3,,YBF 05,,YAY (TAKIM),TL,381
3,,YBF 05,,PİM (TAKIM),TL,109
3,,YBF 05,,BOBİN TAMİR,TL,3313
3,,YBF 06,,PASLANMAZ SAC,TL,1065
3,,YBF 06,,TESPİT- BASKI FLANŞI,TL,1681
3,,YBF 06,,PERVANE MİLİ,TL,1017
3,,YBF 06,,TORK AYAR SOMUNU,TL,718
3,,YBF 06,,KENAR AYAR VİDASI (TAKIM),TL,460
3,,YBF 06,,YAY (TAKIM),TL,548
3,,YBF 06,,PİM (TAKIM),TL,164
3,,YBF 06,,BOBİN TAMİR,TL,5187
3,,YBF 07,,PASLANMAZ SAC,TL,2261
3,,YBF 07,,TESPİT- BASKI FLANŞI,TL,1868
3,,YBF 07,,PERVANE MİLİ,TL,1788
3,,YBF 07,,TORK AYAR SOMUNU,TL,1005
3,,YBF 07,,KENAR AYAR VİDASI (TAKIM),TL,917
3,,YBF 07,,YAY (TAKIM),TL,744
3,,YBF 07,,PİM (TAKIM),TL,185
3,,YBF 07,,BOBİN TAMİR,TL,9941
3,,YBF 08,,PASLANMAZ SAC,TL,2977
3,,YBF 08,,TESPİT- BASKI FLANŞI,TL,3408
3,,YBF 08,,PERVANE MİLİ,TL,2687
3,,YBF 08,,TORK AYAR SOMUNU,TL,1356
3,,YBF 08,,KENAR AYAR VİDASI (TAKIM),TL,1191
3,,YBF 08,,YAY (TAKIM),TL,1766
3,,YBF 08,,PİM (TAKIM),TL,233
3,,YBF 08,,BOBİN TAMİR,TL,14162
3,,YBF 09,,PASLANMAZ SAC,TL,3294
3,,YBF 09,,TESPİT- BASKI FLANŞI,TL,4539
3,,YBF 09,,PERVANE MİLİ,TL,5059
3,,YBF 09,,TORK AYAR SOMUNU,TL,7042
3,,YBF 09,,KENAR AYAR VİDASI (TAKIM),TL,1545
3,,YBF 09,,YAY (TAKIM),TL,2800
3,,YBF 09,,PİM (TAKIM),TL,463
3,,YBF 09,,BOBİN TAMİR,TL,19574
3,,YBF 09A,,PASLANMAZ SAC,TL,3294
3,,YBF 09A,,TESPİT- BASKI FLANŞI,TL,4539
3,,YBF 09A,,PERVANE MİLİ,TL,5059
3,,YBF 09A,,TORK AYAR SOMUNU,TL,7042
3,,YBF 09A,,KENAR AYAR VİDASI (TAKIM),TL,1545
3,,YBF 09A,,YAY (TAKIM),TL,3642
3,,YBF 09A,,PİM (TAKIM),TL,463
3,,YBF 09A,,BOBİN TAMİR,TL,20748
3,,YBF 10,,PASLANMAZ SAC,TL,3982
3,,YBF 10,,TESPİT- BASKI FLANŞI,TL,15121
3,,YBF 10,,PERVANE MİLİ,TL,5657
3,,YBF 10,,TORK AYAR SOMUNU,TL,20519
3,,YBF 10,,KENAR AYAR VİDASI (TAKIM),TL,3555
3,,YBF 10,,YAY (TAKIM),TL,5431
3,,YBF 10,,PİM (TAKIM),TL,811
3,,YBF 10,,BOBİN TAMİR,TL,59320
3,,YBF 11,,PASLANMAZ SAC,TL,5483
3,,YBF 11,,TESPİT- BASKI FLANŞI,TL,26305
3,,YBF 11,,PERVANE MİLİ,TL,11855
3,,YBF 11,,TORK AYAR SOMUNU,TL,30447
3,,YBF 11,,KENAR AYAR VİDASI (TAKIM),TL,6412
3,,YBF 11,,YAY (TAKIM),TL,28182
3,,YBF 11,,PİM (TAKIM),TL,2972
3,,YBF 11,,BOBİN TAMİR,TL,113625
4,,DEX 01 71,4-8,FREN FİYATI,EUR,640
4,,DEX 02 80,8-12,FREN FİYATI,EUR,800
4,,DEX 03 90,16-26,FREN FİYATI,EUR,831
4,,DEX 04 100,26-48,FREN FİYATI,EUR,980
4,,DEX 05 112,45-80,FREN FİYATI,EUR,1029
4,,DEX 06 132,80-120,FREN FİYATI,EUR,1277
4,,DEX 07 160,120-240,FREN FİYATI,EUR,1492
4,,DEX 08 180,240-400,FREN FİYATI,EUR,2399
4,,DEX 09 200,370-600,FREN FİYATI,EUR,3460
4,,DEX 09 225,370-600,FREN FİYATI,EUR,4342
4,,DEX 09A 250,600-800,FREN FİYATI,EUR,9816
4,,DEX 10 280,800-1600,FREN FİYATI,EUR,11111
4,,DEX 11 315,1600-3200,FREN FİYATI,EUR,23998
5,AKIM BASKILI FREN,ABF 01,,1.1. DİZAYN,TL,2670
5,AKIM BASKILI FREN,ABF 01,,1.2 DİZAYN,TL,2670
5,AKIM BASKILI FREN,ABF 01,,1.3 DİZAYN,TL,2282
5,AKIM BASKILI FREN,ABF 01,,MOTORA MONTAJLI,TL,4730
5,AKIM BASKILI FREN,ABF 02,,1.1. DİZAYN,TL,3702
5,AKIM BASKILI FREN,ABF 02,,1.2 DİZAYN,TL,3702
5,AKIM BASKILI FREN,ABF 02,,1.3 DİZAYN,TL,2860
5,AKIM BASKILI FREN,ABF 02,,MOTORA MONTAJLI,TL,6056
5,AKIM BASKILI FREN,ABF 03,,1.1. DİZAYN,TL,4181
5,AKIM BASKILI FREN,ABF 03,,1.2 DİZAYN,TL,4181
5,AKIM BASKILI FREN,ABF 03,,1.3 DİZAYN,TL,3542
5,AKIM BASKILI FREN,ABF 03,,MOTORA MONTAJLI,TL,6646
5,AKIM BASKILI FREN,ABF 04,,1.1. DİZAYN,TL,5343
5,AKIM BASKILI FREN,ABF 04,,1.2 DİZAYN,TL,5343
5,AKIM BASKILI FREN,ABF 04,,1.3 DİZAYN,TL,4691
5,AKIM BASKILI FREN,ABF 04,,MOTORA MONTAJLI,TL,7768
5,AKIM BASKILI FREN,ABF 05,,1.1. DİZAYN,TL,10324
5,AKIM BASKILI FREN,ABF 05,,1.2 DİZAYN,TL,10324
5,AKIM BASKILI FREN,ABF 05,,1.3 DİZAYN,TL,7777
5,AKIM BASKILI FREN,ABF 05,,MOTORA MONTAJLI,TL,14508
5,AKIM BASKILI FREN,ABF 06,,1.1. DİZAYN,TL,15317
5,AKIM BASKILI FREN,ABF 06,,1.2 DİZAYN,TL,15317
5,AKIM BASKILI FREN,ABF 06,,1.3 DİZAYN,TL,11637
5,AKIM BASKILI FREN,ABF 06,,MOTORA MONTAJLI,TL,20242
5,AKIM BASKILI FREN,ABF 07,,1.1. DİZAYN,TL,22890
5,AKIM BASKILI FREN,ABF 07,,1.2 DİZAYN,TL,22890
5,AKIM BASKILI FREN,ABF 07,,1.3 DİZAYN,TL,17881
5,AKIM BASKILI FREN,ABF 07,,MOTORA MONTAJLI,TL,28669
5,AKIM BASKILI FREN,ABF 08,,1.1. DİZAYN,TL,29092
5,AKIM BASKILI FREN,ABF 08,,1.2 DİZAYN,TL,29092
5,AKIM BASKILI FREN,ABF 08,,1.3 DİZAYN,TL,24503
5,AKIM BASKILI FREN,ABF 08,,MOTORA MONTAJLI,TL,39032
5,AKIM BASKILI FREN,ABF 09,,1.1. DİZAYN,TL,62940
5,AKIM BASKILI FREN,ABF 09,,1.2 DİZAYN,TL,62940
5,AKIM BASKILI FREN,ABF 09,,1.3 DİZAYN,TL,56800
5,AKIM BASKILI FREN,ABF 09,,MOTORA MONTAJLI,TL,77520
5,AKIM BASKILI KAVRAMA,ABK 01,,1.1 DİZAYN,TL,3517
5,AKIM BASKILI KAVRAMA,ABK 01,,1.3 DİZAYN,TL,3174
5,AKIM BASKILI KAVRAMA,ABK 01,,RULMANLI KAVRAMA 3.1 DİZAYN 3.3 DİZAYN,TL,4051
5,AKIM BASKILI KAVRAMA,ABK 01,,,TL,3714
5,AKIM BASKILI KAVRAMA,ABK 02,,1.1 DİZAYN,TL,4658
5,AKIM BASKILI KAVRAMA,ABK 02,,1.3 DİZAYN,TL,3918
5,AKIM BASKILI KAVRAMA,ABK 02,,RULMANLI KAVRAMA 3.1 DİZAYN 3.3 DİZAYN,TL,5471
5,AKIM BASKILI KAVRAMA,ABK 02,,,TL,4731
5,AKIM BASKILI KAVRAMA,ABK 03,,1.1 DİZAYN,TL,5739
5,AKIM BASKILI KAVRAMA,ABK 03,,1.3 DİZAYN,TL,5173
5,AKIM BASKILI KAVRAMA,ABK 03,,RULMANLI KAVRAMA 3.1 DİZAYN 3.3 DİZAYN,TL,6695
5,AKIM BASKILI KAVRAMA,ABK 03,,,TL,6129
5,AKIM BASKILI KAVRAMA,ABK 04,,1.1 DİZAYN,TL,7395
5,AKIM BASKILI KAVRAMA,ABK 04,,1.3 DİZAYN,TL,6819
5,AKIM BASKILI KAVRAMA,ABK 04,,RULMANLI KAVRAMA 3.1 DİZAYN 3.3 DİZAYN,TL,8999
5,AKIM BASKILI KAVRAMA,ABK 04,,,TL,8423
5,AKIM BASKILI KAVRAMA,ABK 05,,1.1 DİZAYN,TL,14486
5,AKIM BASKILI KAVRAMA,ABK 05,,1.3 DİZAYN,TL,12233
5,AKIM BASKILI KAVRAMA,ABK 05,,RULMANLI KAVRAMA 3.1 DİZAYN 3.3 DİZAYN,TL,16577
5,AKIM BASKILI KAVRAMA,ABK 05,,,TL,14317
5,AKIM BASKILI KAVRAMA,ABK 06,,1.1 DİZAYN,TL,23166
5,AKIM BASKILI KAVRAMA,ABK 06,,1.3 DİZAYN,TL,19909
5,AKIM BASKILI KAVRAMA,ABK 06,,RULMANLI KAVRAMA 3.1 DİZAYN 3.3 DİZAYN,TL,26860
5,AKIM BASKILI KAVRAMA,ABK 06,,,TL,23604
5,AKIM BASKILI KAVRAMA,ABK 07,,1.1 DİZAYN,TL,33259
5,AKIM BASKILI KAVRAMA,ABK 07,,1.3 DİZAYN,TL,28820
5,AKIM BASKILI KAVRAMA,ABK 07,,RULMANLI KAVRAMA 3.1 DİZAYN 3.3 DİZAYN,TL,40035
5,AKIM BASKILI KAVRAMA,ABK 07,,,TL,35602
5,AKIM BASKILI KAVRAMA,ABK 08,,1.1 DİZAYN,TL,64504
5,AKIM BASKILI KAVRAMA,ABK 08,,1.3 DİZAYN,TL,55895
5,AKIM BASKILI KAVRAMA,ABK 08,,RULMANLI KAVRAMA 3.1 DİZAYN 3.3 DİZAYN,TL,74572
5,AKIM BASKILI KAVRAMA,ABK 08,,,TL,65970
5,AKIM BASKILI KAVRAMA,ABK 09,,1.1 DİZAYN,TL,102991
5,AKIM BASKILI KAVRAMA,ABK 09,,1.3 DİZAYN,TL,91705
5,AKIM BASKILI KAVRAMA,ABK 09,,RULMANLI KAVRAMA 3.1 DİZAYN 3.3 DİZAYN,TL,124415
5,AKIM BASKILI KAVRAMA,ABK 09,,,TL,113193
5,AKIM BASKILI FREN VE KAVRAMA GRUBU,ABG 01,,(B5 - B14),TL,21433
5,AKIM BASKILI FREN VE KAVRAMA GRUBU,ABG 01,,AYAKLI,TL,19402
5,AKIM BASKILI FREN VE KAVRAMA GRUBU,ABG 02,,(B5 - B14),TL,25854
5,AKIM BASKILI FREN VE KAVRAMA GRUBU,ABG 02,,AYAKLI,TL,23341
5,AKIM BASKILI FREN VE KAVRAMA GRUBU,ABG 03,,(B5 - B14),TL,29044
5,AKIM BASKILI FREN VE KAVRAMA GRUBU,ABG 03,,AYAKLI,TL,25763
5,AKIM BASKILI FREN VE KAVRAMA GRUBU,ABG 04,,(B5 - B14),TL,39182
5,AKIM BASKILI FREN VE KAVRAMA GRUBU,ABG 04,,AYAKLI,TL,36364
5,AKIM BASKILI FREN VE KAVRAMA GRUBU,ABG 05,,(B5 - B14),TL,53575
5,AKIM BASKILI FREN VE KAVRAMA GRUBU,ABG 05,,AYAKLI,TL,50225
5,AKIM BASKILI FREN VE KAVRAMA GRUBU,ABG 06,,(B5 - B14),TL,93009
5,AKIM BASKILI FREN VE KAVRAMA GRUBU,ABG 06,,AYAKLI,TL,87194
6,TOZLU FREN,ABTF 01,,FREN FİYATI,TL,8644
6,TOZLU FREN,ABTF 01,,CEBRİ FANLI FREN FİYATI,TL,13402
6,TOZLU FREN,ABTF 02,,FREN FİYATI,TL,9794
6,TOZLU FREN,ABTF 02,,CEBRİ FANLI FREN FİYATI,TL,14195
6,TOZLU FREN,ABTF 03,,FREN FİYATI,TL,12277
6,TOZLU FREN,ABTF 03,,CEBRİ FANLI FREN FİYATI,TL,16311
6,TOZLU FREN,ABTF 04,,FREN FİYATI,TL,16585
6,TOZLU FREN,ABTF 04,,CEBRİ FANLI FREN FİYATI,TL,22529
6,TOZLU FREN,ABTF 05,,FREN FİYATI,TL,29950
6,TOZLU FREN,ABTF 05,,CEBRİ FANLI FREN FİYATI,TL,38569
6,TOZLU FREN,ABTF 06,,FREN FİYATI,TL,40031
6,TOZLU FREN,ABTF 06,,CEBRİ FANLI FREN FİYATI,TL,52508
6,TOZLU FREN,ABTF 07,,FREN FİYATI,TL,86836
6,TOZLU FREN,ABTF 07,,CEBRİ FANLI FREN FİYATI,TL,103101
6,TOZLU FREN,ABTF 08,,FREN FİYATI,TL,127955
6,TOZLU FREN,ABTF 08,,CEBRİ FANLI FREN FİYATI,TL,145764
6,TOZLU KAVRAMA,ABTK 01,,KAVRAMA FİYATI,TL,16682
6,TOZLU KAVRAMA,ABTK 02,,KAVRAMA FİYATI,TL,18355
6,TOZLU KAVRAMA,ABTK 03,,KAVRAMA FİYATI,TL,20744
6,TOZLU KAVRAMA,ABTK 04,,KAVRAMA FİYATI,TL,27476
6,TOZLU KAVRAMA,ABTK 05,,KAVRAMA FİYATI,TL,41647
6,TOZLU KAVRAMA,ABTK 06,,KAVRAMA FİYATI,TL,56118
6,TOZLU KAVRAMA,ABTK 07,,KAVRAMA FİYATI,TL,110821
6,TOZLU KAVRAMA,ABTK 08,,KAVRAMA FİYATI,TL,166162
6,TOZLU FREN GERGİ KONTROL SÜRÜCÜSÜ,TFD 01,,SÜRÜCÜ FİYATI,TL,5842
6,TOZLU FREN GERGİ KONTROL SÜRÜCÜSÜ,TFD 02,,SÜRÜCÜ FİYATI,TL,8304
7,SERVO MOTOR FRENLERİ,SMF 02,,FREN FİYATI,TL,5230
7,SERVO MOTOR FRENLERİ,SMF 04,,FREN FİYATI,TL,5404
7,SERVO MOTOR FRENLERİ,SMF 06,,FREN FİYATI,TL,5570
7,SERVO MOTOR FRENLERİ,SMF 08,,FREN FİYATI,TL,5782
7,SERVO MOTOR FRENLERİ,SMF 10,,FREN FİYATI,TL,7021
7,SERVO MOTOR FRENLERİ,SMF 12,,FREN FİYATI,TL,8579
7,SERVO MOTOR FRENLERİ,SMF 14,,FREN FİYATI,TL,9098
7,SERVO MOTOR FRENLERİ,SMF 16,,FREN FİYATI,TL,9860
7,SERVO MOTOR FRENLERİ,SMF 18,,FREN FİYATI,TL,10834
7,SERVO MOTOR FRENLERİ,SMF 20,,FREN FİYATI,TL,11580
7,SERVO MOTOR FRENLERİ,SMF 22,,FREN FİYATI,TL,12361
7,SERVO MOTOR FRENLERİ,SMF 24,,FREN FİYATI,TL,14475
7,SERVO MOTOR FRENLERİ,SMF 26,,FREN FİYATI,TL,19238
7,SERVO MOTOR FRENLERİ,SMF 28,,FREN FİYATI,TL,25423
7,DOĞAL MIKNATISLI FRENLER,DMF 01,,1.1 - 1.2 DİZAYN,TL,7486
7,DOĞAL MIKNATISLI FRENLER,DMF 01,,1.3 DİZAYN,TL,6153
7,DOĞAL MIKNATISLI FRENLER,DMF 02,,1.1 - 1.2 DİZAYN,TL,8079
7,DOĞAL MIKNATISLI FRENLER,DMF 02,,1.3 DİZAYN,TL,6611
7,DOĞAL MIKNATISLI FRENLER,DMF 03,,1.1 - 1.2 DİZAYN,TL,8898
7,DOĞAL MIKNATISLI FRENLER,DMF 03,,1.3 DİZAYN,TL,7199
7,DOĞAL MIKNATISLI FRENLER,DMF 05,,1.1 - 1.2 DİZAYN,TL,10589
7,DOĞAL MIKNATISLI FRENLER,DMF 05,,1.3 DİZAYN,TL,8534
7,DOĞAL MIKNATISLI FRENLER,DMF 06,,1.1 - 1.2 DİZAYN,TL,11957
7,DOĞAL MIKNATISLI FRENLER,DMF 06,,1.3 DİZAYN,TL,9615
7,DOĞAL MIKNATISLI FRENLER,DMF 07,,1.1 - 1.2 DİZAYN,TL,19206
7,DOĞAL MIKNATISLI FRENLER,DMF 07,,1.3 DİZAYN,TL,15739
7,DOĞAL MIKNATISLI FRENLER,DMF 08,,1.1 - 1.2 DİZAYN,TL,20369
7,DOĞAL MIKNATISLI FRENLER,DMF 08,,1.3 DİZAYN,TL,16808
7,DOĞAL MIKNATISLI FRENLER,DMF 09,,1.1 - 1.2 DİZAYN,TL,26015
7,DOĞAL MIKNATISLI FRENLER,DMF 09,,1.3 DİZAYN,TL,21725
7,DOĞAL MIKNATISLI FREN VE KAVRAMA GRUBU,PERMAG 05,,(B5 - B14),TL,87883
7,DOĞAL MIKNATISLI FREN VE KAVRAMA GRUBU,PERMAG 05,,AYAKLI,TL,75033
