page,ie_class,power_kw,motor_type,price_tl
3,IE2,0.18,M22D 71 M 2a,5598
3,IE2,0.25,M22D 71 M 2b,5833
3,IE2,0.37,M22D 71 M 2c,5910
3,IE2,0.55,M22D 71 M 2d,6125
3,IE2,0.37,M22D 80 M 2a,6841
3,IE2,0.55,M22D 80 M 2b,7134
3,IE2,0.75,M22D 80 M 2c,7314
3,IE2,1.1,M22D 80 M 2d,7639
3,IE2,0.12,M22D 71 M 4a,5681
3,IE2,0.18,M22D 71 M 4b,5794
3,IE2,0.25,M22D 71 M 4c,6153
3,IE2,0.37,M22D 71 M 4d,6564
3,IE2,0.37,M22D 80 M 4a,7097
3,IE2,0.55,M22D 80 M 4b,8265
3,IE2,0.75,M22D 80 H 4c,9424
4,IE2,0.18,MS22D 71 M 2a,6735
4,IE2,0.25,MS22D 71 M 2b,7103
4,IE2,0.37,MS22D 71 M 2c,7290
4,IE2,0.55,MS22D 71 M 2d,7985
4,IE2,0.37,MS22D 80 M 2a,8082
4,IE2,0.55,MS22D 80 M 2b,8371
4,IE2,0.75,MS22D 80 M 2c,9049
4,IE2,1.1,MS22D 80 M 2d,9818
4,IE2,0.75,MS22D 90 S 2a,10777
4,IE2,1.1,MS22D 90 S 2b,11158
4,IE2,1.5,MS22D 90 S 2c,11931
4,IE2,1.8,MS22D 90 L 2d,12317
4,IE2,2.2,MS22D 90 L 2e,13315
4,IE2,0.12,MS22D 71 M 4a,6939
4,IE2,0.18,MS22D 71 M 4b,7125
4,IE2,0.25,MS22D 71 M 4c,7552
4,IE2,0.37,MS22D 71 M 4d,8022
4,IE2,0.37,MS22D 80 M 4a,8850
4,IE2,0.55,MS22D 80 M 4b,10024
4,IE2,0.75,MS22D 80 H 4c,10165
4,IE2,0.55,MS22D 90 S 4a,10393
4,IE2,0.75,MS22D 90 S 4b,10737
4,IE2,1.1,MS22D 90 S 4c,11546
4,IE2,1.5,MS22D 90 L 4d,12351
4,IE2,1.8,MS22D 100 L 4a,16435
4,IE2,2.2,MS22D 100 L 4b,17512
5,IE2,0.18,MK22D 71 M 2a,6852
5,IE2,0.25,MK22D 71 M 2b,6972
5,IE2,0.37,MK22D 71 M 2c,7177
5,IE2,0.55,MK22D 71 M 2d,7464
5,IE2,0.37,MK22D 80 M 2a,7813
5,IE2,0.55,MK22D 80 M 2b,7935
5,IE2,0.75,MK22D 80 M 2c,9378
5,IE2,1.1,MK22D 80 M 2d,9559
5,IE2,0.75,MK22D 90 S 2a,9738
5,IE2,1.1,MK22D 90 L 2b,10530
5,IE2,1.5,MK22D 90 L 2c,11363
5,IE2,1.8,MK22D 90 H 2d,12443
5,IE2,2.2,MK22D 90 H 2e,12985
5,IE2,0.12,MK22D 71 M 4a,7170
5,IE2,0.18,MK22D 71 M 4b,7253
5,IE2,0.25,MK22D 71 M 4c,7407
5,IE2,0.37,MK22D 71 M 4d,7685
5,IE2,0.37,MK22D 80 M 4a,8838
5,IE2,0.55,MK22D 80 M 4b,9774
5,IE2,0.55,MK22D 90 S 4a,10817
5,IE2,0.75,MK22D 90 L 4b,11097
5,IE2,1.1,MK22D 90 H 4c,11474
5,IE2,1.5,MK22D 90 H 4d,12263
5,IE2,1.8,MK22D 100 L 4a,16229
5,IE2,2.2,MK22D 100 H 4b,17144
7,IE2,0.55,M2DEL.F 90 S 4e Kuyruk Milli,7
9,IE2,0.18,AGM2E 63 M 2a,4428
9,IE2,0.25,AGM2E 63 M 2b,4763
9,IE2,0.37,AGM2EL 71 M 2a,4914
9,IE2,0.55,AGM2EL 71 M 2b,5059
9,IE2,0.12,AGM2E 63 M 4a,4254
9,IE2,0.18,AGM2E 63 M 4b,4547
9,IE2,0.25,AGM2EL 71 M 4a,4777
9,IE2,0.37,AGM2EL 71 M 4b,5126
9,IE2,0.55,AGM2EL 80 M 4a,6228
9,IE2,0.18,AGM2EL 71 M 6a,5554
9,IE2,0.25,AGM2EL 71 M 6b,5985
9,IE2,0.37,AGM2EL 80 M 6a,6472
9,IE2,0.55,AGM2EL 80 M 6b,7638
9,IE1,0.09,AGMEL 71 M 8a,7979
9,IE2,0.12,AGM2EL 71 M 8b,8139
9,IE2,0.18,AGM2EL 80 M 8a,8697
9,IE2,0.25,AGM2EL 80 M 8b,9778
9,IE2,0.37,AGM2EL 90 S 8a,9830
9,IE2,0.55,AGM2EL 90 L 8b,11448
10,IE3,0.18,AGM3E 63 M 2a,4869
10,IE3,0.25,AGM3E 63 M 2b,5027
10,IE3,0.37,AGM3EL 71 M 2a,5434
10,IE3,0.55,AGM3EL 71 M 2b,5618
10,IE3,0.75,AGM3EL 80 M 2a,6431
10,IE3,1.1,AGM3EL 80 M 2b,6714
10,IE3,1.5,AGM3EL 90 S 2a,7995
10,IE3,2.2,AGM3EL 90 L 2b,8965
10,IE3,5.5,AGM3EL 132 S 2a,22676
10,IE3,7.5,AGM3EL 132 M 2b,24799
10,IE3,18.5,AGM3EL 160 L 2c,46692
11,IE3,0.25,AGM3EL 71 M 4a,5746
11,IE3,0.37,AGM3EL 71 M 4b,5904
11,IE3,0.55,AGM3EL 80 M 4a,7089
11,IE3,0.75,AGM3EL 80 M 4b,7890
11,IE3,1.1,AGM3EL 90 S 4a,9097
11,IE3,1.5,AGM3EL 90 L 4b,10122
11,IE3,2.2,AGM3EL 100 L 4a,12448
11,IE3,5.5,AGM3EL 132 S 4a,22657
11,IE3,7.5,AGM3EL 132 M 4b,26498
11,IE3,18.5,AGM3EL 180 M 4a,60131
12,IE3,0.18,AGM3EL 71 M 6a,6493
12,IE3,0.37,AGM3EL 80 M 6a,7625
12,IE3,0.55,AGM3EL 80 H 6b,7719
12,IE3,0.75,AGM3EL 90 S 6a,8507
12,IE3,1.1,AGM3EL 90 L 6b,10093
12,IE3,1.5,AGM3EL 100 L 6a,11916
12,IE3,2.2,AGM3EL 112 M 6a,15686
12,IE3,5.5,AGM3EL 132 M 6c,28031
12,IE3,7.5,AGM3EL 160 M 6a,38898
12,IE3,18.5,AGM3EL 200 L 6a,71484
12,IE3,0.12,AGM3EL 71 M 8b,8622
12,IE3,0.18,AGM3EL 80 M 8a,8904
12,IE3,0.25,AGM3EL 80 M 8b,9996
12,IE3,0.37,AGM3EL 90 S 8a,10592
12,IE3,0.55,AGM3EL 90 L 8b,11924
12,IE3,0.75,AGM3EL 100 L 8a,14964
12,IE3,1.1,AGM3EL 100 L 8b,17302
12,IE3,1.5,AGM3EL 112 M 8a,19329
12,IE3,2.2,AGM3EL 132 S 8a,34976
12,IE3,5.5,AGM3EL 160 M 8b,55434
12,IE3,7.5,AGM3EL 160 L 8c,63698
12,IE3,18.5,AGM3EL 225 S 8a,115818
14,IE4,0.37,AGM4EL 71 M 2a,5699
14,IE4,0.55,AGM4EL 71 M 2b,6023
14,IE4,0.75,AGM4EL 80 M 2a,7784
14,IE4,1.1,AGM4EL 80 H 2b,8291
14,IE4,1.5,AGM4EL 90 L 2a,9461
14,IE4,2.2,AGM4EL 90 L 2b,10448
14,IE4,5.5,AGM4EL 132 S 2a,26824
14,IE4,7.5,AGM4EL 132 M 2b,31542
14,IE4,18.5,AGM4EL 160 L 2c,58447
14,IE4,0.55,AGM4EL 80 H 4a,9057
14,IE4,1.1,AGM4EL 90 L 4a,10462
14,IE4,1.5,AGM4EL 90 H 4b,11278
14,IE4,7.5,AGM4EL 160 M 4e,48132
14,IE4,18.5,AGM4EL 180 M 4a,68125
15,IE4,0.18,AGM4EL 71 M 6a,6981
15,IE4,0.37,AGM4EL 80 H 6a,8275
15,IE4,0.75,AGM4EL 90 S 6a,9625
15,IE4,1.1,AGM4EL 90 H 6b,11591
15,IE4,1.5,AGM4EL 100 H 6a,15670
15,IE4,2.2,AGM4EL 112 H 6a,20684
15,IE4,5.5,AGM4EL 132 M 6c,34916
15,IE4,7.5,AGM4EL 160 M 6a,48448
15,IE4,18.5,AGM4EL 200 L 6a,95849
15,IE4,0.37,AGM4EL 90 S 8a,11026
15,IE4,0.55,AGM4EL 90 H 8b,13065
15,IE4,0.75,AGM4EL 100 L 8a,16637
15,IE4,1.1,AGM4EL 100 H 8b,18987
15,IE4,1.5,AGM4EL 112 H 8a,21252
15,IE4,2.2,AGM4EL 132 S 8a,43054
15,IE4,5.5,AGM4EL 160 M 8b,69976
15,IE4,7.5,AGM4EL 160 L 8c,83146
16,IE-,0.3/0.44,AGM 71 M 4/2b,10769
16,IE-,0.5/0.6,AGMEL 80 M 4/2a,10427
16,IE-,0.7/0.85,AGMEL 80 M 4/2b,10856
16,IE-,1.3/1.8,AGMEL 90 L 4/2b,13376
16,IE-,1.8/2.2,AGMEL 100 L 4/2a,15772
16,IE-,3.7/4.5,AGMEL 112 M 4/2a,22331
16,IE-,4.5/5.5,AGMEL 132 S 4/2a,26637
16,IE-,6.3/7.5,AGMEL 132 M 4/2b,30833
16,IE-,7.13/9.75,C.AGMEL 132 M 4/2c,39424
16,IE-,0.17/0.75,V.AGMEL 80 M 4/2a,10697
16,IE-,0.66/2.7,V.AGMEL 100 L 4/2a,17123
17,IE-,0.26/0.37,AGMEL 80 M 8/4a,11444
17,IE-,0.35/0.55,AGMEL 80 M 8/4b,12151
17,IE-,0.4/0.7,AGMEL 90 S 8/4a,13165
17,IE-,0.6/0.9,AGMEL 90 L 8/4b,13974
17,IE-,0.75/1.1,AGMEL 100 L 8/4a,15174
17,IE-,1.5/2.6,AGMEL 112 M 8/4a,18491
17,IE-,2.2/3.4,AGMEL 132 S 8/4a,25288
17,IE-,3.5/5.5,AGMEL 132 M 8/4b,34900
17,IE-,5.5/7.5,AGMEL 160 M 8/4b,55310
17,IE-,0.6/2.5,V.AGMEL 100 L 8/4b,18580
19,IE3,5.5,GM3EL 132 S 2a,28808
19,IE3,7.5,GM3EL 132 M 2b,31419
19,IE3,18.5,GM3EL 160 L 2c,56377
20,IE3,5.5,GM3EL 132 S 4a,29768
20,IE3,7.5,GM3EL 132 M 4b,34106
20,IE3,18.5,GM3EL 180 M 4a,68976
21,IE3,5.5,GM3EL 132 M 6c,33630
21,IE3,7.5,GM3EL 160 M 6a,49586
21,IE3,18.5,GM3EL 200 L 6a,89534
22,IE3,2.2,GM3EL 132 S 8a,40723
22,IE3,5.5,GM3EL 160 M 8b,64094
22,IE3,7.5,GM3EL 160 L 8c,71861
22,IE3,18.5,GM3EL 225 S 8a,129831
24,IE4,5.5,GM4EL 132 S 2a,34265
24,IE4,7.5,GM4EL 132 M 2b,38820
24,IE4,18.5,GM4EL 160 L 2c,75360
25,IE4,7.5,GM4EL 160 M 4e,57428
25,IE4,18.5,GM4EL 180 M 4a,83812
26,IE4,5.5,GM4EL 132 M 6c,39971
26,IE4,7.5,GM4EL 160 M 6a,57808
26,IE4,18.5,GM4EL 200 L 6a,107679
26,IE4,5.5,GM4EL 160 M 8b,88219
26,IE4,7.5,GM4EL 160 L 8c,97904
27,IE-,4.5/5.5,GMEL 132 S 4/2a,32821
27,IE-,6.3/7.5,GMEL 132 M 4/2b,38613
27,IE-,7.13/9.75,C.GMEL 132 M 4/2c,44451
27,IE-,2.2/3.4,GMEL 132 S 8/4a,31439
27,IE-,3.5/5.5,GMEL 132 M 8/4b,41207
27,IE-,5.5/7.5,GMEL 160 M 8/4b,63432
29,IE3,5.5,COM3A 132 S 2a,23809
29,IE3,7.5,COM3A 132 M 2b,26039
29,IE3,18.5,COM3A 160 L 2c,49027
29,IE3,5.5,COM3A 132 S 4a,23790
29,IE3,7.5,COM3A 132 M 4b,27823
29,IE3,18.5,COM3A 180 M 4a,63139
30,IE3,5.5,COM3P 132 S 2a,29688
30,IE3,7.5,COM3P 132 M 2b,32991
30,IE3,18.5,COM3P 160 L 2c,59196
31,IE3,5.5,COM3P 132 S 4a,31258
31,IE3,7.5,COM3P 132 M 4b,35812
31,IE3,18.5,COM3P 180 M 4a,72425
33,IE3,0.75,C.AGM3EL 71 M 2c,6334
33,IE3,1.5,C.AGM3EL 80 H 2c,8088
33,IE3,5.5,C.AGM3EL 112 M 2b,19596
33,IE3,9.2,C.AGM3EL 132 M 2c,30569
33,IE3,9.2,C.GM3EL 132 M 2c,36239
34,IE3,1.1,C.AGM3EL 80 H 4c,9008
34,IE3,2.2,C.AGM3EL 90 H 4c,10932
34,IE3,9.2,C.AGM3EL 132 M 4c,34772
34,IE3,9.2,C.GM3EL 132 M 4c,40656
34,IE3,18.5,C.AGM3EL 160 H 4c,61811
34,IE3,18.5,C.GM3EL 160 H 4c,67201
34,IE3,72.5,C.GM3E 250 H 4d,231600
34,IE3,72.5,C.AGM3EL 250 H 4d,218463
34,IE3,72.5,C.GM3E 280 H 6d,290765
38,IE3,0.75,GM3F3 80 M 2a,12766
38,IE3,1.1,GM3F3 80 M 2b,13000
38,IE3,1.5,GM3F3 90 S 2a,13847
38,IE3,2.2,GM3F3 90 L 2b,14775
38,IE3,5.5,GM3F3 132 S 2a,32929
38,IE3,7.5,GM3F3 132 M 2b,36454
38,IE3,18.5,GM3F3 160 L 2c,62653
38,IE3,0.75,GM3F3 80 M 4b,15034
38,IE3,1.1,GM3F3 90 S 4a,16043
38,IE3,1.5,GM3F3 90 L 4b,16260
38,IE3,2.2,GM3F3 100 L 4a,21183
38,IE3,5.5,GM3F3 132 S 4a,35573
38,IE3,7.5,GM3F3 132 M 4b,41483
38,IE3,18.5,GM3F3 180 M 4a,87899
39,IE-,0.17/0.75,V.GMF3 80 M 4/2a,16610
39,IE-,0.33/1.3,V.GMF3 90 S 4/2a,19022
39,IE-,0.66/2.7,V.GMF3 100 L 4/2a,25918
39,IE-,0.9/3.6,V.GMF3 112 M 4/2a,30111
39,IE-,0.12/0.5,V.GMF3 80 M 8/4a,17276
39,IE-,0.18/0.75,V.GMF3 80 M 8/4b,17643
39,IE-,0.33/1.4,V.GMF3 90 L 8/4b,21867
39,IE-,0.6/2.5,V.GMF3 100 L 8/4b,30011
41,IE2,0.55,ATX2EL 71 M 2b,7274
41,IE3,0.75,ATX3EL 80 M 2a,8175
41,IE3,1.1,ATX3EL 80 M 2b,8630
41,IE3,1.5,ATX3EL 90 S 2a,10677
41,IE3,2.2,ATX3EL 90 L 2b,11973
41,IE3,5.5,ATX3EL 132 S 2a,26360
41,IE3,7.5,ATX3EL 132 M 2b,29321
41,IE3,18.5,ATX3EL 160 L 2c,55952
42,IE2,0.55,ATX2EL 80 M 4a,7983
42,IE3,0.75,ATX3EL 80 H 4b,9409
42,IE3,1.1,ATX3EL 90 S 4a,11099
42,IE3,1.5,ATX3EL 90 L 4b,13238
42,IE3,2.2,ATX3EL 100 L 4a,15884
42,IE3,5.5,ATX3EL 132 S 4a,26167
42,IE3,7.5,ATX3EL 132 M 4b,30603
42,IE3,18.5,ATX3EL 180 M 4a,65141
43,IE3,0.75,ATX3EL 90 S 6a,10601
43,IE3,1.5,ATX3EL 100 L 6a,14855
43,IE3,2.2,ATX3EL 112 M 6a,20195
43,IE3,7.5,ATX3EL 160 M 6a,48157
43,IE3,18.5,ATX3EL 200 L 6a,83459
43,IE3,0.18,ATX3EL 80 M 8a,10855
43,IE3,0.37,ATX3EL 90 S 8a,13405
43,IE3,0.75,ATX3EL 100 L 8a,18938
43,IE3,1.5,ATX3EL 112 M 8a,25860
43,IE3,2.2,ATX3EL 132 S 8a,43198
43,IE3,18.5,ATX3EL 225 S 8a,126928
46,IE2,0.37,GG2Exd 71 M 2a,321
46,IE3,0.55,GG3Exd 71 M 2b,346
46,IE3,0.75,GG3Exd 80 M 2a,383
46,IE3,1.1,GG3Exd 80 M 2b,424
46,IE3,1.5,GG3Exd 90 S 2a,474
46,IE3,2.2,GG3Exd 90 L 2b,495
46,IE3,5.5,GG3Exd 132 S 2a,1015
46,IE3,7.5,GG3Exd 132 M 2b,1148
46,IE3,18.5,GG3Exd 160 L 2c,1886
47,IE2,0.25,GG2Exd 71 M 4a,329
47,IE2,0.37,GG2Exd 71 M 4b,340
47,IE2,0.55,C.GG2Exd 71 M 4c,349
47,IE3,0.55,GG3Exd 80 M 4a,398
47,IE3,0.75,GG3Exd 80 M 4b,407
47,IE3,1.1,GG3Exd 90 S 4a,504
47,IE3,1.5,GG3Exd 90 L 4b,547
47,IE3,2.2,GG3Exd 100 L 4a,626
47,IE3,5.5,GG3Exd 132 S 4a,996
47,IE3,7.5,GG3Exd 132 M 4b,1189
47,IE3,18.5,GG3Exd 180 M 4a,2004
48,IE2,0.18,GG2Exd 71 M 6a,315
48,IE2,0.25,GG2Exd 71 M 6b,347
48,IE2,0.37,GG2Exd 80 M 6a,417
48,IE2,0.55,GG2Exd 80 M 6b,442
48,IE3,0.75,GG3Exd 90 S 6a,549
48,IE3,1.1,GG3Exd 90 L 6b,644
48,IE3,1.5,GG3Exd 100 L 6a,711
48,IE3,2.2,GG3Exd 112 M 6a,800
48,IE3,5.5,GG3Exd 132 M 6c,1541
48,IE3,7.5,GG3Exd 160 M 6a,2034
48,IE3,18.5,GG3Exd 200 L 6a,3100
49,IE3,0.18,GG3Exd 80 M 8a,445
49,IE3,0.25,GG3Exd 80 M 8b,503
49,IE3,0.37,GG3Exd 90 S 8a,643
49,IE3,0.55,GG3Exd 90 S 8b,685
49,IE3,0.75,GG3Exd 100 L 8a,791
49,IE3,1.1,GG3Exd 100 H 8b,978
49,IE3,1.5,GG3Exd 112 M 8a,1079
49,IE3,2.2,GG3Exd 132 S 8a,1181
49,IE3,5.5,GG3Exd 160 M 8b,1788
49,IE3,7.5,GG3Exd 160 L 8c,2066
49,IE3,18.5,GG3Exd 225 M 8a,4805
