currency,page,table,cells
TL,1,,M | A | - | M | K | S | er | is | i
TL,1,,Fi | ya | t | Li | st | es | i
TL,1,,F0 | 0
TL,1,,2 | 6. | 0 | 1. | 20 | 2 | 6
TL,1,,2 | 02 | 6
TL,2,MAE / MKE SERİSİ ÇOKLU KAMA FİYAT LİSTESİ (TL,REDÜKTÖR TİPİ | DIN 5480 | ÇAP (Ø) | FİYAT (TL)
TL,2,MAE / MKE SERİSİ ÇOKLU KAMA FİYAT LİSTESİ (TL,"MAE /MKE …4 | N60x2x30x28x9H | Ø60 | 12.089,00"
TL,2,MAE / MKE SERİSİ ÇOKLU KAMA FİYAT LİSTESİ (TL,"MAE /MKE …5 | N70x3x30x22x9H | Ø70 | 12.924,00"
TL,2,MAE / MKE SERİSİ ÇOKLU KAMA FİYAT LİSTESİ (TL,"MAE /MKE …6 | N80x3x30x25x9H | Ø80 | 14.868,00"
TL,2,MAE / MKE SERİSİ ÇOKLU KAMA FİYAT LİSTESİ (TL,"MAE /MKE …7 | N90x3x30x28x9H | Ø90 | 18.328,00"
TL,2,MAE / MKE SERİSİ ÇOKLU KAMA FİYAT LİSTESİ (TL,"MAE /MKE …8 | N100x4x30x24x9H | Ø100 | 23.438,00"
TL,2,MAE / MKE SERİSİ ÇOKLU KAMA FİYAT LİSTESİ (TL,"MAE /MKE …9 | N110x4x30x26x9H | Ø110 | 28.835,00"
TL,2,MAE / MKE SERİSİ ÇOKLU KAMA FİYAT LİSTESİ (TL,"MAE /MKE …10 | N120x4x30x28x9H | Ø120 | 36.979,00"
TL,2,MAE / MKE SERİSİ ÇOKLU KAMA FİYAT LİSTESİ (TL,"MAE /MKE …11 | N130x4x30x31x9H | Ø130 | 43.030,00"
TL,2,MAE / MKE SERİSİ ÇOKLU KAMA FİYAT LİSTESİ (TL,"MAE /MKE …12 | N140x4x30x34x9H | Ø140 | 53.670,00"
TL,2,MA / MK SERİSİ ÇOKLU KAMALI ÇIKIŞ MİLİ FİYAT ,REDÜKTÖR TİPİ | ÇIKIŞ MİLİ (TL) | TAMBUR BAĞLANTI FLANŞI (TL)
TL,2,MA / MK SERİSİ ÇOKLU KAMALI ÇIKIŞ MİLİ FİYAT ,"MA /MK …4 | 10.446,00 | 6.937,00"
TL,2,MA / MK SERİSİ ÇOKLU KAMALI ÇIKIŞ MİLİ FİYAT ,"MA /MK …5 | 13.512,00 | 8.971,00"
TL,2,MA / MK SERİSİ ÇOKLU KAMALI ÇIKIŞ MİLİ FİYAT ,"MA /MK …6 | 15.735,00 | 10.455,00"
TL,2,MA / MK SERİSİ ÇOKLU KAMALI ÇIKIŞ MİLİ FİYAT ,"MA /MK …7 | 19.242,00 | 12.811,00"
TL,2,MA / MK SERİSİ ÇOKLU KAMALI ÇIKIŞ MİLİ FİYAT ,"MA /MK …8 | 24.728,00 | 16.315,00"
TL,2,MA / MK SERİSİ ÇOKLU KAMALI ÇIKIŞ MİLİ FİYAT ,"MA /MK …9 | 30.392,00 | 20.160,00"
TL,2,MA / MK SERİSİ ÇOKLU KAMALI ÇIKIŞ MİLİ FİYAT ,"MA /MK …10 | 38.785,00 | 25.416,00"
TL,2,MA / MK SERİSİ ÇOKLU KAMALI ÇIKIŞ MİLİ FİYAT ,"MA /MK …11 | 44.893,00 | 29.669,00"
TL,2,MA / MK SERİSİ ÇOKLU KAMALI ÇIKIŞ MİLİ FİYAT ,"MA /MK …12 | 55.744,00 | 37.003,00"
TL,2,MEKANİK KİLİT (MA/MK SERİSİ),MEKANİK KİLİT (MA/MK SERİSİ) | FİYAT (TL)
TL,2,MEKANİK KİLİT (MA/MK SERİSİ),"MA /MK …4 | 27.075,00"
TL,2,MEKANİK KİLİT (MA/MK SERİSİ),"MA /MK …5 | 31.193,00"
TL,2,MEKANİK KİLİT (MA/MK SERİSİ),"MA /MK …6 | 31.193,00"
TL,2,MEKANİK KİLİT (MA/MK SERİSİ),"MA /MK …7 | 36.541,00"
TL,2,MEKANİK KİLİT (MA/MK SERİSİ),"MA /MK …8 | 36.541,00"
TL,2,MEKANİK KİLİT (MA/MK SERİSİ),"MA /MK …9 | 39.554,00"
TL,2,MEKANİK KİLİT (MA/MK SERİSİ),"MA /MK …10 | 39.554,00"
TL,2,MEKANİK KİLİT (MA/MK SERİSİ),"MA /MK …11 | 51.024,00"
TL,2,MEKANİK KİLİT (MA/MK SERİSİ),"MA /MK …12 | 51.024,00"
TL,3,ÖZEL İSTEK FİYAT FARKLARI - 2,CEBRİ YAĞLAMA (MA/MK…. SERİSİ) | FİYAT (TL) | SERPANTİN SOĞUTMA (MA/MK…. SERİSİ) | FİYAT (TL)
TL,3,ÖZEL İSTEK FİYAT FARKLARI - 2,"MA /MK 4… | 11.678,00 | MA /MK 4… | 22.873,00"
TL,3,ÖZEL İSTEK FİYAT FARKLARI - 2,"MA /MK 5... | 13.480,00 | MA /MK 5... | 24.511,00"
TL,3,ÖZEL İSTEK FİYAT FARKLARI - 2,"MA /MK 6… | 13.578,00 | MA /MK 6… | 29.003,00"
TL,3,ÖZEL İSTEK FİYAT FARKLARI - 2,"MA /MK 7… | 15.533,00 | MA /MK 7… | 32.996,00"
TL,3,ÖZEL İSTEK FİYAT FARKLARI - 2,"MA /MK 8… | 15.533,00 | MA /MK 8… | 41.211,00"
TL,3,ÖZEL İSTEK FİYAT FARKLARI - 2,"MA /MK 9… | 19.334,00 | MA /MK 9… | 49.009,00"
TL,3,ÖZEL İSTEK FİYAT FARKLARI - 2,"MA /MK 10… | 19.334,00 | MA /MK 10… | 56.697,00"
TL,3,ÖZEL İSTEK FİYAT FARKLARI - 2,"MA /MK 11… | 32.358,00 | MA /MK 11… | 70.869,00"
TL,3,ÖZEL İSTEK FİYAT FARKLARI - 2,"MA /MK 12… | 32.358,00 | MA /MK 12… | 82.868,00"
TL,3,FAN SOĞUTMA (MA…. SERİSİ),FAN SOĞUTMA (MA…. SERİSİ) | FİYAT (TL)
TL,3,FAN SOĞUTMA (MA…. SERİSİ),"MA 4… | 13.100,00"
TL,3,FAN SOĞUTMA (MA…. SERİSİ),"MA 5... | 17.212,00"
TL,3,FAN SOĞUTMA (MA…. SERİSİ),"MA 6… | 17.212,00"
TL,3,FAN SOĞUTMA (MA…. SERİSİ),"MA 7… | 22.989,00"
TL,3,FAN SOĞUTMA (MA…. SERİSİ),"MA 8… | 22.989,00"
TL,3,FAN SOĞUTMA (MA…. SERİSİ),"MA 9… | 34.312,00"
TL,3,FAN SOĞUTMA (MA…. SERİSİ),"MA 10… | 34.312,00"
TL,3,FAN SOĞUTMA (MA…. SERİSİ),"MA 11… | 47.234,00"
TL,3,FAN SOĞUTMA (MA…. SERİSİ),"MA 12… | 47.234,00"
TL,3,FAN SOĞUTMA (MK…..SERİSİ),FAN SOĞUTMA (MK…..SERİSİ) | FİYAT (TL)
TL,3,FAN SOĞUTMA (MK…..SERİSİ),"MK 4… | 19.069,00"
TL,3,FAN SOĞUTMA (MK…..SERİSİ),"MK 5... | 23.430,00"
TL,3,FAN SOĞUTMA (MK…..SERİSİ),"MK 6… | 23.430,00"
TL,3,FAN SOĞUTMA (MK…..SERİSİ),"MK 7… | 31.122,00"
TL,3,FAN SOĞUTMA (MK…..SERİSİ),"MK 8… | 31.122,00"
TL,3,FAN SOĞUTMA (MK…..SERİSİ),"MK 9… | 44.630,00"
TL,3,FAN SOĞUTMA (MK…..SERİSİ),"MK 10… | 44.630,00"
TL,3,FAN SOĞUTMA (MK…..SERİSİ),"MK 11… | 59.382,00"
TL,3,FAN SOĞUTMA (MK…..SERİSİ),"MK 12… | 59.382,00"
TL,3,BORULU EŞANJÖR SOĞUTMA (MA/MK… SERİSİ),BORULU EŞANJÖR SOĞUTMA (MA/MK… SERİSİ) | Soğutma Gücü (kW) | FİYAT (TL)
TL,3,BORULU EŞANJÖR SOĞUTMA (MA/MK… SERİSİ),"BE 1 | 4 kW | 36.803,00"
TL,3,BORULU EŞANJÖR SOĞUTMA (MA/MK… SERİSİ),"BE 2 | 6 kW | 37.483,00"
TL,3,BORULU EŞANJÖR SOĞUTMA (MA/MK… SERİSİ),"BE 3 | 10 kW | 44.587,00"
TL,3,BORULU EŞANJÖR SOĞUTMA (MA/MK… SERİSİ),"BE 4 | 20 kW | 54.164,00"
TL,3,LEHİMLİ EŞANJÖR SOĞUTMA (MA/MK… SERİSİ),LEHİMLİ EŞANJÖR SOĞUTMA (MA/MK… SERİSİ) | Soğutma Gücü (kW) | FİYAT (TL)
TL,3,LEHİMLİ EŞANJÖR SOĞUTMA (MA/MK… SERİSİ),"LE 1 | 4 kW | 38.961,00"
TL,3,LEHİMLİ EŞANJÖR SOĞUTMA (MA/MK… SERİSİ),"LE 2 | 6 kW | 42.421,00"
TL,3,LEHİMLİ EŞANJÖR SOĞUTMA (MA/MK… SERİSİ),"LE 3 | 10 kW | 52.935,00"
TL,3,LEHİMLİ EŞANJÖR SOĞUTMA (MA/MK… SERİSİ),"LE 4 | 20 kW | 61.314,00"
TL,3,RADYATÖR SOĞUTMA (MA/MK… SERİSİ),RADYATÖR SOĞUTMA (MA/MK… SERİSİ) | Soğutma Gücü (kW) | FİYAT (TL)
TL,3,RADYATÖR SOĞUTMA (MA/MK… SERİSİ),"RS 1 | 6,5 kW | 64.367,00"
TL,3,RADYATÖR SOĞUTMA (MA/MK… SERİSİ),"RS 2 | 10 kW | 66.628,00"
TL,3,RADYATÖR SOĞUTMA (MA/MK… SERİSİ),"RS 3 | 15 kW | 78.278,00"
TL,3,RADYATÖR SOĞUTMA (MA/MK… SERİSİ),"RS 4 | 20 kW | 82.871,00"
TL,3,GENLEŞME TANKI (MA/MK….SERİSİ,GENLEŞME TANKI (MA/MK….SERİSİ | TANK HACMİ (Lt.) | FİYAT (TL)
TL,3,GENLEŞME TANKI (MA/MK….SERİSİ,"ET02 | 2 Lt. | 5.342,00"
TL,3,GENLEŞME TANKI (MA/MK….SERİSİ,"ET03 | 3 Lt. | 6.325,00"
TL,3,GENLEŞME TANKI (MA/MK….SERİSİ,"ET04 | 4 Lt. | 7.372,00"
TL,3,GENLEŞME TANKI (MA/MK….SERİSİ,"ET05 | 5 Lt. | 8.711,00"
TL,4,MA... SERİSİ MONOBLOK REDÜKTÖRLER FİYAT LİSTE,REDÜKTÖR TİPİ | MİL ÇIKIŞLI (MA…SL/SR) | KOVAN ÇIKIŞLI (MA…G..) | ÇİFT MİL ÇIKIŞLI (MK…SD) | SIKMA BİLEZİKLİ (MA…SDL/SDR) | ÇIKIŞ FLANŞI (MK…FL/FR)
TL,4,MA... SERİSİ MONOBLOK REDÜKTÖRLER FİYAT LİSTE,"MA ….402 | 119.094,00 | 121.614,00 | 125.045,00 | 139.505,00 | 23.282,00"
TL,4,MA... SERİSİ MONOBLOK REDÜKTÖRLER FİYAT LİSTE,"MA ….403 | 131.541,00 | 134.982,00 | 138.602,00 | 153.785,00 | 23.282,00"
TL,4,MA... SERİSİ MONOBLOK REDÜKTÖRLER FİYAT LİSTE,"MA ….502 | 157.442,00 | 163.278,00 | 164.491,00 | 185.328,00 | 27.585,00"
TL,4,MA... SERİSİ MONOBLOK REDÜKTÖRLER FİYAT LİSTE,"MA ….503 | 171.362,00 | 177.084,00 | 178.323,00 | 200.676,00 | 27.585,00"
TL,4,MA... SERİSİ MONOBLOK REDÜKTÖRLER FİYAT LİSTE,"MA ….602 | 185.616,00 | 184.384,00 | 195.282,00 | 216.140,00 | 28.560,00"
TL,4,MA... SERİSİ MONOBLOK REDÜKTÖRLER FİYAT LİSTE,"MA ….603 | 201.902,00 | 200.861,00 | 212.104,00 | 232.428,00 | 28.560,00"
TL,4,MA... SERİSİ MONOBLOK REDÜKTÖRLER FİYAT LİSTE,"MA ….702 | 228.138,00 | 224.994,00 | 237.394,00 | 261.246,00 | 44.251,00"
TL,4,MA... SERİSİ MONOBLOK REDÜKTÖRLER FİYAT LİSTE,"MA ….703 | 248.135,00 | 244.566,00 | 256.379,00 | 281.804,00 | 44.251,00"
TL,4,MA... SERİSİ MONOBLOK REDÜKTÖRLER FİYAT LİSTE,"MA ….704 | 260.696,00 | 258.027,00 | 270.774,00 | 296.731,00 | 44.251,00"
TL,4,MA... SERİSİ MONOBLOK REDÜKTÖRLER FİYAT LİSTE,"MA ….802 | 292.646,00 | 287.162,00 | 304.480,00 | 333.880,00 | 47.794,00"
TL,4,MA... SERİSİ MONOBLOK REDÜKTÖRLER FİYAT LİSTE,"MA ….803 | 311.878,00 | 305.917,00 | 323.450,00 | 354.245,00 | 47.794,00"
TL,4,MA... SERİSİ MONOBLOK REDÜKTÖRLER FİYAT LİSTE,"MA ….804 | 327.937,00 | 322.950,00 | 340.623,00 | 372.152,00 | 47.794,00"
TL,4,MA... SERİSİ MONOBLOK REDÜKTÖRLER FİYAT LİSTE,"MA ….902 | 361.247,00 | 366.628,00 | 371.575,00 | 423.679,00 | 52.558,00"
TL,4,MA... SERİSİ MONOBLOK REDÜKTÖRLER FİYAT LİSTE,"MA ….903 | 395.370,00 | 400.023,00 | 405.946,00 | 458.225,00 | 52.558,00"
TL,4,MA... SERİSİ MONOBLOK REDÜKTÖRLER FİYAT LİSTE,"MA ….904 | 411.809,00 | 417.262,00 | 423.151,00 | 476.719,00 | 52.558,00"
TL,4,MA... SERİSİ MONOBLOK REDÜKTÖRLER FİYAT LİSTE,"MA…1002 | 457.540,00 | 445.775,00 | 474.421,00 | 519.615,00 | 58.607,00"
TL,4,MA... SERİSİ MONOBLOK REDÜKTÖRLER FİYAT LİSTE,"MA…1003 | 496.940,00 | 484.689,00 | 514.523,00 | 561.362,00 | 58.607,00"
TL,4,MA... SERİSİ MONOBLOK REDÜKTÖRLER FİYAT LİSTE,"MA…1004 | 518.368,00 | 506.438,00 | 536.782,00 | 585.166,00 | 58.607,00"
TL,4,MA... SERİSİ MONOBLOK REDÜKTÖRLER FİYAT LİSTE,"MA…1102 | 537.698,00 | 568.626,00 | 552.786,00 | 671.291,00 | 87.308,00"
TL,4,MA... SERİSİ MONOBLOK REDÜKTÖRLER FİYAT LİSTE,"MA…1103 | 588.142,00 | 618.299,00 | 601.974,00 | 724.737,00 | 87.308,00"
TL,4,MA... SERİSİ MONOBLOK REDÜKTÖRLER FİYAT LİSTE,"MA…1104 | 612.090,00 | 642.967,00 | 626.804,00 | 751.996,00 | 87.308,00"
TL,4,MA... SERİSİ MONOBLOK REDÜKTÖRLER FİYAT LİSTE,"MA…1202 | 670.604,00 | 692.846,00 | 691.168,00 | 820.188,00 | 98.654,00"
TL,4,MA... SERİSİ MONOBLOK REDÜKTÖRLER FİYAT LİSTE,"MA…1203 | 738.521,00 | 758.567,00 | 757.460,00 | 889.481,00 | 98.654,00"
TL,4,MA... SERİSİ MONOBLOK REDÜKTÖRLER FİYAT LİSTE,"MA…1204 | 766.003,00 | 786.490,00 | 785.831,00 | 919.935,00 | 98.654,00"
TL,4,MK... SERİSİ (KONİK GİRİŞLİ) MONOBLOK REDÜKTÖ,REDÜKTÖR TİPİ | MİL ÇIKIŞLI (MK…SL/SR) | KOVAN ÇIKIŞLI (MK…G..) | ÇİFT MİL ÇIKIŞLI (MK…SD) | SIKMA BİLEZİK (MK…SDL/SDR) | ÇIKIŞ FLANŞI (MK…FL/FR)
TL,4,MK... SERİSİ (KONİK GİRİŞLİ) MONOBLOK REDÜKTÖ,"MK ….403 | 158.259,00 | 162.289,00 | 165.892,00 | 183.854,00 | 23.282,00"
TL,4,MK... SERİSİ (KONİK GİRİŞLİ) MONOBLOK REDÜKTÖ,"MK ….404 | 163.274,00 | 167.046,00 | 170.886,00 | 188.040,00 | 23.282,00"
TL,4,MK... SERİSİ (KONİK GİRİŞLİ) MONOBLOK REDÜKTÖ,"MK ….503 | 188.335,00 | 196.189,00 | 197.248,00 | 221.076,00 | 27.585,00"
TL,4,MK... SERİSİ (KONİK GİRİŞLİ) MONOBLOK REDÜKTÖ,"MK ….504 | 194.047,00 | 201.742,00 | 203.055,00 | 228.247,00 | 27.585,00"
TL,4,MK... SERİSİ (KONİK GİRİŞLİ) MONOBLOK REDÜKTÖ,"MK ….603 | 223.493,00 | 224.599,00 | 234.671,00 | 260.224,00 | 28.560,00"
TL,4,MK... SERİSİ (KONİK GİRİŞLİ) MONOBLOK REDÜKTÖ,"MK ….604 | 230.856,00 | 232.450,00 | 242.491,00 | 266.843,00 | 28.560,00"
TL,4,MK... SERİSİ (KONİK GİRİŞLİ) MONOBLOK REDÜKTÖ,"MK ….703 | 276.824,00 | 278.320,00 | 287.893,00 | 318.373,00 | 44.251,00"
TL,4,MK... SERİSİ (KONİK GİRİŞLİ) MONOBLOK REDÜKTÖ,"MK ….704 | 288.188,00 | 289.315,00 | 299.432,00 | 330.843,00 | 44.251,00"
TL,4,MK... SERİSİ (KONİK GİRİŞLİ) MONOBLOK REDÜKTÖ,"MK ….803 | 346.093,00 | 347.164,00 | 362.255,00 | 398.401,00 | 47.794,00"
TL,4,MK... SERİSİ (KONİK GİRİŞLİ) MONOBLOK REDÜKTÖ,"MK ….804 | 356.521,00 | 359.421,00 | 372.785,00 | 410.900,00 | 47.794,00"
TL,4,MK... SERİSİ (KONİK GİRİŞLİ) MONOBLOK REDÜKTÖ,"MK ….903 | 430.732,00 | 445.837,00 | 448.758,00 | 508.385,00 | 52.558,00"
TL,4,MK... SERİSİ (KONİK GİRİŞLİ) MONOBLOK REDÜKTÖ,"MK ….904 | 451.694,00 | 466.884,00 | 470.118,00 | 531.328,00 | 52.558,00"
TL,4,MK... SERİSİ (KONİK GİRİŞLİ) MONOBLOK REDÜKTÖ,"MK ….1003 | 530.609,00 | 531.156,00 | 558.688,00 | 612.094,00 | 58.607,00"
TL,4,MK... SERİSİ (KONİK GİRİŞLİ) MONOBLOK REDÜKTÖ,"MK ….1004 | 555.141,00 | 556.229,00 | 584.434,00 | 639.328,00 | 58.607,00"
TL,4,MK... SERİSİ (KONİK GİRİŞLİ) MONOBLOK REDÜKTÖ,"MK ….1103 | 627.769,00 | 681.457,00 | 662.490,00 | 793.040,00 | 87.308,00"
TL,4,MK... SERİSİ (KONİK GİRİŞLİ) MONOBLOK REDÜKTÖ,"MK ….1104 | 654.082,00 | 705.743,00 | 706.465,00 | 821.352,00 | 87.308,00"
TL,4,MK... SERİSİ (KONİK GİRİŞLİ) MONOBLOK REDÜKTÖ,"MK ….1203 | 772.065,00 | 816.953,00 | 810.598,00 | 954.808,00 | 98.654,00"
TL,4,MK... SERİSİ (KONİK GİRİŞLİ) MONOBLOK REDÜKTÖ,"MK ….1204 | 814.556,00 | 859.293,00 | 853.401,00 | 1.000.557,00 | 98.654,00"
TL,5,TANDEM (YARDIMCI TAHRİKLİ) REDÜKTÖRLER FİYAT ,REDÜKTÖR TİPİ | MİL ÇIKIŞLI (MA…SL/SR) | KOVAN ÇIKIŞLI (MA…G..) | SIKMA BİLEZİKLİ (MA…SDL/SDR)
TL,5,TANDEM (YARDIMCI TAHRİKLİ) REDÜKTÖRLER FİYAT ,"MK 403 - İRK 63 / 90 L4a | 283.666,00 | 287.702,00 | 310.391,00"
TL,5,TANDEM (YARDIMCI TAHRİKLİ) REDÜKTÖRLER FİYAT ,"MK 503 - İRK 73 / 100 L4b | 351.866,00 | 360.162,00 | 386.917,00"
TL,5,TANDEM (YARDIMCI TAHRİKLİ) REDÜKTÖRLER FİYAT ,"MK 603 - İRK 73 / 112 M4a | 391.580,00 | 394.347,00 | 431.045,00"
TL,5,TANDEM (YARDIMCI TAHRİKLİ) REDÜKTÖRLER FİYAT ,"MK 703 - İRK 83 / 132 S4a | 524.744,00 | 527.208,00 | 582.106,00"
TL,5,TANDEM (YARDIMCI TAHRİKLİ) REDÜKTÖRLER FİYAT ,"MK 803 - İRK 83 / 132 S4a | 591.693,00 | 594.166,00 | 656.988,00"
TL,5,TANDEM (YARDIMCI TAHRİKLİ) REDÜKTÖRLER FİYAT ,"MK903 - İRK 93 / 132 M4a | 732.171,00 | 747.936,00 | 811.921,00"
TL,5,TANDEM (YARDIMCI TAHRİKLİ) REDÜKTÖRLER FİYAT ,"MK 1003 - İRK 93 / 132 M4a | 829.705,00 | 831.928,00 | 914.606,00"
TL,5,TANDEM (YARDIMCI TAHRİKLİ) REDÜKTÖRLER FİYAT ,"MK 1103 - İRK 103 / 160 M4b | 1.064.286,00 | 1.117.275,00 | 1.228.586,00"
TL,5,TANDEM (YARDIMCI TAHRİKLİ) REDÜKTÖRLER FİYAT ,"MK 1203 - İRK 103 / 160 L4a | 1.202.964,00 | 1.248.620,00 | 1.388.496,00"
TL,6,MAE... SERİSİ / MONOBLOK EXTRUDER TİP REDÜKTÖ,STANDART EXTRUDER REDÜKTÖRLER | OPSİYONEL EXTRUDER REDÜKTÖRLER
TL,6,MAE... SERİSİ / MONOBLOK EXTRUDER TİP REDÜKTÖ,REDÜKTÖR TİPİ | EXTRUDER RULMANI | EXTRUDER (TL) | REDÜKTÖR TİPİ | EXTRUDER RULMANI | EXTRUDER (TL)
TL,6,MAE... SERİSİ / MONOBLOK EXTRUDER TİP REDÜKTÖ,"MAE ….402 | 29420 | 166.652,00 | MAE ….402 | - | -"
TL,6,MAE... SERİSİ / MONOBLOK EXTRUDER TİP REDÜKTÖ,"MAE ….403 | 181.643,00 | MAE ….403 | -"
TL,6,MAE... SERİSİ / MONOBLOK EXTRUDER TİP REDÜKTÖ,"MAE ….502 | 29424 | 215.885,00 | MAE ….502 | 29420 | 205.232,00"
TL,6,MAE... SERİSİ / MONOBLOK EXTRUDER TİP REDÜKTÖ,"MAE ….503 | 230.671,00 | MAE ….503 | 220.372,00"
TL,6,MAE... SERİSİ / MONOBLOK EXTRUDER TİP REDÜKTÖ,"MAE ….602 | 29428 | 251.759,00 | MAE ….602 | - | -"
TL,6,MAE... SERİSİ / MONOBLOK EXTRUDER TİP REDÜKTÖ,"MAE ….603 | 268.439,00 | MAE ….603 | -"
TL,6,MAE... SERİSİ / MONOBLOK EXTRUDER TİP REDÜKTÖ,"MAE ….702 | 29430 | 303.933,00 | MAE ….702 | 29424 | 298.711,00"
TL,6,MAE... SERİSİ / MONOBLOK EXTRUDER TİP REDÜKTÖ,"MAE ….703 | 323.357,00 | MAE ….703 | 319.013,00"
TL,6,MAE... SERİSİ / MONOBLOK EXTRUDER TİP REDÜKTÖ,"MAE ….704 | 306.988,00 | MAE ….704 | 324.273,00"
TL,6,MAE... SERİSİ / MONOBLOK EXTRUDER TİP REDÜKTÖ,"MAE ….802 | 29434 | 413.095,00 | MAE ….802 | - | -"
TL,6,MAE... SERİSİ / MONOBLOK EXTRUDER TİP REDÜKTÖ,"MAE ….803 | 434.303,00 | MAE ….803 | -"
TL,6,MAE... SERİSİ / MONOBLOK EXTRUDER TİP REDÜKTÖ,"MAE ….804 | 443.688,00 | MAE ….804 | -"
TL,6,MAE... SERİSİ / MONOBLOK EXTRUDER TİP REDÜKTÖ,"MAE ….902 | 29436 | 540.759,00 | MAE ….902 | 29430 | 481.774,00"
TL,6,MAE... SERİSİ / MONOBLOK EXTRUDER TİP REDÜKTÖ,"MAE ….903 | 574.957,00 | MAE ….903 | 516.463,00"
TL,6,MAE... SERİSİ / MONOBLOK EXTRUDER TİP REDÜKTÖ,"MAE ….904 | 590.196,00 | MAE ….904 | 530.371,00"
TL,6,MAE... SERİSİ / MONOBLOK EXTRUDER TİP REDÜKTÖ,"MAE…1002 | 29440 | 674.012,00 | MAE…1002 | - | -"
TL,6,MAE... SERİSİ / MONOBLOK EXTRUDER TİP REDÜKTÖ,"MAE…1003 | 712.673,00 | MAE…1003 | -"
TL,6,MAE... SERİSİ / MONOBLOK EXTRUDER TİP REDÜKTÖ,"MAE…1004 | 729.543,00 | MAE…1004 | -"
TL,6,MAE... SERİSİ / MONOBLOK EXTRUDER TİP REDÜKTÖ,"MAE…1102 | 29444 | 806.893,00 | MAE…1102 | 29344 | 779.015,00"
TL,6,MAE... SERİSİ / MONOBLOK EXTRUDER TİP REDÜKTÖ,"MAE…1103 | 861.616,00 | MAE…1103 | 830.328,00"
TL,6,MAE... SERİSİ / MONOBLOK EXTRUDER TİP REDÜKTÖ,"MAE…1104 | 889.186,00 | MAE…1104 | 855.012,00"
TL,6,MAE... SERİSİ / MONOBLOK EXTRUDER TİP REDÜKTÖ,"MAE…1202 | 29448 | 994.110,00 | MAE…1202 | - | -"
TL,6,MAE... SERİSİ / MONOBLOK EXTRUDER TİP REDÜKTÖ,"MAE…1203 | 1.061.390,00 | MAE…1203 | -"
TL,6,MAE... SERİSİ / MONOBLOK EXTRUDER TİP REDÜKTÖ,"MAE…1204 | 1.087.874,00 | MAE…1204 | -"
TL,6,MKE... SERİSİ / KONİK GİRİŞLİ MONOBLOK EXTRUD,STANDART EXTRUDER REDÜKTÖRLER | OPSİYONEL EXTRUDER REDÜKTÖRLER
TL,6,MKE... SERİSİ / KONİK GİRİŞLİ MONOBLOK EXTRUD,REDÜKTÖR TİPİ | EXTRUDER RULMANI | EXTRUDER (TL) | REDÜKTÖR TİPİ | EXTRUDER RULMANI | EXTRUDER (TL)
TL,6,MKE... SERİSİ / KONİK GİRİŞLİ MONOBLOK EXTRUD,"MKE ….403 | 29420 | 209.299,00 | MKE…. 403 | - | -"
TL,6,MKE... SERİSİ / KONİK GİRİŞLİ MONOBLOK EXTRUD,"MKE ….503 | 29424 | 254.557,00 | MKE ….503 | 29420 | 223.563,00"
TL,6,MKE... SERİSİ / KONİK GİRİŞLİ MONOBLOK EXTRUD,"MKE ….603 | 29428 | 298.640,00 | MKE ….603 | - | -"
TL,6,MKE... SERİSİ / KONİK GİRİŞLİ MONOBLOK EXTRUD,"MKE ….703 | 29430 | 366.720,00 | MKE ….703 | 29424 | 330.694,00"
TL,6,MKE... SERİSİ / KONİK GİRİŞLİ MONOBLOK EXTRUD,"MKE ….704 | 346.712,00 | MKE ….704 | 334.675,00"
TL,6,MKE... SERİSİ / KONİK GİRİŞLİ MONOBLOK EXTRUD,"MKE ….803 | 29434 | 489.486,00 | MKE ….803 | - | -"
TL,6,MKE... SERİSİ / KONİK GİRİŞLİ MONOBLOK EXTRUD,"MKE ….804 | 498.533,00 | MKE ….804 | -"
TL,6,MKE... SERİSİ / KONİK GİRİŞLİ MONOBLOK EXTRUD,"MKE ….903 | 29436 | 630.998,00 | MKE ….903 | 29430 | 532.619,00"
TL,6,MKE... SERİSİ / KONİK GİRİŞLİ MONOBLOK EXTRUD,"MKE ….904 | 645.456,00 | MKE ….904 | 547.453,00"
TL,6,MKE... SERİSİ / KONİK GİRİŞLİ MONOBLOK EXTRUD,"MKE…1003 | 29440 | 771.765,00 | MKE…1003 | - | -"
TL,6,MKE... SERİSİ / KONİK GİRİŞLİ MONOBLOK EXTRUD,"MKE…1004 | 787.414,00 | MKE…1004 | -"
TL,6,MKE... SERİSİ / KONİK GİRİŞLİ MONOBLOK EXTRUD,"MKE…1103 | 29444 | 931.467,00 | MKE…1103 | 29344 | 849.037,00"
TL,6,MKE... SERİSİ / KONİK GİRİŞLİ MONOBLOK EXTRUD,"MKE…1104 | 953.272,00 | MKE…1104 | 868.110,00"
TL,6,MKE... SERİSİ / KONİK GİRİŞLİ MONOBLOK EXTRUD,"MKE…1203 | 29448 | 1.082.459,00 | MKE…1203 | -"
TL,6,MKE... SERİSİ / KONİK GİRİŞLİ MONOBLOK EXTRUD,"MKE…1204 | 1.119.411,00 | MKE…1204 | -"
TL,7,MAP... SERİSİ MONOBLOK REDÜKTÖRLER PAM FLANŞ ,REDÜKTÖR TİPİ | IEC B5 80/90 | IEC B5 100/112 | IEC B5 132 | IEC B5 160/180 | IEC B5 200 | IEC B5 225 | IEC B5 250 | IEC B5 280 | IEC B5 315
TL,7,MAP... SERİSİ MONOBLOK REDÜKTÖRLER PAM FLANŞ ,"MAP ….402 | - | - | - | 45.176,00 | 50.851,00 | 54.166,00 | - | - | -"
TL,7,MAP... SERİSİ MONOBLOK REDÜKTÖRLER PAM FLANŞ ,"MAP ….403 | - | 42.903,00 | 44.023,00 | 44.662,00 | 446,00 | - | - | - | -"
TL,7,MAP... SERİSİ MONOBLOK REDÜKTÖRLER PAM FLANŞ ,"MAP ….502 | - | - | - | - | - | 58.648,00 | 66.978,00 | 85.488,00 | -"
TL,7,MAP... SERİSİ MONOBLOK REDÜKTÖRLER PAM FLANŞ ,"MAP ….503 | - | - | 45.687,00 | 46.937,00 | 52.352,00 | 57.119,00 | 65.475,00 | 75.543,00 | -"
TL,7,MAP... SERİSİ MONOBLOK REDÜKTÖRLER PAM FLANŞ ,"MAP ….602 | - | - | - | - | - | 58.648,00 | 66.978,00 | 85.488,00 | -"
TL,7,MAP... SERİSİ MONOBLOK REDÜKTÖRLER PAM FLANŞ ,"MAP ….603 | - | - | 45.687,00 | 46.937,00 | 52.352,00 | 57.119,00 | 65.475,00 | 75.543,00 | -"
TL,7,MAP... SERİSİ MONOBLOK REDÜKTÖRLER PAM FLANŞ ,"MAP ….702 | - | - | - | - | - | 70.489,00 | 79.976,00 | 100.052,00 | 118.104,00"
TL,7,MAP... SERİSİ MONOBLOK REDÜKTÖRLER PAM FLANŞ ,"MAP ….703 | - | - | - | 54.620,00 | 60.500,00 | 66.292,00 | 75.585,00 | 94.774,00 | 112.226,00"
TL,7,MAP... SERİSİ MONOBLOK REDÜKTÖRLER PAM FLANŞ ,"MAP ….704 | - | - | 51.205,00 | 52.827,00 | 58.513,00 | - | - | - | -"
TL,7,MAP... SERİSİ MONOBLOK REDÜKTÖRLER PAM FLANŞ ,"MAP ….802 | - | - | - | - | - | 70.489,00 | 79.976,00 | 100.052,00 | 118.104,00"
TL,7,MAP... SERİSİ MONOBLOK REDÜKTÖRLER PAM FLANŞ ,"MAP ….803 | - | - | - | 54.620,00 | 60.500,00 | 66.292,00 | 75.585,00 | 94.774,00 | 112.226,00"
TL,7,MAP... SERİSİ MONOBLOK REDÜKTÖRLER PAM FLANŞ ,"MAP ….804 | - | - | 51.205,00 | 52.827,00 | 58.513,00 | - | - | - | -"
TL,7,MAP... SERİSİ MONOBLOK REDÜKTÖRLER PAM FLANŞ ,"MAP ….902 | - | - | - | - | - | 83.221,00 | 88.384,00 | 116.221,00 | 133.880,00"
TL,7,MAP... SERİSİ MONOBLOK REDÜKTÖRLER PAM FLANŞ ,"MAP ….903 | - | - | - | 67.267,00 | 73.565,00 | 80.746,00 | 90.657,00 | 111.311,00 | 129.368,00"
TL,7,MAP... SERİSİ MONOBLOK REDÜKTÖRLER PAM FLANŞ ,"MAP ….904 | - | - | 63.536,00 | 65.494,00 | 71.937,00 | 78.958,00 | - | - | -"
TL,7,MAP... SERİSİ MONOBLOK REDÜKTÖRLER PAM FLANŞ ,"MAP…1002 | - | - | - | - | - | 83.221,00 | 88.384,00 | 116.221,00 | 133.880,00"
TL,7,MAP... SERİSİ MONOBLOK REDÜKTÖRLER PAM FLANŞ ,"MAP…1003 | - | - | - | 67.267,00 | 73.565,00 | 80.746,00 | 90.657,00 | 111.311,00 | 129.368,00"
TL,7,MAP... SERİSİ MONOBLOK REDÜKTÖRLER PAM FLANŞ ,"MAP…1004 | - | - | 63.536,00 | 65.494,00 | 71.937,00 | 78.958,00 | - | - | -"
TL,7,MAP... SERİSİ MONOBLOK REDÜKTÖRLER PAM FLANŞ ,"MAP…1102 | - | - | - | - | - | - | - | - | 155.325,00"
TL,7,MAP... SERİSİ MONOBLOK REDÜKTÖRLER PAM FLANŞ ,"MAP…1103 | - | - | - | - | - | 99.375,00 | 109.741,00 | 130.755,00 | 150.009,00"
TL,7,MAP... SERİSİ MONOBLOK REDÜKTÖRLER PAM FLANŞ ,"MAP…1104 | - | - | - | 78.700,00 | 85.188,00 | 93.738,00 | 104.373,00 | - | -"
TL,7,MAP... SERİSİ MONOBLOK REDÜKTÖRLER PAM FLANŞ ,"MAP…1202 | - | - | - | - | - | - | - | - | 155.325,00"
TL,7,MAP... SERİSİ MONOBLOK REDÜKTÖRLER PAM FLANŞ ,"MAP…1203 | - | - | - | - | - | 99.375,00 | 109.741,00 | 130.755,00 | 150.009,00"
TL,7,MAP... SERİSİ MONOBLOK REDÜKTÖRLER PAM FLANŞ ,"MAP…1204 | - | - | - | 78.700,00 | 85.188,00 | 93.738,00 | 104.373,00 | - | -"
TL,7,MAP... SERİSİ MONOBLOK REDÜKTÖRLER PAM FLANŞ ,REDÜKTÖR TİPİ | IEC B5 80/90 | IEC B5 100/112 | IEC B5 132 | IEC B5 160/180 | IEC B5 200 | IEC B5 225 | IEC B5 250 | IEC B5 280 | IEC B5 315
TL,7,MAP... SERİSİ MONOBLOK REDÜKTÖRLER PAM FLANŞ ,"MKP ….403 | - | 43.679,00 | 45.082,00 | 46.492,00 | 51.851,00 | - | - | - | -"
TL,7,MAP... SERİSİ MONOBLOK REDÜKTÖRLER PAM FLANŞ ,"MKP ….404 | 43.257,00 | 43.029,00 | 44.483,00 | - | - | - | - | - | -"
TL,7,MAP... SERİSİ MONOBLOK REDÜKTÖRLER PAM FLANŞ ,"MKP ….503 | - | 48.651,00 | 50.195,00 | 51.670,00 | 56.682,00 | 62.728,00 | 74.243,00 | - | -"
TL,7,MAP... SERİSİ MONOBLOK REDÜKTÖRLER PAM FLANŞ ,"MKP ….504 | 47.719,00 | 47.891,00 | 49.309,00 | 50.611,00 | - | - | - | - | -"
TL,7,MAP... SERİSİ MONOBLOK REDÜKTÖRLER PAM FLANŞ ,"MKP ….603 | - | 48.651,00 | 50.195,00 | 51.670,00 | 56.682,00 | 62.728,00 | 74.243,00 | - | -"
TL,7,MAP... SERİSİ MONOBLOK REDÜKTÖRLER PAM FLANŞ ,"MKP ….604 | 47.719,00 | 47.891,00 | 49.309,00 | 50.611,00 | - | - | - | - | -"
TL,7,MAP... SERİSİ MONOBLOK REDÜKTÖRLER PAM FLANŞ ,"MKP ….703 | - | - | - | 61.275,00 | 67.765,00 | 74.433,00 | 84.863,00 | 97.682,00 | -"
TL,7,MAP... SERİSİ MONOBLOK REDÜKTÖRLER PAM FLANŞ ,"MKP ….704 | - | 48.078,00 | 51.891,00 | 58.646,00 | 65.197,00 | - | - | - | -"
TL,7,MAP... SERİSİ MONOBLOK REDÜKTÖRLER PAM FLANŞ ,"MKP ….803 | - | - | - | 61.275,00 | 67.765,00 | 74.433,00 | 84.863,00 | 97.682,00 | -"
TL,7,MAP... SERİSİ MONOBLOK REDÜKTÖRLER PAM FLANŞ ,"MKP ….804 | - | 48.078,00 | 51.891,00 | 58.646,00 | 65.197,00 | - | - | - | -"
TL,7,MAP... SERİSİ MONOBLOK REDÜKTÖRLER PAM FLANŞ ,"MKP ….903 | - | - | - | 75.790,00 | 82.688,00 | 90.593,00 | 102.032,00 | 125.188,00 | 139.347,00"
TL,7,MAP... SERİSİ MONOBLOK REDÜKTÖRLER PAM FLANŞ ,"MKP ….904 | - | 72.400,00 | 74.063,00 | 81.386,00 | 88.994,00 | 99.430,00 | - | - | -"
TL,7,MAP... SERİSİ MONOBLOK REDÜKTÖRLER PAM FLANŞ ,"MKP…1003 | - | - | - | 75.790,00 | 82.688,00 | 90.593,00 | 102.032,00 | 125.188,00 | 139.347,00"
TL,7,MAP... SERİSİ MONOBLOK REDÜKTÖRLER PAM FLANŞ ,"MKP…1004 | - | 72.400,00 | 74.063,00 | 81.386,00 | 88.994,00 | 99.430,00 | - | - | -"
TL,7,MAP... SERİSİ MONOBLOK REDÜKTÖRLER PAM FLANŞ ,"MKP…1103 | - | - | - | - | - | 110.077,00 | 122.223,00 | 147.790,00 | 163.181,00"
TL,7,MAP... SERİSİ MONOBLOK REDÜKTÖRLER PAM FLANŞ ,"MKP…1104 | - | - | - | 86.803,00 | 94.184,00 | 103.305,00 | 115.542,00 | - | -"
TL,7,MAP... SERİSİ MONOBLOK REDÜKTÖRLER PAM FLANŞ ,"MKP…1203 | - | - | - | - | - | 110.077,00 | 122.223,00 | 147.790,00 | 163.181,00"
TL,7,MAP... SERİSİ MONOBLOK REDÜKTÖRLER PAM FLANŞ ,"MKP…1204 | - | - | - | 86.803,00 | 94.184,00 | 103.305,00 | 115.542,00 | - | -"
TL,8,MA... SERİSİ / MONOBLOK REDÜKTÖRLER ŞASE FİYA,REDÜKTÖR TİPİ | IEC B5 90 | IEC B5 100 | IEC B5 112 | IEC B5 132 | IEC B5 160 | IEC B5 180 | IEC B5 200 | IEC B5 225 | IEC B5 250 | IEC B5 280 | IEC B5 315
TL,8,MA... SERİSİ / MONOBLOK REDÜKTÖRLER ŞASE FİYA,"MA ….402 MA ….403 | - | 40.678,00 | 42.102,00 | 44.883,00 | 51.558,00 | 53.713,00 | 61.697,00 | 65.502,00 | - | - | -"
TL,8,MA... SERİSİ / MONOBLOK REDÜKTÖRLER ŞASE FİYA,"MA ….502 MA ….503 | - | - | - | 48.831,00 | 56.094,00 | 58.442,00 | 67.126,00 | 71.264,00 | 79.620,00 | - | -"
TL,8,MA... SERİSİ / MONOBLOK REDÜKTÖRLER ŞASE FİYA,"MA ….602 MA ….603 | - | - | - | 53.085,00 | 60.345,00 | 62.696,00 | 71.375,00 | 75.514,00 | 83.873,00 | - | -"
TL,8,MA... SERİSİ / MONOBLOK REDÜKTÖRLER ŞASE FİYA,"MA ….702 MA ….703 MA ….704 | - | 48.460,00 | 51.986,00 | 57.997,00 | 65.258,00 | 67.601,00 | 76.289,00 | 80.428,00 | 88.777,00 | 96.805,00 | 127.742,00"
TL,8,MA... SERİSİ / MONOBLOK REDÜKTÖRLER ŞASE FİYA,"MA ….802 MA ….803 MA ….804 | - | 52.556,00 | 56.076,00 | 62.087,00 | 69.352,00 | 71.703,00 | 80.379,00 | 84.518,00 | 92.879,00 | 100.901,00 | 131.840,00"
TL,8,MA... SERİSİ / MONOBLOK REDÜKTÖRLER ŞASE FİYA,"MA ….902 MA ….903 MA ….904 | - | - | - | 68.247,00 | 75.512,00 | 77.861,00 | 86.537,00 | 90.676,00 | 99.040,00 | 107.056,00 | 137.993,00"
TL,8,MA... SERİSİ / MONOBLOK REDÜKTÖRLER ŞASE FİYA,"MA…1002 MA…1003 MA…1004 | - | - | - | 72.060,00 | 79.327,00 | 81.666,00 | 90.355,00 | 94.491,00 | 102.844,00 | 110.870,00 | 141.808,00"
TL,8,MA... SERİSİ / MONOBLOK REDÜKTÖRLER ŞASE FİYA,"MA…1102 MA…1103 MA…1104 | - | - | - | - | 87.998,00 | 90.346,00 | 99.026,00 | 103.167,00 | 111.526,00 | 119.545,00 | 150.488,00"
TL,8,MA... SERİSİ / MONOBLOK REDÜKTÖRLER ŞASE FİYA,"MA…1202 MA…1203 MA…1204 | - | - | - | - | 97.046,00 | 99.449,00 | 108.334,00 | 112.571,00 | 121.123,00 | 129.334,00 | 161.004,00"
TL,8,MK.. SERİSİ (KONİK GİRİŞLİ) / MONOBLOK REDÜKT,REDÜKTÖR TİPİ | IEC B5 80/90 | IEC B5 100 | IEC B5 112 | IEC B5 132 | IEC B5 160 | IEC B5 180 | IEC B5 200 | IEC B5 225 | IEC B5 250 | IEC B5 280 | IEC B5 315
TL,8,MK.. SERİSİ (KONİK GİRİŞLİ) / MONOBLOK REDÜKT,"MK ….403 MK ….404 | 36.234,00 | 37.576,00 | 38.891,00 | 44.352,00 | 50.944,00 | 53.079,00 | 60.961,00 | 64.723,00 | - | - | -"
TL,8,MK.. SERİSİ (KONİK GİRİŞLİ) / MONOBLOK REDÜKT,"MK ….503 MK ….504 | 39.079,00 | 41.530,00 | 44.319,00 | 50.543,00 | 58.059,00 | 60.491,00 | 69.476,00 | 73.763,00 | 82.405,00 | 90.713,00 | -"
TL,8,MK.. SERİSİ (KONİK GİRİŞLİ) / MONOBLOK REDÜKT,"MK ….603 MK ….604 | 41.876,00 | 44.272,00 | 47.023,00 | 53.249,00 | 60.767,00 | 63.197,00 | 72.181,00 | 76.469,00 | 85.116,00 | 93.417,00 | -"
TL,8,MK.. SERİSİ (KONİK GİRİŞLİ) / MONOBLOK REDÜKT,"MK ….703 MK ….704 | 43.809,00 | 46.740,00 | 50.286,00 | 56.536,00 | 63.126,00 | 65.470,00 | 74.151,00 | 78.291,00 | 86.651,00 | 94.667,00 | 125.607,00"
TL,8,MK.. SERİSİ (KONİK GİRİŞLİ) / MONOBLOK REDÜKT,"MK ….803 MK ….804 | 50.687,00 | 54.079,00 | 59.882,00 | 66.861,00 | 69.207,00 | 77.893,00 | 82.032,00 | 90.388,00 | 98.407,00 | 129.344,00 | 115.486,00"
TL,8,MK.. SERİSİ (KONİK GİRİŞLİ) / MONOBLOK REDÜKT,"MK ….903 MK ….904 | - | 56.444,00 | 59.827,00 | 65.610,00 | 72.596,00 | 74.853,00 | 83.526,00 | 87.675,00 | 96.030,00 | 104.047,00 | 134.982,00"
TL,8,MK.. SERİSİ (KONİK GİRİŞLİ) / MONOBLOK REDÜKT,"MK…1003 MK…1004 | - | 60.222,00 | 63.630,00 | 69.414,00 | 76.409,00 | 78.661,00 | 87.341,00 | 91.486,00 | 99.837,00 | 107.856,00 | 138.799,00"
TL,8,MK.. SERİSİ (KONİK GİRİŞLİ) / MONOBLOK REDÜKT,"MK…1103 MK…1104 | - | 70.054,00 | 74.010,00 | 80.740,00 | 88.002,00 | 90.352,00 | 99.029,00 | 103.169,00 | 111.525,00 | 119.551,00 | 150.486,00"
TL,8,MK.. SERİSİ (KONİK GİRİŞLİ) / MONOBLOK REDÜKT,"MK…1203 MK…1204 | - | - | - | 89.211,00 | 96.615,00 | 99.007,00 | 107.851,00 | 112.070,00 | 120.584,00 | 128.759,00 | 160.285,00"
EUR,1,,M Pri | M | A- | MK | S | ER | IES
EUR,1,,ce | Lis
EUR,1,,F0 | 0 | 26
EUR,1,,.0 | 1.202 | 6
EUR,2,MAE/MKE SERIES SPLINED EXTRUDER SHAFT PRICE L,GEARBOX TYPE | DIN 5480 | (ØD) | PRICE (€)
EUR,2,MAE/MKE SERIES SPLINED EXTRUDER SHAFT PRICE L,"MAE /MKE …4 | N60x2x30x28x9H | Ø60 | 258,00 €"
EUR,2,MAE/MKE SERIES SPLINED EXTRUDER SHAFT PRICE L,"MAE /MKE …5 | N70x3x30x22x9H | Ø70 | 275,00 €"
EUR,2,MAE/MKE SERIES SPLINED EXTRUDER SHAFT PRICE L,"MAE /MKE …6 | N80x3x30x25x9H | Ø80 | 317,00 €"
EUR,2,MAE/MKE SERIES SPLINED EXTRUDER SHAFT PRICE L,"MAE /MKE …7 | N90x3x30x28x9H | Ø90 | 390,00 €"
EUR,2,MAE/MKE SERIES SPLINED EXTRUDER SHAFT PRICE L,"MAE /MKE …8 | N100x4x30x24x9H | Ø100 | 499,00 €"
EUR,2,MAE/MKE SERIES SPLINED EXTRUDER SHAFT PRICE L,"MAE /MKE …9 | N110x4x30x26x9H | Ø110 | 614,00 €"
EUR,2,MAE/MKE SERIES SPLINED EXTRUDER SHAFT PRICE L,"MAE /MKE …10 | N120x4x30x28x9H | Ø120 | 787,00 €"
EUR,2,MAE/MKE SERIES SPLINED EXTRUDER SHAFT PRICE L,"MAE /MKE …11 | N130x4x30x31x9H | Ø130 | 916,00 €"
EUR,2,MAE/MKE SERIES SPLINED EXTRUDER SHAFT PRICE L,"MAE /MKE …12 | N140x4x30x34x9H | Ø140 | 1.142,00 €"
EUR,2,MA/MK SERIES SPLINED SHAFT PRICE LIST(€),GEARBOX TYPE | SPLINED SHAFT (€) | DRUM CONNECTION FLANGE (€)
EUR,2,MA/MK SERIES SPLINED SHAFT PRICE LIST(€),"MA /MK …4 | 223,00 € | 148,00 €"
EUR,2,MA/MK SERIES SPLINED SHAFT PRICE LIST(€),"MA /MK …5 | 288,00 € | 191,00 €"
EUR,2,MA/MK SERIES SPLINED SHAFT PRICE LIST(€),"MA /MK …6 | 335,00 € | 223,00 €"
EUR,2,MA/MK SERIES SPLINED SHAFT PRICE LIST(€),"MA /MK …7 | 410,00 € | 273,00 €"
EUR,2,MA/MK SERIES SPLINED SHAFT PRICE LIST(€),"MA /MK …8 | 527,00 € | 348,00 €"
EUR,2,MA/MK SERIES SPLINED SHAFT PRICE LIST(€),"MA /MK …9 | 647,00 € | 429,00 €"
EUR,2,MA/MK SERIES SPLINED SHAFT PRICE LIST(€),"MA /MK …10 | 826,00 € | 541,00 €"
EUR,2,MA/MK SERIES SPLINED SHAFT PRICE LIST(€),"MA /MK …11 | 956,00 € | 632,00 €"
EUR,2,MA/MK SERIES SPLINED SHAFT PRICE LIST(€),"MA /MK …12 | 1.187,00 € | 788,00 €"
EUR,2,BACKSTOP (MA/MK... SERIES),BACKSTOP (MA/MK... SERIES) | PRICE (€)
EUR,2,BACKSTOP (MA/MK... SERIES),"MA /MK …4 | 577,00 €"
EUR,2,BACKSTOP (MA/MK... SERIES),"MA /MK …5 | 664,00 €"
EUR,2,BACKSTOP (MA/MK... SERIES),"MA /MK …6 | 664,00 €"
EUR,2,BACKSTOP (MA/MK... SERIES),"MA /MK …7 | 778,00 €"
EUR,2,BACKSTOP (MA/MK... SERIES),"MA /MK …8 | 778,00 €"
EUR,2,BACKSTOP (MA/MK... SERIES),"MA /MK …9 | 842,00 €"
EUR,2,BACKSTOP (MA/MK... SERIES),"MA /MK …10 | 842,00 €"
EUR,2,BACKSTOP (MA/MK... SERIES),"MA /MK …11 | 1.086,00 €"
EUR,2,BACKSTOP (MA/MK... SERIES),"MA /MK …12 | 1.086,00 €"
EUR,3,SPECIAL APPLICATIONS -2 PRICE LIST(€),FORCED LUBRICATION (MA/MK…. SERIES) | PRICE (€) | COOLING COIL (MA/MK…. SERIES) | PRICE (€)
EUR,3,SPECIAL APPLICATIONS -2 PRICE LIST(€),"MA /MK 4… | 249,00 € | MA /MK 4… | 560,00 €"
EUR,3,SPECIAL APPLICATIONS -2 PRICE LIST(€),"MA /MK 5... | 289,00 € | MA /MK 5... | 599,00 €"
EUR,3,SPECIAL APPLICATIONS -2 PRICE LIST(€),"MA /MK 6… | 289,00 € | MA /MK 6… | 709,00 €"
EUR,3,SPECIAL APPLICATIONS -2 PRICE LIST(€),"MA /MK 7… | 331,00 € | MA /MK 7… | 807,00 €"
EUR,3,SPECIAL APPLICATIONS -2 PRICE LIST(€),"MA /MK 8… | 331,00 € | MA /MK 8… | 1.007,00 €"
EUR,3,SPECIAL APPLICATIONS -2 PRICE LIST(€),"MA /MK 9… | 412,00 € | MA /MK 9… | 1.198,00 €"
EUR,3,SPECIAL APPLICATIONS -2 PRICE LIST(€),"MA /MK 10… | 412,00 € | MA /MK 10… | 1.386,00 €"
EUR,3,SPECIAL APPLICATIONS -2 PRICE LIST(€),"MA /MK 11… | 689,00 € | MA /MK 11… | 1.732,00 €"
EUR,3,SPECIAL APPLICATIONS -2 PRICE LIST(€),"MA /MK 12… | 689,00 € | MA /MK 12… | 2.121,00 €"
EUR,3,FAN COOLING (MA…. SERIES),FAN COOLING (MA…. SERIES) | PRICE (€)
EUR,3,FAN COOLING (MA…. SERIES),"MA 4… | 279,00 €"
EUR,3,FAN COOLING (MA…. SERIES),"MA 5... | 367,00 €"
EUR,3,FAN COOLING (MA…. SERIES),"MA 6… | 367,00 €"
EUR,3,FAN COOLING (MA…. SERIES),"MA 7… | 490,00 €"
EUR,3,FAN COOLING (MA…. SERIES),"MA 8… | 490,00 €"
EUR,3,FAN COOLING (MA…. SERIES),"MA 9… | 731,00 €"
EUR,3,FAN COOLING (MA…. SERIES),"MA 10… | 731,00 €"
EUR,3,FAN COOLING (MA…. SERIES),"MA 11… | 1.005,00 €"
EUR,3,FAN COOLING (MA…. SERIES),"MA 12… | 1.005,00 €"
EUR,3,FAN COOLING (MK…. SERIES),FAN COOLING (MK…. SERIES) | PRICE (€)
EUR,3,FAN COOLING (MK…. SERIES),"MK 4… | 406,00 €"
EUR,3,FAN COOLING (MK…. SERIES),"MK 5... | 499,00 €"
EUR,3,FAN COOLING (MK…. SERIES),"MK 6… | 499,00 €"
EUR,3,FAN COOLING (MK…. SERIES),"MK 7… | 663,00 €"
EUR,3,FAN COOLING (MK…. SERIES),"MK 8… | 663,00 €"
EUR,3,FAN COOLING (MK…. SERIES),"MK 9… | 950,00 €"
EUR,3,FAN COOLING (MK…. SERIES),"MK 10… | 950,00 €"
EUR,3,FAN COOLING (MK…. SERIES),"MK 11… | 1.264,00 €"
EUR,3,FAN COOLING (MK…. SERIES),"MK 12… | 1.264,00 €"
EUR,3,SHELL&TUBE HEAT EXCHANGER (MA/MK… SERIES),SHELL&TUBE HEAT EXCHANGER (MA/MK… SERIES) | Cooling Power (kW) | PRICE (€)
EUR,3,SHELL&TUBE HEAT EXCHANGER (MA/MK… SERIES),"BE 1 | 4 kW | 796,00 €"
EUR,3,SHELL&TUBE HEAT EXCHANGER (MA/MK… SERIES),"BE 2 | 6 kW | 812,00 €"
EUR,3,SHELL&TUBE HEAT EXCHANGER (MA/MK… SERIES),"BE 3 | 10 kW | 949,00 €"
EUR,3,SHELL&TUBE HEAT EXCHANGER (MA/MK… SERIES),"BE 4 | 20 kW | 1.153,00 €"
EUR,3,BRAZED HEAT EXCHANGER (MA/MK… SERIES),BRAZED HEAT EXCHANGER (MA/MK… SERIES) | Cooling Power (kW) | PRICE (€)
EUR,3,BRAZED HEAT EXCHANGER (MA/MK… SERIES),"LE 1 | 4 kW | 842,00 €"
EUR,3,BRAZED HEAT EXCHANGER (MA/MK… SERIES),"LE 2 | 6 kW | 919,00 €"
EUR,3,BRAZED HEAT EXCHANGER (MA/MK… SERIES),"LE 3 | 10 kW | 1.127,00 €"
EUR,3,BRAZED HEAT EXCHANGER (MA/MK… SERIES),"LE 4 | 20 kW | 1.305,00 €"
EUR,3,AIR HEAT EXCHANGER (MA/MK… SERIES),AIR HEAT EXCHANGER (MA/MK… SERIES) | Cooling Power (kW) | PRICE (€)
EUR,3,AIR HEAT EXCHANGER (MA/MK… SERIES),"RS 1 | 6,5 kW | 1.476,00 €"
EUR,3,AIR HEAT EXCHANGER (MA/MK… SERIES),"RS 2 | 10 kW | 1.528,00 €"
EUR,3,AIR HEAT EXCHANGER (MA/MK… SERIES),"RS 3 | 15 kW | 1.795,00 €"
EUR,3,AIR HEAT EXCHANGER (MA/MK… SERIES),"RS 4 | 20 kW | 1.900,00 €"
EUR,3,OIL EXPANSION TANK (MA/MK… SERIES),OIL EXPANSION TANK (MA/MK… SERIES) | TANK CAPACITY (Lt.) | PRICE (€)
EUR,3,OIL EXPANSION TANK (MA/MK… SERIES),"ET02 | 2 Lt. | 119,00 €"
EUR,3,OIL EXPANSION TANK (MA/MK… SERIES),"ET03 | 3 Lt. | 142,00 €"
EUR,3,OIL EXPANSION TANK (MA/MK… SERIES),"ET04 | 4 Lt. | 167,00 €"
EUR,3,OIL EXPANSION TANK (MA/MK… SERIES),"ET05 | 5 Lt. | 222,00 €"
EUR,4,MA... SERIES MONOBLOC GEARBOX PRICE LIST(€),GEARBOX TYPE | HOLLOW SHAFT (MA…G..) | OUTPUT SHAFT (MA…SL/SR) | DOUBLE OUTPUT SHAFT (MA…SD) | SHRINK DISC (MA…SDL/SDR) | OUTPUT FLANGE (MA…FL/FR)
EUR,4,MA... SERIES MONOBLOC GEARBOX PRICE LIST(€),"MA ….402 | 2.534,00 € | 2.588,00 € | 2.661,00 € | 2.969,00 € | 496,00 €"
EUR,4,MA... SERIES MONOBLOC GEARBOX PRICE LIST(€),"MA ….403 | 2.799,00 € | 2.872,00 € | 2.949,00 € | 3.273,00 € | 496,00 €"
EUR,4,MA... SERIES MONOBLOC GEARBOX PRICE LIST(€),"MA ….502 | 3.350,00 € | 3.474,00 € | 3.500,00 € | 3.944,00 € | 587,00 €"
EUR,4,MA... SERIES MONOBLOC GEARBOX PRICE LIST(€),"MA ….503 | 3.646,00 € | 3.768,00 € | 3.795,00 € | 4.270,00 € | 587,00 €"
EUR,4,MA... SERIES MONOBLOC GEARBOX PRICE LIST(€),"MA ….602 | 3.950,00 € | 3.924,00 € | 4.164,00 € | 4.599,00 € | 608,00 €"
EUR,4,MA... SERIES MONOBLOC GEARBOX PRICE LIST(€),"MA ….603 | 4.296,00 € | 4.274,00 € | 4.513,00 € | 4.946,00 € | 608,00 €"
EUR,4,MA... SERIES MONOBLOC GEARBOX PRICE LIST(€),"MA ….702 | 4.854,00 € | 4.844,00 € | 5.174,00 € | 5.559,00 € | 942,00 €"
EUR,4,MA... SERIES MONOBLOC GEARBOX PRICE LIST(€),"MA ….703 | 5.280,00 € | 5.204,00 € | 5.455,00 € | 5.996,00 € | 942,00 €"
EUR,4,MA... SERIES MONOBLOC GEARBOX PRICE LIST(€),"MA ….704 | 5.547,00 € | 5.490,00 € | 5.762,00 € | 6.314,00 € | 942,00 €"
EUR,4,MA... SERIES MONOBLOC GEARBOX PRICE LIST(€),"MA ….802 | 6.227,00 € | 6.346,00 € | 6.823,00 € | 7.104,00 € | 1.017,00 €"
EUR,4,MA... SERIES MONOBLOC GEARBOX PRICE LIST(€),"MA ….803 | 6.636,00 € | 6.606,00 € | 7.083,00 € | 7.538,00 € | 1.017,00 €"
EUR,4,MA... SERIES MONOBLOC GEARBOX PRICE LIST(€),"MA ….804 | 6.978,00 € | 6.912,00 € | 7.389,00 € | 7.919,00 € | 1.017,00 €"
EUR,4,MA... SERIES MONOBLOC GEARBOX PRICE LIST(€),"MA ….902 | 7.723,00 € | 7.922,00 € | 8.448,00 € | 9.094,00 € | 1.119,00 €"
EUR,4,MA... SERIES MONOBLOC GEARBOX PRICE LIST(€),"MA ….903 | 8.413,00 € | 8.512,00 € | 8.946,00 € | 9.750,00 € | 1.119,00 €"
EUR,4,MA... SERIES MONOBLOC GEARBOX PRICE LIST(€),"MA ….904 | 8.762,00 € | 8.878,00 € | 9.209,00 € | 10.143,00 € | 1.119,00 €"
EUR,4,MA... SERIES MONOBLOC GEARBOX PRICE LIST(€),"MA…1002 | 9.735,00 € | 9.967,00 € | 10.788,00 € | 11.107,00 € | 1.247,00 €"
EUR,4,MA... SERIES MONOBLOC GEARBOX PRICE LIST(€),"MA…1003 | 10.574,00 € | 10.570,00 € | 11.391,00 € | 11.944,00 € | 1.247,00 €"
EUR,4,MA... SERIES MONOBLOC GEARBOX PRICE LIST(€),"MA…1004 | 11.030,00 € | 10.841,00 € | 11.663,00 € | 12.451,00 € | 1.247,00 €"
EUR,4,MA... SERIES MONOBLOC GEARBOX PRICE LIST(€),"MA…1102 | 11.590,00 € | 12.099,00 € | 12.657,00 € | 14.283,00 € | 1.858,00 €"
EUR,4,MA... SERIES MONOBLOC GEARBOX PRICE LIST(€),"MA…1103 | 12.514,00 € | 13.156,00 € | 13.477,00 € | 15.420,00 € | 1.858,00 €"
EUR,4,MA... SERIES MONOBLOC GEARBOX PRICE LIST(€),"MA…1104 | 13.024,00 € | 13.681,00 € | 13.812,00 € | 16.000,00 € | 1.858,00 €"
EUR,4,MA... SERIES MONOBLOC GEARBOX PRICE LIST(€),"MA…1202 | 15.210,00 € | 14.742,00 € | 15.148,00 € | 17.451,00 € | 2.100,00 €"
EUR,4,MA... SERIES MONOBLOC GEARBOX PRICE LIST(€),"MA…1203 | 16.543,00 € | 16.140,00 € | 16.493,00 € | 18.926,00 € | 2.100,00 €"
EUR,4,MA... SERIES MONOBLOC GEARBOX PRICE LIST(€),"MA…1204 | 17.096,00 € | 16.734,00 € | 17.054,00 € | 19.574,00 € | 2.100,00 €"
EUR,4,MK... SERIES (BEVEL HELICAL) MONOBLOC GEARBOX,GEARBOX TYPE | HOLLOW SHAFT (MK…G..) | OUTPUT SHAFT (MK…SL/SR) | DOUBLE OUTPUT SHAFT (MK…SD) | SHRINK DISC (MK…SDL/SDR) | OUTPUT FLANGE (MK…FL/FR)
EUR,4,MK... SERIES (BEVEL HELICAL) MONOBLOC GEARBOX,"MK ….403 | 3.368,00 € | 3.453,00 € | 3.530,00 € | 3.912,00 € | 496,00 €"
EUR,4,MK... SERIES (BEVEL HELICAL) MONOBLOC GEARBOX,"MK ….404 | 3.474,00 € | 3.555,00 € | 3.636,00 € | 4.001,00 € | 496,00 €"
EUR,4,MK... SERIES (BEVEL HELICAL) MONOBLOC GEARBOX,"MK ….503 | 4.008,00 € | 4.175,00 € | 4.197,00 € | 4.704,00 € | 587,00 €"
EUR,4,MK... SERIES (BEVEL HELICAL) MONOBLOC GEARBOX,"MK ….504 | 4.129,00 € | 4.293,00 € | 4.321,00 € | 4.857,00 € | 587,00 €"
EUR,4,MK... SERIES (BEVEL HELICAL) MONOBLOC GEARBOX,"MK ….603 | 4.756,00 € | 4.779,00 € | 4.993,00 € | 5.537,00 € | 608,00 €"
EUR,4,MK... SERIES (BEVEL HELICAL) MONOBLOC GEARBOX,"MK ….604 | 4.912,00 € | 4.946,00 € | 5.160,00 € | 5.678,00 € | 608,00 €"
EUR,4,MK... SERIES (BEVEL HELICAL) MONOBLOC GEARBOX,"MK ….703 | 5.890,00 € | 5.922,00 € | 6.218,00 € | 6.774,00 € | 942,00 €"
EUR,4,MK... SERIES (BEVEL HELICAL) MONOBLOC GEARBOX,"MK ….704 | 6.132,00 € | 6.156,00 € | 6.371,00 € | 7.040,00 € | 942,00 €"
EUR,4,MK... SERIES (BEVEL HELICAL) MONOBLOC GEARBOX,"MK ….803 | 7.446,00 € | 7.607,00 € | 8.084,00 € | 8.477,00 € | 1.017,00 €"
EUR,4,MK... SERIES (BEVEL HELICAL) MONOBLOC GEARBOX,"MK ….804 | 7.593,00 € | 7.754,00 € | 8.231,00 € | 8.743,00 € | 1.017,00 €"
EUR,4,MK... SERIES (BEVEL HELICAL) MONOBLOC GEARBOX,"MK ….903 | 9.165,00 € | 9.535,00 € | 10.061,00 € | 10.817,00 € | 1.119,00 €"
EUR,4,MK... SERIES (BEVEL HELICAL) MONOBLOC GEARBOX,"MK ….904 | 9.611,00 € | 9.934,00 € | 10.252,00 € | 11.305,00 € | 1.119,00 €"
EUR,4,MK... SERIES (BEVEL HELICAL) MONOBLOC GEARBOX,"MK ….1003 | 11.342,00 € | 11.622,00 € | 12.444,00 € | 13.024,00 € | 1.247,00 €"
EUR,4,MK... SERIES (BEVEL HELICAL) MONOBLOC GEARBOX,"MK ….1004 | 11.812,00 € | 11.835,00 € | 12.725,00 € | 13.603,00 € | 1.247,00 €"
EUR,4,MK... SERIES (BEVEL HELICAL) MONOBLOC GEARBOX,"MK ….1103 | 13.370,00 € | 14.500,00 € | 14.733,00 € | 16.874,00 € | 1.858,00 €"
EUR,4,MK... SERIES (BEVEL HELICAL) MONOBLOC GEARBOX,"MK ….1104 | 13.917,00 € | 15.016,00 € | 15.381,00 € | 17.476,00 € | 1.858,00 €"
EUR,4,MK... SERIES (BEVEL HELICAL) MONOBLOC GEARBOX,"MK ….1203 | 17.344,00 € | 17.382,00 € | 17.247,00 € | 20.316,00 € | 2.100,00 €"
EUR,4,MK... SERIES (BEVEL HELICAL) MONOBLOC GEARBOX,"MK ….1204 | 18.078,00 € | 18.283,00 € | 18.158,00 € | 21.289,00 € | 2.100,00 €"
EUR,5,MK SERIES WITH AUXILIARY DRIVES PRICE LIST(€),GEARBOX TYPE | HOLLOW SHAFT (MK…G..) | OUTPUT SHAFT (MK…SL/SR) | SHRINK DISC (MK…SDL/SDR)
EUR,5,MK SERIES WITH AUXILIARY DRIVES PRICE LIST(€),"MK 403 - İRK 63 / 90 L4a | 6.036,00 € | 6.122,00 € | 6.605,00 €"
EUR,5,MK SERIES WITH AUXILIARY DRIVES PRICE LIST(€),"MK 503 - İRK 73 / 100 L4b | 7.487,00 € | 7.664,00 € | 8.233,00 €"
EUR,5,MK SERIES WITH AUXILIARY DRIVES PRICE LIST(€),"MK 603 - İRK 73 / 112 M4a | 8.332,00 € | 8.391,00 € | 9.172,00 €"
EUR,5,MK SERIES WITH AUXILIARY DRIVES PRICE LIST(€),"MK 703 - İRK 83 / 132 S4a | 11.165,00 € | 11.218,00 € | 12.386,00 €"
EUR,5,MK SERIES WITH AUXILIARY DRIVES PRICE LIST(€),"MK 803 - İRK 83 / 132 S4a | 12.590,00 € | 12.642,00 € | 13.979,00 €"
EUR,5,MK SERIES WITH AUXILIARY DRIVES PRICE LIST(€),"MK903 - İRK 93 / 132 M4a | 15.579,00 € | 15.914,00 € | 17.275,00 €"
EUR,5,MK SERIES WITH AUXILIARY DRIVES PRICE LIST(€),"MK 1003 - İRK 93 / 132 M4a | 17.654,00 € | 17.701,00 € | 19.460,00 €"
EUR,5,MK SERIES WITH AUXILIARY DRIVES PRICE LIST(€),"MK 1103 - İRK 103 / 160 M4b | 22.645,00 € | 23.772,00 € | 26.141,00 €"
EUR,5,MK SERIES WITH AUXILIARY DRIVES PRICE LIST(€),"MK 1203 - İRK 103 / 160 L4a | 25.595,00 € | 26.567,00 € | 29.543,00 €"
EUR,6,MAE... SERIES EXTRUDER TYPE MONOBLOC GEARBOX ,STANDART EXTRUDER FLANGE | OPTIONAL EXTRUDER FLANGE
EUR,6,MAE... SERIES EXTRUDER TYPE MONOBLOC GEARBOX ,GEARBOX TYPE | EXTRUDER BEARING | PRICE (€) | GEARBOX TYPE | EXTRUDER BEARING | PRICE (€)
EUR,6,MAE... SERIES EXTRUDER TYPE MONOBLOC GEARBOX ,"MAE ….402 | 29420 | 3.546,00 € | MAE ….402 | - | -"
EUR,6,MAE... SERIES EXTRUDER TYPE MONOBLOC GEARBOX ,"MAE ….403 | 3.865,00 € | MAE ….403 | -"
EUR,6,MAE... SERIES EXTRUDER TYPE MONOBLOC GEARBOX ,"MAE ….502 | 29424 | 4.594,00 € | MAE ….502 | 29420 | 4.367,00 €"
EUR,6,MAE... SERIES EXTRUDER TYPE MONOBLOC GEARBOX ,"MAE ….503 | 4.908,00 € | MAE ….503 | 4.689,00 €"
EUR,6,MAE... SERIES EXTRUDER TYPE MONOBLOC GEARBOX ,"MAE ….602 | 29428 | 5.357,00 € | MAE ….602 | - | -"
EUR,6,MAE... SERIES EXTRUDER TYPE MONOBLOC GEARBOX ,"MAE ….603 | 5.712,00 € | MAE ….603 | -"
EUR,6,MAE... SERIES EXTRUDER TYPE MONOBLOC GEARBOX ,"MAE ….702 | 29430 | 6.467,00 € | MAE ….702 | 29424 | 6.356,00 €"
EUR,6,MAE... SERIES EXTRUDER TYPE MONOBLOC GEARBOX ,"MAE ….703 | 6.880,00 € | MAE ….703 | 6.788,00 €"
EUR,6,MAE... SERIES EXTRUDER TYPE MONOBLOC GEARBOX ,"MAE ….704 | 6.532,00 € | MAE ….704 | 6.900,00 €"
EUR,6,MAE... SERIES EXTRUDER TYPE MONOBLOC GEARBOX ,"MAE ….802 | 29434 | 8.790,00 € | MAE ….802 | - | -"
EUR,6,MAE... SERIES EXTRUDER TYPE MONOBLOC GEARBOX ,"MAE ….803 | 9.241,00 € | MAE ….803 | -"
EUR,6,MAE... SERIES EXTRUDER TYPE MONOBLOC GEARBOX ,"MAE ….804 | 9.441,00 € | MAE ….804 | -"
EUR,6,MAE... SERIES EXTRUDER TYPE MONOBLOC GEARBOX ,"MAE ….902 | 29436 | 11.506,00 € | MAE ….902 | 29430 | 10.251,00 €"
EUR,6,MAE... SERIES EXTRUDER TYPE MONOBLOC GEARBOX ,"MAE ….903 | 12.234,00 € | MAE ….903 | 10.989,00 €"
EUR,6,MAE... SERIES EXTRUDER TYPE MONOBLOC GEARBOX ,"MAE ….904 | 12.558,00 € | MAE ….904 | 11.285,00 €"
EUR,6,MAE... SERIES EXTRUDER TYPE MONOBLOC GEARBOX ,"MAE…1002 | 29440 | 14.341,00 € | MAE…1002 | - | -"
EUR,6,MAE... SERIES EXTRUDER TYPE MONOBLOC GEARBOX ,"MAE…1003 | 15.164,00 € | MAE…1003 | -"
EUR,6,MAE... SERIES EXTRUDER TYPE MONOBLOC GEARBOX ,"MAE…1004 | 15.523,00 € | MAE…1004 | -"
EUR,6,MAE... SERIES EXTRUDER TYPE MONOBLOC GEARBOX ,"MAE…1102 | 29444 | 17.168,00 € | MAE…1102 | 29344 | 16.575,00 €"
EUR,6,MAE... SERIES EXTRUDER TYPE MONOBLOC GEARBOX ,"MAE…1103 | 18.333,00 € | MAE…1103 | 17.667,00 €"
EUR,6,MAE... SERIES EXTRUDER TYPE MONOBLOC GEARBOX ,"MAE…1104 | 18.919,00 € | MAE…1104 | 18.192,00 €"
EUR,6,MAE... SERIES EXTRUDER TYPE MONOBLOC GEARBOX ,"MAE…1202 | 29448 | 21.152,00 € | MAE…1202 | - | -"
EUR,6,MAE... SERIES EXTRUDER TYPE MONOBLOC GEARBOX ,"MAE…1203 | 22.583,00 € | MAE…1203 | -"
EUR,6,MAE... SERIES EXTRUDER TYPE MONOBLOC GEARBOX ,"MAE…1204 | 23.147,00 € | MAE…1204 | -"
EUR,6,MKE... SERIES (BEVEL HELICAL)EXTRUDER TYPE MO,STANDART EXTRUDER FLANGE | OPTIONAL EXTRUDER FLANGE
EUR,6,MKE... SERIES (BEVEL HELICAL)EXTRUDER TYPE MO,GEARBOX TYPE | EXTRUDER BEARING | PRICE (€) | GEARBOX TYPE | EXTRUDER BEARING | PRICE (€)
EUR,6,MKE... SERIES (BEVEL HELICAL)EXTRUDER TYPE MO,"MKE ….403 | 29420 | 4.454,00 € | MKE…. 403 | - | -"
EUR,6,MKE... SERIES (BEVEL HELICAL)EXTRUDER TYPE MO,"MKE ….503 | 29424 | 5.417,00 € | MKE ….503 | 29420 | 4.757,00 €"
EUR,6,MKE... SERIES (BEVEL HELICAL)EXTRUDER TYPE MO,"MKE ….603 | 29428 | 6.355,00 € | MKE ….603 | - | -"
EUR,6,MKE... SERIES (BEVEL HELICAL)EXTRUDER TYPE MO,"MKE ….703 | 29430 | 7.803,00 € | MKE ….703 | 29424 | 7.037,00 €"
EUR,6,MKE... SERIES (BEVEL HELICAL)EXTRUDER TYPE MO,"MKE ….704 | 7.377,00 € | MKE ….704 | 7.121,00 €"
EUR,6,MKE... SERIES (BEVEL HELICAL)EXTRUDER TYPE MO,"MKE ….803 | 29434 | 10.415,00 € | MKE ….803 | - | -"
EUR,6,MKE... SERIES (BEVEL HELICAL)EXTRUDER TYPE MO,"MKE ….804 | 10.608,00 € | MKE ….804 | -"
EUR,6,MKE... SERIES (BEVEL HELICAL)EXTRUDER TYPE MO,"MKE ….903 | 29436 | 13.426,00 € | MKE ….903 | 29430 | 11.333,00 €"
EUR,6,MKE... SERIES (BEVEL HELICAL)EXTRUDER TYPE MO,"MKE ….904 | 13.734,00 € | MKE ….904 | 11.648,00 €"
EUR,6,MKE... SERIES (BEVEL HELICAL)EXTRUDER TYPE MO,"MKE…1003 | 29440 | 16.421,00 € | MKE…1003 | - | -"
EUR,6,MKE... SERIES (BEVEL HELICAL)EXTRUDER TYPE MO,"MKE…1004 | 16.754,00 € | MKE…1004 | -"
EUR,6,MKE... SERIES (BEVEL HELICAL)EXTRUDER TYPE MO,"MKE…1103 | 29444 | 19.819,00 € | MKE…1103 | 29344 | 18.065,00 €"
EUR,6,MKE... SERIES (BEVEL HELICAL)EXTRUDER TYPE MO,"MKE…1104 | 20.283,00 € | MKE…1104 | 18.471,00 €"
EUR,6,MKE... SERIES (BEVEL HELICAL)EXTRUDER TYPE MO,"MKE…1203 | 29448 | 23.032,00 € | MKE…1203 | -"
EUR,6,MKE... SERIES (BEVEL HELICAL)EXTRUDER TYPE MO,"MKE…1204 | 23.818,00 € | MKE…1204 | -"
EUR,7,MAP... SERIES / IEC B5 FLANGE (PAM) PRICE LIS,GEARBOX TYPE | IEC B5 80/90 | IEC B5 100/112 | IEC B5 132 | IEC B5 160/180 | IEC B5 200 | IEC B5 225 | IEC B5 250 | IEC B5 280 | IEC B5 315
EUR,7,MAP... SERIES / IEC B5 FLANGE (PAM) PRICE LIS,"MAP ….402 | - | - | - | 962,00 € | 1.082,00 € | 1.153,00 € | - | - | -"
EUR,7,MAP... SERIES / IEC B5 FLANGE (PAM) PRICE LIS,"MAP ….403 | - | 913,00 € | 937,00 € | 951,00 € | 10,00 € | - | - | - | -"
EUR,7,MAP... SERIES / IEC B5 FLANGE (PAM) PRICE LIS,"MAP ….502 | - | - | - | - | - | 1.248,00 € | 1.426,00 € | 1.819,00 € | -"
EUR,7,MAP... SERIES / IEC B5 FLANGE (PAM) PRICE LIS,"MAP ….503 | - | - | 973,00 € | 999,00 € | 1.114,00 € | 1.216,00 € | 1.394,00 € | - | -"
EUR,7,MAP... SERIES / IEC B5 FLANGE (PAM) PRICE LIS,"MAP ….602 | - | - | - | - | - | 1.248,00 € | 1.426,00 € | 1.819,00 € | -"
EUR,7,MAP... SERIES / IEC B5 FLANGE (PAM) PRICE LIS,"MAP ….603 | - | - | 973,00 € | 999,00 € | 1.114,00 € | 1.216,00 € | 1.394,00 € | - | -"
EUR,7,MAP... SERIES / IEC B5 FLANGE (PAM) PRICE LIS,"MAP ….702 | - | - | - | - | - | 1.500,00 € | 1.702,00 € | 2.129,00 € | 2.513,00 €"
EUR,7,MAP... SERIES / IEC B5 FLANGE (PAM) PRICE LIS,"MAP ….703 | - | - | - | 1.163,00 € | 1.288,00 € | 1.411,00 € | 1.609,00 € | 2.017,00 € | 2.388,00 €"
EUR,7,MAP... SERIES / IEC B5 FLANGE (PAM) PRICE LIS,"MAP ….704 | - | - | 1.090,00 € | 1.124,00 € | 1.245,00 € | - | - | - | -"
EUR,7,MAP... SERIES / IEC B5 FLANGE (PAM) PRICE LIS,"MAP ….802 | - | - | - | - | - | 1.500,00 € | 1.702,00 € | 2.129,00 € | 2.513,00 €"
EUR,7,MAP... SERIES / IEC B5 FLANGE (PAM) PRICE LIS,"MAP ….803 | - | - | - | 1.163,00 € | 1.288,00 € | 1.411,00 € | 1.609,00 € | 2.017,00 € | 2.388,00 €"
EUR,7,MAP... SERIES / IEC B5 FLANGE (PAM) PRICE LIS,"MAP ….804 | - | - | 1.090,00 € | 1.124,00 € | 1.245,00 € | - | - | - | -"
EUR,7,MAP... SERIES / IEC B5 FLANGE (PAM) PRICE LIS,"MAP ….902 | - | - | - | - | - | 1.771,00 € | 1.881,00 € | 2.473,00 € | 2.849,00 €"
EUR,7,MAP... SERIES / IEC B5 FLANGE (PAM) PRICE LIS,"MAP ….903 | - | - | - | 1.432,00 € | 1.566,00 € | 1.718,00 € | 1.929,00 € | 2.369,00 € | 2.753,00 €"
EUR,7,MAP... SERIES / IEC B5 FLANGE (PAM) PRICE LIS,"MAP ….904 | - | - | 1.352,00 € | 1.394,00 € | 1.531,00 € | 1.680,00 € | - | - | -"
EUR,7,MAP... SERIES / IEC B5 FLANGE (PAM) PRICE LIS,"MAP…1002 | - | - | - | - | - | 1.771,00 € | 1.881,00 € | 2.473,00 € | 2.849,00 €"
EUR,7,MAP... SERIES / IEC B5 FLANGE (PAM) PRICE LIS,"MAP…1003 | - | - | - | 1.432,00 € | 1.566,00 € | 1.718,00 € | 1.929,00 € | 2.369,00 € | 2.753,00 €"
EUR,7,MAP... SERIES / IEC B5 FLANGE (PAM) PRICE LIS,"MAP…1004 | - | - | 1.352,00 € | 1.394,00 € | 1.531,00 € | 1.680,00 € | - | - | -"
EUR,7,MAP... SERIES / IEC B5 FLANGE (PAM) PRICE LIS,"MAP…1102 | - | - | - | - | - | - | - | - | 3.305,00 €"
EUR,7,MAP... SERIES / IEC B5 FLANGE (PAM) PRICE LIS,"MAP…1103 | - | - | - | - | - | 2.115,00 € | 2.335,00 € | 2.783,00 € | 3.192,00 €"
EUR,7,MAP... SERIES / IEC B5 FLANGE (PAM) PRICE LIS,"MAP…1104 | - | - | - | 1.675,00 € | 1.813,00 € | 1.995,00 € | 2.221,00 € | - | -"
EUR,7,MAP... SERIES / IEC B5 FLANGE (PAM) PRICE LIS,"MAP…1202 | - | - | - | - | - | - | - | - | 3.305,00 €"
EUR,7,MAP... SERIES / IEC B5 FLANGE (PAM) PRICE LIS,"MAP…1203 | - | - | - | - | - | 2.115,00 € | 2.335,00 € | 2.783,00 € | 3.192,00 €"
EUR,7,MAP... SERIES / IEC B5 FLANGE (PAM) PRICE LIS,"MAP…1204 | - | - | - | 1.675,00 € | 1.813,00 € | 1.995,00 € | 2.221,00 € | - | -"
EUR,7,MAP... SERIES / IEC B5 FLANGE (PAM) PRICE LIS,REDÜKTÖR TİPİ | IEC B5 80/90 | IEC B5 100/112 | IEC B5 132 | IEC B5 160/180 | IEC B5 200 | IEC B5 225 | IEC B5 250 | IEC B5 280 | IEC B5 315
EUR,7,MAP... SERIES / IEC B5 FLANGE (PAM) PRICE LIS,"MKP ….403 | - | 930,00 € | 960,00 € | 990,00 € | 1.104,00 € | - | - | - | -"
EUR,7,MAP... SERIES / IEC B5 FLANGE (PAM) PRICE LIS,"MKP ….404 | 921,00 € | 916,00 € | 947,00 € | - | - | - | - | - | -"
EUR,7,MAP... SERIES / IEC B5 FLANGE (PAM) PRICE LIS,"MKP ….503 | - | 1.036,00 € | 1.068,00 € | 1.100,00 € | 1.206,00 € | 1.335,00 € | 1.580,00 € | - | -"
EUR,7,MAP... SERIES / IEC B5 FLANGE (PAM) PRICE LIS,"MKP ….504 | 1.016,00 € | 1.019,00 € | 1.050,00 € | 1.077,00 € | - | - | - | - | -"
EUR,7,MAP... SERIES / IEC B5 FLANGE (PAM) PRICE LIS,"MKP ….603 | - | 1.036,00 € | 1.068,00 € | 1.100,00 € | 1.206,00 € | 1.335,00 € | 1.580,00 € | - | -"
EUR,7,MAP... SERIES / IEC B5 FLANGE (PAM) PRICE LIS,"MKP ….604 | 1.016,00 € | 1.021,00 € | 1.050,00 € | 1.078,00 € | - | - | - | - | -"
EUR,7,MAP... SERIES / IEC B5 FLANGE (PAM) PRICE LIS,"MKP ….703 | - | - | - | 1.304,00 € | 1.442,00 € | 1.584,00 € | 1.806,00 € | 2.079,00 € | -"
EUR,7,MAP... SERIES / IEC B5 FLANGE (PAM) PRICE LIS,"MKP ….704 | - | 1.023,00 € | 1.105,00 € | 1.248,00 € | 1.388,00 € | - | - | - | -"
EUR,7,MAP... SERIES / IEC B5 FLANGE (PAM) PRICE LIS,"MKP ….803 | - | - | - | 1.304,00 € | 1.442,00 € | 1.584,00 € | 1.806,00 € | 2.079,00 € | -"
EUR,7,MAP... SERIES / IEC B5 FLANGE (PAM) PRICE LIS,"MKP ….804 | - | 1.023,00 € | 1.105,00 € | 1.248,00 € | 1.388,00 € | - | - | - | -"
EUR,7,MAP... SERIES / IEC B5 FLANGE (PAM) PRICE LIS,"MKP ….903 | - | - | - | 1.613,00 € | 1.760,00 € | 1.928,00 € | 2.171,00 € | 2.664,00 € | 2.965,00 €"
EUR,7,MAP... SERIES / IEC B5 FLANGE (PAM) PRICE LIS,"MKP ….904 | - | 1.541,00 € | 1.576,00 € | 1.732,00 € | 1.894,00 € | 2.116,00 € | - | - | -"
EUR,7,MAP... SERIES / IEC B5 FLANGE (PAM) PRICE LIS,"MKP…1003 | - | - | - | 1.613,00 € | 1.760,00 € | 1.928,00 € | 2.171,00 € | 2.664,00 € | 2.965,00 €"
EUR,7,MAP... SERIES / IEC B5 FLANGE (PAM) PRICE LIS,"MKP…1004 | - | 1.541,00 € | 1.576,00 € | 1.732,00 € | 1.894,00 € | 2.116,00 € | - | - | -"
EUR,7,MAP... SERIES / IEC B5 FLANGE (PAM) PRICE LIS,"MKP…1103 | - | - | - | - | - | 2.343,00 € | 2.601,00 € | 3.145,00 € | 3.472,00 €"
EUR,7,MAP... SERIES / IEC B5 FLANGE (PAM) PRICE LIS,"MKP…1104 | - | - | - | 1.847,00 € | 2.004,00 € | 2.198,00 € | 2.459,00 € | - | -"
EUR,7,MAP... SERIES / IEC B5 FLANGE (PAM) PRICE LIS,"MKP…1203 | - | - | - | - | - | 2.343,00 € | 2.601,00 € | 3.145,00 € | 3.472,00 €"
EUR,7,MAP... SERIES / IEC B5 FLANGE (PAM) PRICE LIS,"MKP…1204 | - | - | - | 1.847,00 € | 2.004,00 € | 2.198,00 € | 2.459,00 € | - | -"
EUR,8,MA... SERIES BASE FRAME PRICE LIST(€),GEARBOX TYPE | IEC B5 90 | IEC B5 100 | IEC B5 112 | IEC B5 132 | IEC B5 160 | IEC B5 180 | IEC B5 200 | IEC B5 225 | IEC B5 250 | IEC B5 280 | IEC B5 315
EUR,8,MA... SERIES BASE FRAME PRICE LIST(€),"MA ….402 MA ….403 | - | 866,00 € | 896,00 € | 955,00 € | 1.097,00 € | 1.143,00 € | 1.313,00 € | 1.394,00 € | - | - | -"
EUR,8,MA... SERIES BASE FRAME PRICE LIST(€),"MA ….502 MA ….503 | - | - | - | 1.039,00 € | 1.194,00 € | 1.244,00 € | 1.429,00 € | 1.517,00 € | 1.695,00 € | - | -"
EUR,8,MA... SERIES BASE FRAME PRICE LIST(€),"MA ….602 MA ….603 | - | - | - | 1.130,00 € | 1.284,00 € | 1.334,00 € | 1.519,00 € | 1.607,00 € | 1.785,00 € | - | -"
EUR,8,MA... SERIES BASE FRAME PRICE LIST(€),"MA ….702 MA ….703 MA ….704 | - | 1.032,00 € | 1.107,00 € | 1.234,00 € | 1.389,00 € | 1.439,00 € | 1.624,00 € | 1.712,00 € | 1.889,00 € | 2.060,00 € | 2.718,00 €"
EUR,8,MA... SERIES BASE FRAME PRICE LIST(€),"MA ….802 MA ….803 MA ….804 | - | 1.119,00 € | 1.194,00 € | 1.321,00 € | 1.476,00 € | 1.526,00 € | 1.711,00 € | 1.799,00 € | 1.977,00 € | 2.147,00 € | 2.806,00 €"
EUR,8,MA... SERIES BASE FRAME PRICE LIST(€),"MA ….902 MA ….903 MA ….904 | - | - | - | 1.453,00 € | 1.607,00 € | 1.657,00 € | 1.842,00 € | 1.930,00 € | 2.108,00 € | 2.278,00 € | 2.937,00 €"
EUR,8,MA... SERIES BASE FRAME PRICE LIST(€),"MA…1002 MA…1003 MA…1004 | - | - | - | 1.534,00 € | 1.688,00 € | 1.738,00 € | 1.923,00 € | 2.011,00 € | 2.189,00 € | 2.359,00 € | 3.018,00 €"
EUR,8,MA... SERIES BASE FRAME PRICE LIST(€),"MA…1102 MA…1103 MA…1104 | - | - | - | - | 1.873,00 € | 1.923,00 € | 2.107,00 € | 2.196,00 € | 2.373,00 € | 2.544,00 € | 3.202,00 €"
EUR,8,MA... SERIES BASE FRAME PRICE LIST(€),"MA…1202 MA…1203 MA…1204 | - | - | - | - | 2.065,00 € | 2.116,00 € | 2.305,00 € | 2.396,00 € | 2.578,00 € | 2.752,00 € | 3.426,00 €"
EUR,8,MK... SERIES (BEVEL HELICAL) BASE FRAME PRICE,GEARBOX TYPE | IEC B5 80/90 | IEC B5 100 | IEC B5 112 | IEC B5 132 | IEC B5 160 | IEC B5 180 | IEC B5 200 | IEC B5 225 | IEC B5 250 | IEC B5 280 | IEC B5 315
EUR,8,MK... SERIES (BEVEL HELICAL) BASE FRAME PRICE,"MK ….403 MK ….404 | 771,00 € | 800,00 € | 828,00 € | 944,00 € | 1.084,00 € | 1.130,00 € | 1.298,00 € | 1.378,00 € | - | - | -"
EUR,8,MK... SERIES (BEVEL HELICAL) BASE FRAME PRICE,"MK ….503 MK ….504 | 832,00 € | 884,00 € | 943,00 € | 1.076,00 € | 1.236,00 € | 1.288,00 € | 1.479,00 € | 1.570,00 € | 1.754,00 € | 1.931,00 € | -"
EUR,8,MK... SERIES (BEVEL HELICAL) BASE FRAME PRICE,"MK ….603 MK ….604 | 891,00 € | 942,00 € | 1.001,00 € | 1.133,00 € | 1.293,00 € | 1.345,00 € | 1.536,00 € | 1.627,00 € | 1.811,00 € | 1.988,00 € | -"
EUR,8,MK... SERIES (BEVEL HELICAL) BASE FRAME PRICE,"MK ….703 MK ….704 | 933,00 € | 995,00 € | 1.070,00 € | 1.203,00 € | 1.344,00 € | 1.393,00 € | 1.578,00 € | 1.666,00 € | 1.844,00 € | 2.015,00 € | 2.673,00 €"
EUR,8,MK... SERIES (BEVEL HELICAL) BASE FRAME PRICE,"MK ….803 MK ….804 | 1.079,00 € | 1.151,00 € | 1.275,00 € | 1.423,00 € | 1.473,00 € | 1.658,00 € | 1.746,00 € | 1.924,00 € | 2.094,00 € | 2.752,00 € | 2.458,00 €"
EUR,8,MK... SERIES (BEVEL HELICAL) BASE FRAME PRICE,"MK ….903 MK ….904 | - | 1.201,00 € | 1.273,00 € | 1.396,00 € | 1.545,00 € | 1.593,00 € | 1.778,00 € | 1.866,00 € | 2.044,00 € | 2.214,00 € | 2.872,00 €"
EUR,8,MK... SERIES (BEVEL HELICAL) BASE FRAME PRICE,"MK…1003 MK…1004 | - | 1.282,00 € | 1.354,00 € | 1.477,00 € | 1.626,00 € | 1.674,00 € | 1.859,00 € | 1.947,00 € | 2.125,00 € | 2.295,00 € | 2.954,00 €"
EUR,8,MK... SERIES (BEVEL HELICAL) BASE FRAME PRICE,"MK…1103 MK…1104 | - | 1.491,00 € | 1.575,00 € | 1.718,00 € | 1.873,00 € | 1.923,00 € | 2.107,00 € | 2.196,00 € | 2.373,00 € | 2.544,00 € | 3.202,00 €"
EUR,8,MK... SERIES (BEVEL HELICAL) BASE FRAME PRICE,"MK…1203 MK…1204 | - | - | - | 1.899,00 € | 2.056,00 € | 2.107,00 € | 2.295,00 € | 2.385,00 € | 2.566,00 € | 2.740,00 € | 3.411,00 €"
USD,1,,S r($ | )
USD,1,,Pri | MA | -M | K S | ER | IE
USD,1,,ce | Lis
USD,1,,F0 | 0 | 26
USD,1,,.0 | 1.202 | 6
USD,2,MAE/MKE SERIES SPLINED EXTRUDER SHAFT PRICE L,GEARBOX TYPE | DIN 5480 | (ØD) | PRICE ($)
USD,2,MAE/MKE SERIES SPLINED EXTRUDER SHAFT PRICE L,"MAE /MKE …4 | N60x2x30x28x9H | Ø60 | $304,00"
USD,2,MAE/MKE SERIES SPLINED EXTRUDER SHAFT PRICE L,"MAE /MKE …5 | N70x3x30x22x9H | Ø70 | $324,00"
USD,2,MAE/MKE SERIES SPLINED EXTRUDER SHAFT PRICE L,"MAE /MKE …6 | N80x3x30x25x9H | Ø80 | $373,00"
USD,2,MAE/MKE SERIES SPLINED EXTRUDER SHAFT PRICE L,"MAE /MKE …7 | N90x3x30x28x9H | Ø90 | $459,00"
USD,2,MAE/MKE SERIES SPLINED EXTRUDER SHAFT PRICE L,"MAE /MKE …8 | N100x4x30x24x9H | Ø100 | $587,00"
USD,2,MAE/MKE SERIES SPLINED EXTRUDER SHAFT PRICE L,"MAE /MKE …9 | N110x4x30x26x9H | Ø110 | $722,00"
USD,2,MAE/MKE SERIES SPLINED EXTRUDER SHAFT PRICE L,"MAE /MKE …10 | N120x4x30x28x9H | Ø120 | $925,00"
USD,2,MAE/MKE SERIES SPLINED EXTRUDER SHAFT PRICE L,"MAE /MKE …11 | N130x4x30x31x9H | Ø130 | $1.077,00"
USD,2,MAE/MKE SERIES SPLINED EXTRUDER SHAFT PRICE L,"MAE /MKE …12 | N140x4x30x34x9H | Ø140 | $1.342,00"
USD,2,MA/MK SERIES SPLINED SHAFT PRICE LIST($),GEARBOX TYPE | SPLINED SHAFT ($) | DRUM CONNECTION FLANGE ($)
USD,2,MA/MK SERIES SPLINED SHAFT PRICE LIST($),"MA /MK …4 | $263,00 | $174,00"
USD,2,MA/MK SERIES SPLINED SHAFT PRICE LIST($),"MA /MK …5 | $339,00 | $225,00"
USD,2,MA/MK SERIES SPLINED SHAFT PRICE LIST($),"MA /MK …6 | $394,00 | $263,00"
USD,2,MA/MK SERIES SPLINED SHAFT PRICE LIST($),"MA /MK …7 | $482,00 | $321,00"
USD,2,MA/MK SERIES SPLINED SHAFT PRICE LIST($),"MA /MK …8 | $620,00 | $409,00"
USD,2,MA/MK SERIES SPLINED SHAFT PRICE LIST($),"MA /MK …9 | $761,00 | $505,00"
USD,2,MA/MK SERIES SPLINED SHAFT PRICE LIST($),"MA /MK …10 | $971,00 | $636,00"
USD,2,MA/MK SERIES SPLINED SHAFT PRICE LIST($),"MA /MK …11 | $1.124,00 | $743,00"
USD,2,MA/MK SERIES SPLINED SHAFT PRICE LIST($),"MA /MK …12 | $1.395,00 | $926,00"
USD,2,BACKSTOP (MA/MK... SERIES),BACKSTOP (MA/MK... SERIES) | PRICE ($)
USD,2,BACKSTOP (MA/MK... SERIES),"MA /MK …4 | $678,00"
USD,2,BACKSTOP (MA/MK... SERIES),"MA /MK …5 | $781,00"
USD,2,BACKSTOP (MA/MK... SERIES),"MA /MK …6 | $781,00"
USD,2,BACKSTOP (MA/MK... SERIES),"MA /MK …7 | $915,00"
USD,2,BACKSTOP (MA/MK... SERIES),"MA /MK …8 | $915,00"
USD,2,BACKSTOP (MA/MK... SERIES),"MA /MK …9 | $990,00"
USD,2,BACKSTOP (MA/MK... SERIES),"MA /MK …10 | $990,00"
USD,2,BACKSTOP (MA/MK... SERIES),"MA /MK …11 | $1.277,00"
USD,2,BACKSTOP (MA/MK... SERIES),"MA /MK …12 | $1.277,00"
USD,3,SPECIAL APPLICATIONS -2 PRICE LIST($),FORCED LUBRICATION (MA/MK…. SERIES) | PRICE ($) | COOLING COIL (MA/MK…. SERIES) | PRICE ($)
USD,3,SPECIAL APPLICATIONS -2 PRICE LIST($),"MA /MK 4… | $293,00 | MA /MK 4… | $573,00"
USD,3,SPECIAL APPLICATIONS -2 PRICE LIST($),"MA /MK 5... | $338,00 | MA /MK 5... | $614,00"
USD,3,SPECIAL APPLICATIONS -2 PRICE LIST($),"MA /MK 6… | $340,00 | MA /MK 6… | $727,00"
USD,3,SPECIAL APPLICATIONS -2 PRICE LIST($),"MA /MK 7… | $389,00 | MA /MK 7… | $827,00"
USD,3,SPECIAL APPLICATIONS -2 PRICE LIST($),"MA /MK 8… | $389,00 | MA /MK 8… | $1.031,00"
USD,3,SPECIAL APPLICATIONS -2 PRICE LIST($),"MA /MK 9… | $485,00 | MA /MK 9… | $1.226,00"
USD,3,SPECIAL APPLICATIONS -2 PRICE LIST($),"MA /MK 10… | $485,00 | MA /MK 10… | $1.419,00"
USD,3,SPECIAL APPLICATIONS -2 PRICE LIST($),"MA /MK 11… | $810,00 | MA /MK 11… | $1.772,00"
USD,3,SPECIAL APPLICATIONS -2 PRICE LIST($),"MA /MK 12… | $810,00 | MA /MK 12… | $2.073,00"
USD,3,FAN COOLING (MA…. SERIES),FAN COOLING (MA…. SERIES) | PRICE ($)
USD,3,FAN COOLING (MA…. SERIES),"MA 4… | $328,00"
USD,3,FAN COOLING (MA…. SERIES),"MA 5... | $432,00"
USD,3,FAN COOLING (MA…. SERIES),"MA 6… | $432,00"
USD,3,FAN COOLING (MA…. SERIES),"MA 7… | $576,00"
USD,3,FAN COOLING (MA…. SERIES),"MA 8… | $576,00"
USD,3,FAN COOLING (MA…. SERIES),"MA 9… | $859,00"
USD,3,FAN COOLING (MA…. SERIES),"MA 10… | $859,00"
USD,3,FAN COOLING (MA…. SERIES),"MA 11… | $1.181,00"
USD,3,FAN COOLING (MA…. SERIES),"MA 12… | $1.181,00"
USD,3,FAN COOLING (MK…. SERIES),FAN COOLING (MK…. SERIES) | PRICE ($)
USD,3,FAN COOLING (MK…. SERIES),"MK 4… | $478,00"
USD,3,FAN COOLING (MK…. SERIES),"MK 5... | $587,00"
USD,3,FAN COOLING (MK…. SERIES),"MK 6… | $587,00"
USD,3,FAN COOLING (MK…. SERIES),"MK 7… | $780,00"
USD,3,FAN COOLING (MK…. SERIES),"MK 8… | $780,00"
USD,3,FAN COOLING (MK…. SERIES),"MK 9… | $1.117,00"
USD,3,FAN COOLING (MK…. SERIES),"MK 10… | $1.117,00"
USD,3,FAN COOLING (MK…. SERIES),"MK 11… | $1.486,00"
USD,3,FAN COOLING (MK…. SERIES),"MK 12… | $1.486,00"
USD,3,SHELL&TUBE HEAT EXCHANGER (MA/MK… SERIES),SHELL&TUBE HEAT EXCHANGER (MA/MK… SERIES) | Cooling Power (kW) | PRICE ($)
USD,3,SHELL&TUBE HEAT EXCHANGER (MA/MK… SERIES),"BE 1 | 4 kW | $922,00"
USD,3,SHELL&TUBE HEAT EXCHANGER (MA/MK… SERIES),"BE 2 | 6 kW | $938,00"
USD,3,SHELL&TUBE HEAT EXCHANGER (MA/MK… SERIES),"BE 3 | 10 kW | $1.116,00"
USD,3,SHELL&TUBE HEAT EXCHANGER (MA/MK… SERIES),"BE 4 | 20 kW | $1.355,00"
USD,3,BRAZED HEAT EXCHANGER (MA/MK… SERIES),BRAZED HEAT EXCHANGER (MA/MK… SERIES) | Cooling Power (kW) | PRICE ($)
USD,3,BRAZED HEAT EXCHANGER (MA/MK… SERIES),"LE 1 | 4 kW | $975,00"
USD,3,BRAZED HEAT EXCHANGER (MA/MK… SERIES),"LE 2 | 6 kW | $1.062,00"
USD,3,BRAZED HEAT EXCHANGER (MA/MK… SERIES),"LE 3 | 10 kW | $1.325,00"
USD,3,BRAZED HEAT EXCHANGER (MA/MK… SERIES),"LE 4 | 20 kW | $1.534,00"
USD,3,AIR HEAT EXCHANGER (MA/MK… SERIES),AIR HEAT EXCHANGER (MA/MK… SERIES) | Cooling Power (kW) | PRICE ($)
USD,3,AIR HEAT EXCHANGER (MA/MK… SERIES),"RS 1 | 6,5 kW | $1.610,00"
USD,3,AIR HEAT EXCHANGER (MA/MK… SERIES),"RS 2 | 10 kW | $1.667,00"
USD,3,AIR HEAT EXCHANGER (MA/MK… SERIES),"RS 3 | 15 kW | $1.958,00"
USD,3,AIR HEAT EXCHANGER (MA/MK… SERIES),"RS 4 | 20 kW | $2.073,00"
USD,3,OIL EXPANSION TANK (MA/MK… SERIES),OIL EXPANSION TANK (MA/MK… SERIES) | TANK CAPACITY (Lt.) | PRICE ($)
USD,3,OIL EXPANSION TANK (MA/MK… SERIES),"ET02 | 2 Lt. | $134,00"
USD,3,OIL EXPANSION TANK (MA/MK… SERIES),"ET03 | 3 Lt. | $159,00"
USD,3,OIL EXPANSION TANK (MA/MK… SERIES),"ET04 | 4 Lt. | $185,00"
USD,3,OIL EXPANSION TANK (MA/MK… SERIES),"ET05 | 5 Lt. | $219,00"
USD,4,MA... SERIES MONOBLOC GEARBOX PRICE LIST($),GEARBOX TYPE | HOLLOW SHAFT (MA…G..) | OUTPUT SHAFT (MA…SL/SR) | DOUBLE OUTPUT SHAFT (MA…SD) | SHRINK DISC (MA…SDL/SDR) | OUTPUT FLANGE (MA…FL/FR)
USD,4,MA... SERIES MONOBLOC GEARBOX PRICE LIST($),"MA ….402 | $2.858,00 | $2.803,00 | $2.940,00 | $3.188,00 | $535,00"
USD,4,MA... SERIES MONOBLOC GEARBOX PRICE LIST($),"MA ….403 | $3.152,00 | $3.091,00 | $3.238,00 | $3.500,00 | $535,00"
USD,4,MA... SERIES MONOBLOC GEARBOX PRICE LIST($),"MA ….502 | $3.847,00 | $3.715,00 | $3.906,00 | $4.208,00 | $633,00"
USD,4,MA... SERIES MONOBLOC GEARBOX PRICE LIST($),"MA ….503 | $4.144,00 | $3.923,00 | $4.114,00 | $4.416,00 | $633,00"
USD,4,MA... SERIES MONOBLOC GEARBOX PRICE LIST($),"MA ….602 | $4.420,00 | $4.532,00 | $4.893,00 | $5.075,00 | $656,00"
USD,4,MA... SERIES MONOBLOC GEARBOX PRICE LIST($),"MA ….603 | $4.720,00 | $4.832,00 | $5.194,00 | $5.375,00 | $656,00"
USD,4,MA... SERIES MONOBLOC GEARBOX PRICE LIST($),"MA ….702 | $5.542,00 | $5.692,00 | $6.080,00 | $6.320,00 | $1.023,00"
USD,4,MA... SERIES MONOBLOC GEARBOX PRICE LIST($),"MA ….703 | $5.850,00 | $5.999,00 | $6.388,00 | $6.627,00 | $1.023,00"
USD,4,MA... SERIES MONOBLOC GEARBOX PRICE LIST($),"MA ….704 | $6.112,00 | $6.261,00 | $6.650,00 | $6.888,00 | $1.023,00"
USD,4,MA... SERIES MONOBLOC GEARBOX PRICE LIST($),"MA ….802 | $7.268,00 | $7.457,00 | $8.018,00 | $8.182,00 | $1.104,00"
USD,4,MA... SERIES MONOBLOC GEARBOX PRICE LIST($),"MA ….803 | $7.573,00 | $7.763,00 | $8.323,00 | $8.488,00 | $1.104,00"
USD,4,MA... SERIES MONOBLOC GEARBOX PRICE LIST($),"MA ….804 | $7.933,00 | $8.122,00 | $8.683,00 | $8.847,00 | $1.104,00"
USD,4,MA... SERIES MONOBLOC GEARBOX PRICE LIST($),"MA ….902 | $9.075,00 | $9.309,00 | $9.927,00 | $10.686,00 | $1.211,00"
USD,4,MA... SERIES MONOBLOC GEARBOX PRICE LIST($),"MA ….903 | $9.660,00 | $9.894,00 | $10.512,00 | $11.271,00 | $1.211,00"
USD,4,MA... SERIES MONOBLOC GEARBOX PRICE LIST($),"MA ….904 | $9.969,00 | $10.203,00 | $10.821,00 | $11.580,00 | $1.211,00"
USD,4,MA... SERIES MONOBLOC GEARBOX PRICE LIST($),"MA…1002 | $11.383,00 | $11.712,00 | $12.676,00 | $13.051,00 | $1.352,00"
USD,4,MA... SERIES MONOBLOC GEARBOX PRICE LIST($),"MA…1003 | $12.091,00 | $12.420,00 | $13.385,00 | $13.760,00 | $1.352,00"
USD,4,MA... SERIES MONOBLOC GEARBOX PRICE LIST($),"MA…1004 | $12.410,00 | $12.739,00 | $13.705,00 | $14.079,00 | $1.352,00"
USD,4,MA... SERIES MONOBLOC GEARBOX PRICE LIST($),"MA…1102 | $13.619,00 | $13.705,00 | $14.872,00 | $16.348,00 | $2.031,00"
USD,4,MA... SERIES MONOBLOC GEARBOX PRICE LIST($),"MA…1103 | $14.735,00 | $14.661,00 | $15.836,00 | $17.302,00 | $2.031,00"
USD,4,MA... SERIES MONOBLOC GEARBOX PRICE LIST($),"MA…1104 | $15.268,00 | $15.058,00 | $16.230,00 | $17.691,00 | $2.031,00"
USD,4,MA... SERIES MONOBLOC GEARBOX PRICE LIST($),"MA…1202 | $17.872,00 | $16.788,00 | $17.799,00 | $19.954,00 | $2.298,00"
USD,4,MA... SERIES MONOBLOC GEARBOX PRICE LIST($),"MA…1203 | $19.439,00 | $18.372,00 | $19.380,00 | $21.543,00 | $2.298,00"
USD,4,MA... SERIES MONOBLOC GEARBOX PRICE LIST($),"MA…1204 | $20.088,00 | $18.993,00 | $20.039,00 | $22.227,00 | $2.298,00"
USD,4,MK... SERIES (BEVEL HELICAL) MONOBLOC GEARBOX,GEARBOX TYPE | HOLLOW SHAFT (MK…G..) | OUTPUT SHAFT (MK…SL/SR) | DOUBLE OUTPUT SHAFT (MK…SD) | SHRINK DISC (MK…SDL/SDR) | OUTPUT FLANGE (MK…FL/FR)
USD,4,MK... SERIES (BEVEL HELICAL) MONOBLOC GEARBOX,"MK ….403 | $3.770,00 | $3.683,00 | $3.854,00 | $4.180,00 | $535,00"
USD,4,MK... SERIES (BEVEL HELICAL) MONOBLOC GEARBOX,"MK ….404 | $3.857,00 | $3.770,00 | $3.941,00 | $4.267,00 | $535,00"
USD,4,MK... SERIES (BEVEL HELICAL) MONOBLOC GEARBOX,"MK ….503 | $4.430,00 | $4.254,00 | $4.457,00 | $4.904,00 | $633,00"
USD,4,MK... SERIES (BEVEL HELICAL) MONOBLOC GEARBOX,"MK ….504 | $4.527,00 | $4.350,00 | $4.547,00 | $5.024,00 | $633,00"
USD,4,MK... SERIES (BEVEL HELICAL) MONOBLOC GEARBOX,"MK ….603 | $5.089,00 | $5.075,00 | $5.771,00 | $5.953,00 | $656,00"
USD,4,MK... SERIES (BEVEL HELICAL) MONOBLOC GEARBOX,"MK ….604 | $5.220,00 | $5.203,00 | $5.839,00 | $6.020,00 | $656,00"
USD,4,MK... SERIES (BEVEL HELICAL) MONOBLOC GEARBOX,"MK ….703 | $6.390,00 | $6.369,00 | $7.307,00 | $7.546,00 | $1.023,00"
USD,4,MK... SERIES (BEVEL HELICAL) MONOBLOC GEARBOX,"MK ….704 | $6.575,00 | $6.564,00 | $7.445,00 | $7.685,00 | $1.023,00"
USD,4,MK... SERIES (BEVEL HELICAL) MONOBLOC GEARBOX,"MK ….803 | $8.750,00 | $8.939,00 | $9.499,00 | $9.664,00 | $1.104,00"
USD,4,MK... SERIES (BEVEL HELICAL) MONOBLOC GEARBOX,"MK ….804 | $8.922,00 | $9.111,00 | $9.672,00 | $9.836,00 | $1.104,00"
USD,4,MK... SERIES (BEVEL HELICAL) MONOBLOC GEARBOX,"MK ….903 | $10.242,00 | $11.204,00 | $11.822,00 | $12.582,00 | $1.211,00"
USD,4,MK... SERIES (BEVEL HELICAL) MONOBLOC GEARBOX,"MK ….904 | $10.642,00 | $11.429,00 | $12.047,00 | $12.806,00 | $1.211,00"
USD,4,MK... SERIES (BEVEL HELICAL) MONOBLOC GEARBOX,"MK ….1003 | $13.327,00 | $13.656,00 | $14.622,00 | $14.997,00 | $1.352,00"
USD,4,MK... SERIES (BEVEL HELICAL) MONOBLOC GEARBOX,"MK ….1004 | $13.658,00 | $13.987,00 | $14.952,00 | $15.327,00 | $1.352,00"
USD,4,MK... SERIES (BEVEL HELICAL) MONOBLOC GEARBOX,"MK ….1103 | $15.710,00 | $16.136,00 | $17.312,00 | $18.802,00 | $2.031,00"
USD,4,MK... SERIES (BEVEL HELICAL) MONOBLOC GEARBOX,"MK ….1104 | $16.205,00 | $16.550,00 | $18.073,00 | $19.339,00 | $2.031,00"
USD,4,MK... SERIES (BEVEL HELICAL) MONOBLOC GEARBOX,"MK ….1203 | $20.380,00 | $19.236,00 | $20.181,00 | $22.531,00 | $2.298,00"
USD,4,MK... SERIES (BEVEL HELICAL) MONOBLOC GEARBOX,"MK ….1204 | $21.242,00 | $20.115,00 | $21.054,00 | $23.424,00 | $2.298,00"
USD,5,MK SERIES WITH AUXILIARY DRIVES PRICE LIST($),GEARBOX TYPE | HOLLOW SHAFT (MK…G..) | OUTPUT SHAFT (MK…SL/SR) | SHRINK DISC (MK…SDL/SDR)
USD,5,MK SERIES WITH AUXILIARY DRIVES PRICE LIST($),"MK 403 - İRK 63 / 90 L4a | $7.093,00 | $7.194,00 | $7.761,00"
USD,5,MK SERIES WITH AUXILIARY DRIVES PRICE LIST($),"MK 503 - İRK 73 / 100 L4b | $8.798,00 | $9.006,00 | $9.674,00"
USD,5,MK SERIES WITH AUXILIARY DRIVES PRICE LIST($),"MK 603 - İRK 73 / 112 M4a | $9.791,00 | $9.860,00 | $10.778,00"
USD,5,MK SERIES WITH AUXILIARY DRIVES PRICE LIST($),"MK 703 - İRK 83 / 132 S4a | $13.119,00 | $13.182,00 | $14.554,00"
USD,5,MK SERIES WITH AUXILIARY DRIVES PRICE LIST($),"MK 803 - İRK 83 / 132 S4a | $14.794,00 | $14.855,00 | $16.426,00"
USD,5,MK SERIES WITH AUXILIARY DRIVES PRICE LIST($),"MK903 - İRK 93 / 132 M4a | $18.306,00 | $18.699,00 | $20.299,00"
USD,5,MK SERIES WITH AUXILIARY DRIVES PRICE LIST($),"MK 1003 - İRK 93 / 132 M4a | $20.744,00 | $20.799,00 | $22.866,00"
USD,5,MK SERIES WITH AUXILIARY DRIVES PRICE LIST($),"MK 1103 - İRK 103 / 160 M4b | $26.608,00 | $27.933,00 | $30.716,00"
USD,5,MK SERIES WITH AUXILIARY DRIVES PRICE LIST($),"MK 1203 - İRK 103 / 160 L4a | $30.075,00 | $31.217,00 | $34.714,00"
USD,6,MAE... SERIES EXTRUDER TYPE MONOBLOC GEARBOX ,STANDART EXTRUDER FLANGE | OPTIONAL EXTRUDER FLANGE
USD,6,MAE... SERIES EXTRUDER TYPE MONOBLOC GEARBOX ,GEARBOX TYPE | EXTRUDER BEARING | PRICE ($) | GEARBOX TYPE | EXTRUDER BEARING | PRICE ($)
USD,6,MAE... SERIES EXTRUDER TYPE MONOBLOC GEARBOX ,"MAE ….402 | 29420 | $4.167,00 | MAE ….402 | - | -"
USD,6,MAE... SERIES EXTRUDER TYPE MONOBLOC GEARBOX ,"MAE ….403 | $4.542,00 | MAE ….403 | -"
USD,6,MAE... SERIES EXTRUDER TYPE MONOBLOC GEARBOX ,"MAE ….502 | 29424 | $5.398,00 | MAE ….502 | 29420 | $5.132,00"
USD,6,MAE... SERIES EXTRUDER TYPE MONOBLOC GEARBOX ,"MAE ….503 | $5.767,00 | MAE ….503 | $5.510,00"
USD,6,MAE... SERIES EXTRUDER TYPE MONOBLOC GEARBOX ,"MAE ….602 | 29428 | $6.295,00 | MAE ….602 | - | -"
USD,6,MAE... SERIES EXTRUDER TYPE MONOBLOC GEARBOX ,"MAE ….603 | $6.712,00 | MAE ….603 | -"
USD,6,MAE... SERIES EXTRUDER TYPE MONOBLOC GEARBOX ,"MAE ….702 | 29430 | $7.599,00 | MAE ….702 | 29424 | $7.469,00"
USD,6,MAE... SERIES EXTRUDER TYPE MONOBLOC GEARBOX ,"MAE ….703 | $8.084,00 | MAE ….703 | $7.976,00"
USD,6,MAE... SERIES EXTRUDER TYPE MONOBLOC GEARBOX ,"MAE ….704 | $7.676,00 | MAE ….704 | $8.108,00"
USD,6,MAE... SERIES EXTRUDER TYPE MONOBLOC GEARBOX ,"MAE ….802 | 29434 | $10.329,00 | MAE ….802 | - | -"
USD,6,MAE... SERIES EXTRUDER TYPE MONOBLOC GEARBOX ,"MAE ….803 | $10.859,00 | MAE ….803 | -"
USD,6,MAE... SERIES EXTRUDER TYPE MONOBLOC GEARBOX ,"MAE ….804 | $11.094,00 | MAE ….804 | -"
USD,6,MAE... SERIES EXTRUDER TYPE MONOBLOC GEARBOX ,"MAE ….902 | 29436 | $13.520,00 | MAE ….902 | 29430 | $12.045,00"
USD,6,MAE... SERIES EXTRUDER TYPE MONOBLOC GEARBOX ,"MAE ….903 | $14.375,00 | MAE ….903 | $12.913,00"
USD,6,MAE... SERIES EXTRUDER TYPE MONOBLOC GEARBOX ,"MAE ….904 | $14.756,00 | MAE ….904 | $13.260,00"
USD,6,MAE... SERIES EXTRUDER TYPE MONOBLOC GEARBOX ,"MAE…1002 | 29440 | $16.851,00 | MAE…1002 | - | -"
USD,6,MAE... SERIES EXTRUDER TYPE MONOBLOC GEARBOX ,"MAE…1003 | $17.818,00 | MAE…1003 | -"
USD,6,MAE... SERIES EXTRUDER TYPE MONOBLOC GEARBOX ,"MAE…1004 | $18.240,00 | MAE…1004 | -"
USD,6,MAE... SERIES EXTRUDER TYPE MONOBLOC GEARBOX ,"MAE…1102 | 29444 | $20.173,00 | MAE…1102 | 29344 | $19.476,00"
USD,6,MAE... SERIES EXTRUDER TYPE MONOBLOC GEARBOX ,"MAE…1103 | $21.542,00 | MAE…1103 | $20.759,00"
USD,6,MAE... SERIES EXTRUDER TYPE MONOBLOC GEARBOX ,"MAE…1104 | $22.230,00 | MAE…1104 | $21.376,00"
USD,6,MAE... SERIES EXTRUDER TYPE MONOBLOC GEARBOX ,"MAE…1202 | 29448 | $24.854,00 | MAE…1202 | - | -"
USD,6,MAE... SERIES EXTRUDER TYPE MONOBLOC GEARBOX ,"MAE…1203 | $26.536,00 | MAE…1203 | -"
USD,6,MAE... SERIES EXTRUDER TYPE MONOBLOC GEARBOX ,"MAE…1204 | $27.198,00 | MAE…1204 | -"
USD,6,MKE... SERIES (BEVEL HELICAL)EXTRUDER TYPE MO,STANDART EXTRUDER FLANGE | OPTIONAL EXTRUDER FLANGE
USD,6,MKE... SERIES (BEVEL HELICAL)EXTRUDER TYPE MO,GEARBOX TYPE | EXTRUDER BEARING | PRICE ($) | GEARBOX TYPE | EXTRUDER BEARING | PRICE ($)
USD,6,MKE... SERIES (BEVEL HELICAL)EXTRUDER TYPE MO,"MKE ….403 | 29420 | $5.234,00 | MKE…. 403 | - | -"
USD,6,MKE... SERIES (BEVEL HELICAL)EXTRUDER TYPE MO,"MKE ….503 | 29424 | $6.365,00 | MKE ….503 | 29420 | $5.590,00"
USD,6,MKE... SERIES (BEVEL HELICAL)EXTRUDER TYPE MO,"MKE ….603 | 29428 | $7.468,00 | MKE ….603 | - | -"
USD,6,MKE... SERIES (BEVEL HELICAL)EXTRUDER TYPE MO,"MKE ….703 | 29430 | $9.169,00 | MKE ….703 | 29424 | $8.269,00"
USD,6,MKE... SERIES (BEVEL HELICAL)EXTRUDER TYPE MO,"MKE ….704 | $8.668,00 | MKE ….704 | $8.368,00"
USD,6,MKE... SERIES (BEVEL HELICAL)EXTRUDER TYPE MO,"MKE ….803 | 29434 | $12.238,00 | MKE ….803 | - | -"
USD,6,MKE... SERIES (BEVEL HELICAL)EXTRUDER TYPE MO,"MKE ….804 | $12.465,00 | MKE ….804 | -"
USD,6,MKE... SERIES (BEVEL HELICAL)EXTRUDER TYPE MO,"MKE ….903 | 29436 | $15.776,00 | MKE ….903 | 29430 | $13.317,00"
USD,6,MKE... SERIES (BEVEL HELICAL)EXTRUDER TYPE MO,"MKE ….904 | $16.138,00 | MKE ….904 | $13.687,00"
USD,6,MKE... SERIES (BEVEL HELICAL)EXTRUDER TYPE MO,"MKE…1003 | 29440 | $19.295,00 | MKE…1003 | - | -"
USD,6,MKE... SERIES (BEVEL HELICAL)EXTRUDER TYPE MO,"MKE…1004 | $19.686,00 | MKE…1004 | -"
USD,6,MKE... SERIES (BEVEL HELICAL)EXTRUDER TYPE MO,"MKE…1103 | 29444 | $23.288,00 | MKE…1103 | 29344 | $21.227,00"
USD,6,MKE... SERIES (BEVEL HELICAL)EXTRUDER TYPE MO,"MKE…1104 | $23.833,00 | MKE…1104 | $21.704,00"
USD,6,MKE... SERIES (BEVEL HELICAL)EXTRUDER TYPE MO,"MKE…1203 | 29448 | $27.063,00 | MKE…1203 | -"
USD,6,MKE... SERIES (BEVEL HELICAL)EXTRUDER TYPE MO,"MKE…1204 | $27.987,00 | MKE…1204 | -"
USD,7,MAP... SERIES / IEC B5 FLANGE (PAM) PRICE LIS,GEARBOX TYPE | IEC B5 80/90 | IEC B5 100/112 | IEC B5 132 | IEC B5 160/180 | IEC B5 200 | IEC B5 225 | IEC B5 250 | IEC B5 280 | IEC B5 315
USD,7,MAP... SERIES / IEC B5 FLANGE (PAM) PRICE LIS,"MAP ….402 | - | - | - | $1.131,00 | $1.272,00 | $1.355,00 | - | - | -"
USD,7,MAP... SERIES / IEC B5 FLANGE (PAM) PRICE LIS,"MAP ….403 | - | $1.073,00 | $1.101,00 | $1.118,00 | $12,00 | - | - | - | -"
USD,7,MAP... SERIES / IEC B5 FLANGE (PAM) PRICE LIS,"MAP ….502 | - | - | - | - | - | $1.467,00 | $1.676,00 | $2.138,00 | -"
USD,7,MAP... SERIES / IEC B5 FLANGE (PAM) PRICE LIS,"MAP ….503 | - | - | $1.144,00 | $1.174,00 | $1.309,00 | $1.429,00 | $1.638,00 | - | -"
USD,7,MAP... SERIES / IEC B5 FLANGE (PAM) PRICE LIS,"MAP ….602 | - | - | - | - | - | $1.467,00 | $1.676,00 | $2.138,00 | -"
USD,7,MAP... SERIES / IEC B5 FLANGE (PAM) PRICE LIS,"MAP ….603 | - | - | $1.144,00 | $1.174,00 | $1.309,00 | $1.429,00 | $1.638,00 | - | -"
USD,7,MAP... SERIES / IEC B5 FLANGE (PAM) PRICE LIS,"MAP ….702 | - | - | - | - | - | $1.763,00 | $2.000,00 | $2.502,00 | $2.953,00"
USD,7,MAP... SERIES / IEC B5 FLANGE (PAM) PRICE LIS,"MAP ….703 | - | - | #DEĞER! | $1.367,00 | $1.514,00 | $1.658,00 | $1.891,00 | $2.370,00 | $2.806,00"
USD,7,MAP... SERIES / IEC B5 FLANGE (PAM) PRICE LIS,"MAP ….704 | - | - | $1.281,00 | $1.321,00 | $1.463,00 | - | - | - | -"
USD,7,MAP... SERIES / IEC B5 FLANGE (PAM) PRICE LIS,"MAP ….802 | - | - | - | - | - | $1.763,00 | $2.000,00 | $2.502,00 | $2.953,00"
USD,7,MAP... SERIES / IEC B5 FLANGE (PAM) PRICE LIS,"MAP ….803 | - | - | - | $1.367,00 | $1.514,00 | $1.658,00 | $1.891,00 | $2.370,00 | $2.806,00"
USD,7,MAP... SERIES / IEC B5 FLANGE (PAM) PRICE LIS,"MAP ….804 | - | - | $1.281,00 | $1.321,00 | $1.463,00 | - | - | - | -"
USD,7,MAP... SERIES / IEC B5 FLANGE (PAM) PRICE LIS,"MAP ….902 | - | - | - | - | - | $2.081,00 | $2.211,00 | $2.906,00 | $3.348,00"
USD,7,MAP... SERIES / IEC B5 FLANGE (PAM) PRICE LIS,"MAP ….903 | - | - | - | $1.683,00 | $1.841,00 | $2.019,00 | $2.267,00 | $2.784,00 | $3.235,00"
USD,7,MAP... SERIES / IEC B5 FLANGE (PAM) PRICE LIS,"MAP ….904 | - | - | $1.589,00 | $1.638,00 | $1.799,00 | $1.974,00 | - | - | -"
USD,7,MAP... SERIES / IEC B5 FLANGE (PAM) PRICE LIS,"MAP…1002 | - | - | - | - | - | - | - | $2.906,00 | $3.348,00"
USD,7,MAP... SERIES / IEC B5 FLANGE (PAM) PRICE LIS,"MAP…1003 | - | - | - | $1.683,00 | $1.841,00 | $2.019,00 | $2.267,00 | $2.784,00 | $3.235,00"
USD,7,MAP... SERIES / IEC B5 FLANGE (PAM) PRICE LIS,"MAP…1004 | - | - | $1.589,00 | $1.638,00 | $1.799,00 | $1.974,00 | - | - | -"
USD,7,MAP... SERIES / IEC B5 FLANGE (PAM) PRICE LIS,"MAP…1102 | - | - | - | - | - | - | - | - | $3.884,00"
USD,7,MAP... SERIES / IEC B5 FLANGE (PAM) PRICE LIS,"MAP…1103 | - | - | - | - | - | $2.486,00 | $2.744,00 | $3.271,00 | $3.751,00"
USD,7,MAP... SERIES / IEC B5 FLANGE (PAM) PRICE LIS,"MAP…1104 | - | - | - | $1.969,00 | $2.131,00 | $2.345,00 | $2.610,00 | - | -"
USD,7,MAP... SERIES / IEC B5 FLANGE (PAM) PRICE LIS,"MAP…1202 | - | - | - | - | - | - | - | - | $3.884,00"
USD,7,MAP... SERIES / IEC B5 FLANGE (PAM) PRICE LIS,"MAP…1203 | - | - | - | - | - | $2.486,00 | $2.744,00 | $3.271,00 | $3.751,00"
USD,7,MAP... SERIES / IEC B5 FLANGE (PAM) PRICE LIS,"MAP…1204 | - | - | - | $1.969,00 | $2.131,00 | $2.345,00 | $2.610,00 | - | -"
USD,7,MAP... SERIES / IEC B5 FLANGE (PAM) PRICE LIS,REDÜKTÖR TİPİ | IEC B5 80/90 | IEC B5 100/112 | IEC B5 132 | IEC B5 160/180 | IEC B5 200 | IEC B5 225 | IEC B5 250 | IEC B5 280 | IEC B5 315
USD,7,MAP... SERIES / IEC B5 FLANGE (PAM) PRICE LIS,"MKP ….403 | - | $1.093,00 | $1.128,00 | $1.164,00 | $1.298,00 | - | - | - | -"
USD,7,MAP... SERIES / IEC B5 FLANGE (PAM) PRICE LIS,"MKP ….404 | $1.083,00 | $1.077,00 | $1.113,00 | - | - | - | - | - | -"
USD,7,MAP... SERIES / IEC B5 FLANGE (PAM) PRICE LIS,"MKP ….503 | - | $1.218,00 | $1.255,00 | $1.293,00 | $1.418,00 | $1.569,00 | $1.857,00 | - | -"
USD,7,MAP... SERIES / IEC B5 FLANGE (PAM) PRICE LIS,"MKP ….504 | $1.194,00 | $1.198,00 | $1.234,00 | $1.266,00 | - | - | - | - | -"
USD,7,MAP... SERIES / IEC B5 FLANGE (PAM) PRICE LIS,"MKP ….603 | - | $1.218,00 | $1.255,00 | $1.293,00 | $1.418,00 | $1.569,00 | $1.857,00 | - | -"
USD,7,MAP... SERIES / IEC B5 FLANGE (PAM) PRICE LIS,"MKP ….604 | $1.194,00 | $1.200,00 | $1.234,00 | $1.267,00 | - | - | - | - | -"
USD,7,MAP... SERIES / IEC B5 FLANGE (PAM) PRICE LIS,"MKP ….703 | - | - | - | $1.533,00 | $1.695,00 | $1.862,00 | $2.123,00 | $2.443,00 | -"
USD,7,MAP... SERIES / IEC B5 FLANGE (PAM) PRICE LIS,"MKP ….704 | - | $1.203,00 | $1.299,00 | $1.467,00 | $1.631,00 | - | - | - | -"
USD,7,MAP... SERIES / IEC B5 FLANGE (PAM) PRICE LIS,"MKP ….803 | - | - | - | $1.533,00 | $1.695,00 | $1.862,00 | $2.123,00 | $2.443,00 | -"
USD,7,MAP... SERIES / IEC B5 FLANGE (PAM) PRICE LIS,"MKP ….804 | - | $1.203,00 | $1.299,00 | $1.467,00 | - | - | - | - | -"
USD,7,MAP... SERIES / IEC B5 FLANGE (PAM) PRICE LIS,"MKP ….903 | - | - | - | $1.896,00 | $2.068,00 | $2.266,00 | $2.551,00 | $3.131,00 | $3.484,00"
USD,7,MAP... SERIES / IEC B5 FLANGE (PAM) PRICE LIS,"MKP ….904 | - | $1.811,00 | $1.852,00 | $2.036,00 | $2.226,00 | $2.487,00 | - | - | -"
USD,7,MAP... SERIES / IEC B5 FLANGE (PAM) PRICE LIS,"MKP…1003 | - | - | - | $1.896,00 | $2.068,00 | $2.266,00 | $2.551,00 | $3.131,00 | $3.484,00"
USD,7,MAP... SERIES / IEC B5 FLANGE (PAM) PRICE LIS,"MKP…1004 | - | $1.811,00 | $1.852,00 | $2.036,00 | $2.226,00 | $2.487,00 | - | - | -"
USD,7,MAP... SERIES / IEC B5 FLANGE (PAM) PRICE LIS,"MKP…1103 | - | - | - | - | - | $2.754,00 | $3.057,00 | $3.696,00 | $4.080,00"
USD,7,MAP... SERIES / IEC B5 FLANGE (PAM) PRICE LIS,"MKP…1104 | - | - | - | $2.171,00 | $2.355,00 | $2.583,00 | $2.890,00 | - | -"
USD,7,MAP... SERIES / IEC B5 FLANGE (PAM) PRICE LIS,"MKP…1203 | - | - | - | - | - | $2.754,00 | $3.057,00 | $3.696,00 | $4.080,00"
USD,7,MAP... SERIES / IEC B5 FLANGE (PAM) PRICE LIS,"MKP…1204 | - | - | - | $2.171,00 | $2.355,00 | $2.583,00 | $2.890,00 | - | -"
USD,8,MA... SERIES BASE FRAME PRICE LIST($),GEARBOX TYPE | IEC B5 90 | IEC B5 100 | IEC B5 112 | IEC B5 132 | IEC B5 160 | IEC B5 180 | IEC B5 200 | IEC B5 225 | IEC B5 250 | IEC B5 280 | IEC B5 315
USD,8,MA... SERIES BASE FRAME PRICE LIST($),"MA ….402 MA ….403 | - | $1.018,00 | $1.053,00 | $1.123,00 | $1.289,00 | $1.344,00 | $1.543,00 | $1.638,00 | - | - | -"
USD,8,MA... SERIES BASE FRAME PRICE LIST($),"MA ….502 MA ….503 | - | - | - | $1.221,00 | $1.403,00 | $1.462,00 | $1.680,00 | $1.783,00 | $1.992,00 | - | -"
USD,8,MA... SERIES BASE FRAME PRICE LIST($),"MA ….602 MA ….603 | - | - | - | $1.328,00 | $1.509,00 | $1.568,00 | $1.785,00 | $1.889,00 | $2.098,00 | - | -"
USD,8,MA... SERIES BASE FRAME PRICE LIST($),"MA ….702 MA ….703 MA ….704 | - | $1.213,00 | $1.301,00 | $1.450,00 | $1.633,00 | $1.691,00 | $1.909,00 | $2.012,00 | $2.220,00 | $2.421,00 | $3.194,00"
USD,8,MA... SERIES BASE FRAME PRICE LIST($),"MA ….802 MA ….803 MA ….804 | - | $1.315,00 | $1.403,00 | $1.553,00 | $1.735,00 | $1.794,00 | $2.011,00 | $2.114,00 | $2.323,00 | $2.523,00 | $3.298,00"
USD,8,MA... SERIES BASE FRAME PRICE LIST($),"MA ….902 MA ….903 MA ….904 | - | - | - | $1.708,00 | $1.889,00 | $1.947,00 | $2.165,00 | $2.268,00 | $2.477,00 | $2.677,00 | $3.451,00"
USD,8,MA... SERIES BASE FRAME PRICE LIST($),"MA…1002 MA…1003 MA…1004 | - | - | - | $1.803,00 | $1.984,00 | $2.043,00 | $2.260,00 | $2.363,00 | $2.573,00 | $2.772,00 | $3.547,00"
USD,8,MA... SERIES BASE FRAME PRICE LIST($),"MA…1102 MA…1103 MA…1104 | - | - | - | - | $2.201,00 | $2.260,00 | $2.476,00 | $2.581,00 | $2.789,00 | $2.990,00 | $3.763,00"
USD,8,MA... SERIES BASE FRAME PRICE LIST($),"MA…1202 MA…1203 MA…1204 | - | - | - | - | $2.427,00 | $2.487,00 | $2.709,00 | $2.816,00 | $3.030,00 | $3.234,00 | $4.026,00"
USD,8,MK... SERIES (BEVEL HELICAL) BASE FRAME PRICE,GEARBOX TYPE | IEC B5 80/90 | IEC B5 100 | IEC B5 112 | IEC B5 132 | IEC B5 160 | IEC B5 180 | IEC B5 200 | IEC B5 225 | IEC B5 250 | IEC B5 280 | IEC B5 315
USD,8,MK... SERIES (BEVEL HELICAL) BASE FRAME PRICE,"MK ….403 MK ….404 | $906,00 | $940,00 | $973,00 | $1.110,00 | $1.274,00 | $1.328,00 | $1.526,00 | $1.620,00 | - | - | -"
USD,8,MK... SERIES (BEVEL HELICAL) BASE FRAME PRICE,"MK ….503 MK ….504 | $978,00 | $1.039,00 | $1.109,00 | $1.265,00 | $1.453,00 | $1.514,00 | $1.738,00 | $1.845,00 | $2.061,00 | $2.269,00 | -"
USD,8,MK... SERIES (BEVEL HELICAL) BASE FRAME PRICE,"MK ….603 MK ….604 | $1.047,00 | $1.107,00 | $1.177,00 | $1.332,00 | $1.520,00 | $1.581,00 | $1.805,00 | $1.912,00 | $2.128,00 | $2.336,00 | -"
USD,8,MK... SERIES (BEVEL HELICAL) BASE FRAME PRICE,"MK ….703 MK ….704 | $1.097,00 | $1.170,00 | $1.258,00 | $1.414,00 | $1.580,00 | $1.637,00 | $1.855,00 | $1.958,00 | $2.167,00 | $2.368,00 | $3.141,00"
USD,8,MK... SERIES (BEVEL HELICAL) BASE FRAME PRICE,"MK ….803 MK ….804 | $1.268,00 | $1.353,00 | $1.499,00 | $1.673,00 | $1.731,00 | $1.949,00 | $2.052,00 | $2.261,00 | $2.461,00 | $3.234,00 | $2.889,00"
USD,8,MK... SERIES (BEVEL HELICAL) BASE FRAME PRICE,"MK ….903 MK ….904 | - | $1.412,00 | $1.496,00 | $1.641,00 | $1.816,00 | $1.872,00 | $2.090,00 | $2.193,00 | $2.402,00 | $2.602,00 | $3.375,00"
USD,8,MK... SERIES (BEVEL HELICAL) BASE FRAME PRICE,"MK…1003 MK…1004 | - | $1.507,00 | $1.591,00 | $1.736,00 | $1.911,00 | $1.967,00 | $2.185,00 | $2.288,00 | $2.497,00 | $2.697,00 | $3.471,00"
USD,8,MK... SERIES (BEVEL HELICAL) BASE FRAME PRICE,"MK…1103 MK…1104 | - | $1.752,00 | $1.851,00 | $2.019,00 | $2.201,00 | $2.260,00 | $2.476,00 | $2.581,00 | $2.789,00 | $2.990,00 | $3.763,00"
USD,8,MK... SERIES (BEVEL HELICAL) BASE FRAME PRICE,"MK…1203 MK…1204 | - | - | - | $2.232,00 | $2.416,00 | $2.476,00 | $2.697,00 | $2.803,00 | $3.016,00 | $3.220,00 | $4.008,00"
