currency,series,page,gearbox,iec_flange,price_foot,price_flange
TL,İRP,16,İRP 42,IEC 63 B5 / B14,10446.00,11491.00
TL,İRP,16,İRP 42,IEC 71 B5 / B14,10508.00,11562.00
TL,İRP,16,İRP 42,IEC 80 B5 / B14,11000.00,12095.00
TL,İRP,16,İRP 42,IEC 90 B5 / B14,11000.00,12095.00
TL,İRP,16,İRP 43,IEC 63 B5 / B14,10643.00,11704.00
TL,İRP,16,İRP 43,IEC 71 B5 / B14,10712.00,11779.00
TL,İRP,16,İRP 43,IEC 80 B5 / B14,11179.00,12290.00
TL,İRP,16,İRP 43,IEC 90 B5 /B14,11179.00,12290.00
TL,İRP,16,İRP 52,IEC 71 B5 / B14,12528.00,13775.00
TL,İRP,16,İRP 52,IEC 80 B5 / B14,13008.00,14306.00
TL,İRP,16,İRP 52,IEC 90 B5 / B14,13008.00,14306.00
TL,İRP,16,İRP 52,IEC 100 B5 / B14,13493.00,14833.00
TL,İRP,16,İRP 52,IEC 112 B5 / B14,13493.00,14833.00
TL,İRP,16,İRP 53,IEC 63 B5 / B14,12961.00,14253.00
TL,İRP,16,İRP 53,IEC 71 B5 / B14,13028.00,14329.00
TL,İRP,16,İRP 53,IEC 80 B5 / B14,13500.00,14849.00
TL,İRP,16,İRP 53,IEC 90 B5 / B14,13500.00,14849.00
TL,İRP,16,İRP 53,IEC 100 B5 / B14,13952.00,15346.00
TL,İRP,16,İRP 53,IEC 112 B5 / B14,13952.00,15346.00
TL,İRP,16,İRP 53 İR 42,IEC 63 B5 / B14,23788.00,25349.00
TL,İRP,16,İRP 53 İR 42,IEC 71 B5 / B14,23934.00,25538.00
TL,İRP,16,İRP 621,IEC 80 B5 / B14,18787.00,20674.00
TL,İRP,16,İRP 621,IEC 90 B5 / B14,18787.00,20674.00
TL,İRP,16,İRP 621,IEC 100 B5 / B14,19134.00,21047.00
TL,İRP,16,İRP 621,IEC 112 B5 / B14,19134.00,21047.00
TL,İRP,16,İRP 621,IEC 132 B5 / B14,19841.00,21822.00
TL,İRP,16,İRP 631,IEC 63 B5,19118.00,21024.00
TL,İRP,16,İRP 631,IEC 71 B5,19125.00,21033.00
TL,İRP,16,İRP 631,IEC 80 B5 / B14,19366.00,21300.00
TL,İRP,16,İRP 631,IEC 90 B5 / B14,19366.00,21300.00
TL,İRP,16,İRP 631,IEC 100 B5 / B14,19836.00,21820.00
TL,İRP,16,İRP 631,IEC 112 B5 / B14,19836.00,21820.00
TL,İRP,16,İRP 62,IEC 80 B5 / B14,19181.00,21098.00
TL,İRP,16,İRP 62,IEC 90 B5 / B14,19181.00,21098.00
TL,İRP,16,İRP 62,IEC 100 B5 / B14,19517.00,21461.00
TL,İRP,16,İRP 62,IEC 112 B5 / B14,19517.00,21461.00
TL,İRP,16,İRP 62,IEC 132 B5 / B14,20161.00,22179.00
TL,İRP,16,İRP 63,IEC 63 B5,19474.00,21422.00
TL,İRP,16,İRP 63,IEC 71 B5,19546.00,21493.00
TL,İRP,16,İRP 63,IEC 80 B5 / B14,19821.00,21804.00
TL,İRP,16,İRP 63,IEC 90 B5 / B14,19821.00,21804.00
TL,İRP,16,İRP 63,IEC 100 B5 / B14,20159.00,22171.00
TL,İRP,16,İRP 63,IEC 112 B5 / B14,20159.00,22171.00
TL,İRP,16,İRP 64,IEC 63 B5 / B14,24030.00,26423.00
TL,İRP,16,İRP 64,IEC 71 B5 / B14,24202.00,26458.00
TL,İRP,16,İRP 63 İR 52,IEC 63 B5 / B14,29490.00,32439.00
TL,İRP,16,İRP 63 İR 52,IEC 71 B5 / B14,29560.00,32518.00
TL,İRP,16,İRP 63 İR 52,IEC 80 B5 / B14,30030.00,33034.00
TL,İRP,16,İRP 63 İR 52,IEC 90 B5 / B14,30030.00,33034.00
TL,İRP,17,İRP 721,IEC 80 B5,26000.00,28600.00
TL,İRP,17,İRP 721,IEC 90 B5 / B14,26000.00,28600.00
TL,İRP,17,İRP 721,IEC 100 B5 / B14,26786.00,29465.00
TL,İRP,17,İRP 721,IEC 112 B5 / B14,26786.00,29465.00
TL,İRP,17,İRP 721,IEC 132 B5 / B14,27370.00,30104.00
TL,İRP,17,İRP 731,IEC 71 B5,26335.00,28965.00
TL,İRP,17,İRP 731,IEC 80 B5,26837.00,29518.00
TL,İRP,17,İRP 731,IEC 90 B5 / B14,26837.00,29518.00
TL,İRP,17,İRP 731,IEC 100 B5 / B14,27624.00,30387.00
TL,İRP,17,İRP 731,IEC 112 B5 / B14,27624.00,30387.00
TL,İRP,17,İRP 731,IEC 132 B5 / B14,28203.00,31024.00
TL,İRP,17,İRP 741,IEC 63 B5,33319.00,36647.00
TL,İRP,17,İRP 741,IEC 71 B5,33633.00,36996.00
TL,İRP,17,İRP 741,IEC 80 B5 / B14,33886.00,37270.00
TL,İRP,17,İRP 721 İR 53,IEC 63 B5 / B14,38689.00,42552.00
TL,İRP,17,İRP 721 İR 53,IEC 71 B5 / B14,39000.00,42898.00
TL,İRP,17,İRP 721 İR 53,IEC 80 B5 / B14,39247.00,43171.00
TL,İRP,17,İRP 72,IEC 90 B5 / B14,29044.00,31940.00
TL,İRP,17,İRP 72,IEC 100 B5 / B14,29840.00,32819.00
TL,İRP,17,İRP 72,IEC 112 B5 / B14,29840.00,32819.00
TL,İRP,17,İRP 72,IEC 132 B5 / B14,30425.00,33470.00
TL,İRP,17,İRP 72,IEC 160 B5 / B14,32718.00,35990.00
TL,İRP,17,İRP 73,IEC 71 B5,29481.00,32422.00
TL,İRP,17,İRP 73,IEC 80 B5,29992.00,32983.00
TL,İRP,17,İRP 73,IEC 90 B5 / B14,29992.00,32983.00
TL,İRP,17,İRP 73,IEC 100 B5 / B14,30787.00,33867.00
TL,İRP,17,İRP 73,IEC 112 B5 / B14,30787.00,33867.00
TL,İRP,17,İRP 73,IEC 132 B5 / B14,31376.00,34509.00
TL,İRP,17,İRP 74,IEC 63 B5,36645.00,40311.00
TL,İRP,17,İRP 74,IEC 71 B5 / B14,36967.00,40663.00
TL,İRP,17,İRP 74,IEC 80 B5 / B14,37172.00,40888.00
TL,İRP,17,İRP 74,IEC 90 B5 / B14,37172.00,40888.00
TL,İRP,17,İRP 73 İR 52,IEC 63 B5 / B14,42066.00,46268.00
TL,İRP,17,İRP 73 İR 52,IEC 71 B5 / B14,42382.00,46620.00
TL,İRP,17,İRP 73 İR 52,IEC 80 B5 / B14,42654.00,46917.00
TL,İRP,17,İRP 82,IEC 100 B5 / B14,49238.00,54160.00
TL,İRP,17,İRP 82,IEC 112 B5 / B14,49238.00,54160.00
TL,İRP,17,İRP 82,IEC 132 B5 / B14,49871.00,54858.00
TL,İRP,17,İRP 82,IEC 160 B5 / B14,52391.00,57633.00
TL,İRP,17,İRP 82,IEC 180 B5,53721.00,59092.00
TL,İRP,17,İRP 83,IEC 80 B5,49160.00,53826.00
TL,İRP,17,İRP 83,IEC 90 B5,49160.00,53826.00
TL,İRP,17,İRP 83,IEC 100 B5 / B14,50322.00,55348.00
TL,İRP,17,İRP 83,IEC 112 B5 / B14,50322.00,55348.00
TL,İRP,17,İRP 83,IEC 132 B5 / B14,51005.00,56101.00
TL,İRP,17,İRP 83,IEC 160 B5 / B14,53558.00,58912.00
TL,İRP,18,İRP 84,IEC 71 B5,59087.00,64935.00
TL,İRP,18,İRP 84,IEC 80 B5,59596.00,65490.00
TL,İRP,18,İRP 84,IEC 90 B5 / B14,59596.00,65490.00
TL,İRP,18,İRP 82 İR 63,IEC 63 B5,66091.00,72627.00
TL,İRP,18,İRP 82 İR 63,IEC 71 B5,66405.00,72977.00
TL,İRP,18,İRP 82 İR 63,IEC 80 B5,66691.00,73359.00
TL,İRP,18,İRP 82 İR 63,IEC 90 B5,66691.00,73359.00
TL,İRP,18,İRP 83 İR 63,IEC 63 B5,66731.00,73332.00
TL,İRP,18,İRP 83 İR 63,IEC 71 B5,67048.00,73680.00
TL,İRP,18,İRP 83 İR 63,IEC 80 B5,67384.00,74049.00
TL,İRP,18,İRP 83 İR 63,IEC 90 B5,67384.00,74049.00
TL,İRP,18,İRP 92,IEC 100 B5,63624.00,69987.00
TL,İRP,18,İRP 92,IEC 112 B5,63624.00,69987.00
TL,İRP,18,İRP 92,IEC 132 B5,64160.00,70576.00
TL,İRP,18,İRP 92,IEC 160 B5 / B14,68226.00,75054.00
TL,İRP,18,İRP 92,IEC 180 B5,69676.00,76643.00
TL,İRP,18,İRP 92,IEC 200 B5,72928.00,80220.00
TL,İRP,18,İRP 93,IEC 80 B5,64512.00,102112.00
TL,İRP,18,İRP 93,IEC 90 B5,64495.00,102083.00
TL,İRP,18,İRP 93,IEC 100 B5,65559.00,72113.00
TL,İRP,18,İRP 93,IEC 112 B5,65559.00,72113.00
TL,İRP,18,İRP 93,IEC 132 B5,66244.00,72867.00
TL,İRP,18,İRP 93,IEC 160 B5 / B14,70319.00,77347.00
TL,İRP,18,İRP 93,IEC 180 B5,71937.00,79131.00
TL,İRP,18,İRP 94,IEC 80 B5,75148.00,82660.00
TL,İRP,18,İRP 94,IEC 90 B5,75148.00,82660.00
TL,İRP,18,İRP 94,IEC 100 B5 / B14,75946.00,83538.00
TL,İRP,18,İRP 94,IEC 112 B5 / B14,75946.00,83538.00
TL,İRP,18,İRP 92 İR 63,IEC 63 B5,81486.00,89632.00
TL,İRP,18,İRP 92 İR 63,IEC 71 B5 / B14,81801.00,89982.00
TL,İRP,18,İRP 92 İR 63,IEC 80 B5 / B14,82035.00,90239.00
TL,İRP,18,İRP 92 İR 63,IEC 90 B5 / B14,82035.00,90239.00
TL,İRP,18,İRP 93 İR 63,IEC 63 B5,82082.00,90290.00
TL,İRP,18,İRP 93 İR 63,IEC 71 B5 / B14,82402.00,90640.00
TL,İRP,18,İRP 93 İR 63,IEC 80 B5 / B14,82690.00,90960.00
TL,İRP,18,İRP 93 İR 63,IEC 90 B5 / B14,82690.00,90960.00
TL,İRP,18,İRP 102,IEC 132 B5,85381.00,93914.00
TL,İRP,18,İRP 102,IEC 160 B5 / B14,89782.00,98762.00
TL,İRP,18,İRP 102,IEC 180 B5,91482.00,100625.00
TL,İRP,18,İRP 102,IEC 200 B5,94745.00,104211.00
TL,İRP,18,İRP 102,IEC 225 B5,103477.00,113822.00
TL,İRP,18,İRP 103,IEC 100 B5,87357.00,96090.00
TL,İRP,18,İRP 103,IEC 112 B5,87357.00,96090.00
TL,İRP,18,İRP 103,IEC 132 B5,88027.00,96828.00
TL,İRP,18,İRP 103,IEC 160 B5 / B14,92435.00,101685.00
TL,İRP,18,İRP 103,IEC 180 B5,94141.00,103558.00
TL,İRP,18,İRP 103,IEC 200 B5,97414.00,107158.00
TL,İRP,18,İRP 104,IEC 80 B5,100863.00,110742.00
TL,İRP,18,İRP 104,IEC 90 B5,100863.00,110742.00
TL,İRP,18,İRP 104,IEC 100 B5 / B14,101940.00,112132.00
TL,İRP,19,İRP 102 İR 73,IEC 71 B5,114161.00,125577.00
TL,İRP,19,İRP 102 İR 73,IEC 80 B5,114667.00,126134.00
TL,İRP,19,İRP 102 İR 73,IEC 90 B5 / B14,114667.00,126134.00
TL,İRP,19,İRP 102 İR 73,IEC 100 B5 / B14,115541.00,127096.00
TL,İRP,19,İRP 103 İR 72,IEC 71 B5,114696.00,126180.00
TL,İRP,19,İRP 103 İR 72,IEC 80 B5,115202.00,126689.00
TL,İRP,19,İRP 103 İR 72,IEC 90 B5 / B14,115202.00,126689.00
TL,İRP,19,İRP 103 İR 72,IEC 100 B5 / B14,115794.00,127275.00
TL,İRP,19,İRP 103 İR 73,IEC 71 B5,115073.00,126583.00
TL,İRP,19,İRP 103 İR 73,IEC 80 B5,115575.00,127136.00
TL,İRP,19,İRP 103 İR 73,IEC 90 B5 / B14,115575.00,127136.00
TL,İRP,19,İRP 103 İR 73,IEC 100 B5 / B14,116363.00,128004.00
TL,İRP,19,İRP 122,IEC 160 B5,120152.00,132171.00
TL,İRP,19,İRP 122,IEC 180 B5,122347.00,134581.00
TL,İRP,19,İRP 122,IEC 200 B5,125922.00,138512.00
TL,İRP,19,İRP 122,IEC 225 B5,134738.00,148210.00
TL,İRP,19,İRP 122,IEC 250 B5,140769.00,154849.00
TL,İRP,19,İRP 123,IEC 132 B5,119020.00,130927.00
TL,İRP,19,İRP 123,IEC 160 B5,123546.00,135903.00
TL,İRP,19,İRP 123,IEC 180 B5,125749.00,138322.00
TL,İRP,19,İRP 123,IEC 200 B5,129328.00,142258.00
TL,İRP,19,İRP 123,IEC 225 B5,138167.00,151984.00
TL,İRP,19,İRP 123,IEC 250 B5,144492.00,158943.00
TL,İRP,19,İRP 124,IEC 90 B5,132581.00,145833.00
TL,İRP,19,İRP 124,IEC 100 B5,133598.00,146958.00
TL,İRP,19,İRP 124,IEC 112 B5,133598.00,146958.00
TL,İRP,19,İRP 124,IEC 132 B5,134275.00,147697.00
TL,İRP,19,İRP 122 İR 73,IEC 71 B5,145584.00,160136.00
TL,İRP,19,İRP 122 İR 73,IEC 80 B5,146086.00,160691.00
TL,İRP,19,İRP 122 İR 73,IEC 90 B5 / B14,146086.00,160691.00
TL,İRP,19,İRP 122 İR 73,IEC 100 B5 / B14,146875.00,161559.00
TL,İRP,19,İRP 122 İR 73,IEC 112 B5 / B14,146875.00,161559.00
TL,İRP,19,İRP 122 İR 73,IEC 132 B5 / B14,147393.00,162129.00
TL,İRP,19,İRP 123 İR 72,IEC 71 B5,146915.00,161069.00
TL,İRP,19,İRP 123 İR 72,IEC 80 B5,147417.00,161624.00
TL,İRP,19,İRP 123 İR 72,IEC 90 B5 / B14,147417.00,161624.00
TL,İRP,19,İRP 123 İR 72,IEC 100 B5 / B14,148694.00,163174.00
TL,İRP,19,İRP 123 İR 72,IEC 112 B5 / B14,148694.00,163174.00
TL,İRP,19,İRP 123 İR 72,IEC 132 B5 / B14,149213.00,163696.00
TL,İRP,19,İRP 123 İR 73,IEC 71 B5,146454.00,161093.00
TL,İRP,19,İRP 123 İR 73,IEC 80 B5,146956.00,161644.00
TL,İRP,19,İRP 123 İR 73,IEC 90 B5 / B14,146956.00,161644.00
TL,İRP,19,İRP 142,IEC 160 B5,215751.00,237328.00
TL,İRP,19,İRP 142,IEC 180 B5,216274.00,237910.00
TL,İRP,19,İRP 142,IEC 200 B5,221670.00,243829.00
TL,İRP,19,İRP 142,IEC 225 B5,231094.00,254203.00
TL,İRP,19,İRP 142,IEC 250 B5,237267.00,260989.00
TL,İRP,19,İRP 142,IEC 280 B5,246663.00,271322.00
TL,İRP,19,İRP 143,IEC 132 B5,227006.00,249709.00
TL,İRP,19,İRP 143,IEC 160 B5,231430.00,254573.00
TL,İRP,19,İRP 143,IEC 180 B5,231754.00,254930.00
TL,İRP,19,İRP 143,IEC 200 B5,237131.00,260845.00
TL,İRP,19,İRP 143,IEC 225 B5,246595.00,271257.00
TL,İRP,19,İRP 143,IEC 250 B5,252704.00,277974.00
TL,İRP,19,İRP 143,IEC 280 B5,262274.00,288507.00
TL,İRP,20,İRP 144,IEC 90 B5,247577.00,271182.00
TL,İRP,20,İRP 144,IEC 100 B5,248634.00,273496.00
TL,İRP,20,İRP 144,IEC 112 B5,248634.00,273496.00
TL,İRP,20,İRP 144,IEC 132 B5,249352.00,274281.00
TL,İRP,20,İRP 144,IEC 160 B5,253694.00,279058.00
TL,İRP,20,İRP 143 İR 72,IEC 71 B5,252678.00,277945.00
TL,İRP,20,İRP 143 İR 72,IEC 80 B5,252645.00,277900.00
TL,İRP,20,İRP 143 İR 72,IEC 90 B5 / B14,252645.00,277900.00
TL,İRP,20,İRP 143 İR 72,IEC 100 B5 / B14,254123.00,279534.00
TL,İRP,20,İRP 143 İR 72,IEC 112 B5 / B14,254360.00,279534.00
TL,İRP,20,İRP 143 İR 72,IEC 132 B5 / B14,255226.00,280749.00
TL,İRP,20,İRP 143 İR 73,IEC 71 B5,254106.00,279507.00
TL,İRP,20,İRP 143 İR 73,IEC 80 B5,254637.00,280092.00
TL,İRP,20,İRP 143 İR 73,IEC 90 B5 / B14,254637.00,280092.00
TL,İRP,20,İRP 143 İR 73,IEC 100 B5 / B14,255670.00,281001.00
TL,İRP,20,İRP 143 İR 73,IEC 112 B5 / B14,255670.00,281001.00
TL,İRP,20,İRP 143 İR 73,IEC 132 B5 / B14,256451.00,282096.00
TL,İRP,20,İRP 143 İR 82,IEC 90 B5,266910.00,293384.00
TL,İRP,20,İRP 143 İR 82,IEC 100 B5,267891.00,294911.00
TL,İRP,20,İRP 143 İR 82,IEC 112 B5,267891.00,294911.00
TL,İRP,20,İRP 143 İR 82,IEC 132 B5,269049.00,296429.00
TL,İRP,20,İRP 143 İR 82,IEC 160 B5,272116.00,299964.00
TL,İRP,20,İRP 152,IEC 200 B5,332654.00,365919.00
TL,İRP,20,İRP 152,IEC 225 B5,342261.00,376483.00
TL,İRP,20,İRP 152,IEC 250 B5,350744.00,385815.00
TL,İRP,20,İRP 152,IEC 280 B5,355350.00,390878.00
TL,İRP,20,İRP 152,IEC 315 B5,415123.00,456700.00
TL,İRP,20,İRP 153,IEC 160 B5,348986.00,383888.00
TL,İRP,20,İRP 153,IEC 180 B5,348984.00,383884.00
TL,İRP,20,İRP 153,IEC 200 B5,355398.00,390933.00
TL,İRP,20,İRP 153,IEC 225 B5,365075.00,401592.00
TL,İRP,20,İRP 153,IEC 250 B5,373804.00,411199.00
TL,İRP,20,İRP 153,IEC 280 B5,378080.00,415889.00
TL,İRP,20,İRP 153,IEC 315 B5,437544.00,481288.00
TL,İRP,20,İRP 154,IEC 100 B5,381153.00,419261.00
TL,İRP,20,İRP 154,IEC 112 B5,381153.00,419261.00
TL,İRP,20,İRP 154,IEC 132 B5,383663.00,422028.00
TL,İRP,20,İRP 154,IEC 160 B5,386307.00,424527.00
TL,İRP,20,İRP 153 İR 92,IEC 90 B5,393284.00,432617.00
TL,İRP,20,İRP 153 İR 92,IEC 100 B5,394363.00,433797.00
TL,İRP,20,İRP 153 İR 92,IEC 112 B5,394363.00,433797.00
TL,İRP,20,İRP 153 İR 92,IEC 132 B5,397872.00,434592.00
TL,İRP,20,İRP 153 İR 93,IEC 80 B5,394665.00,434104.00
TL,İRP,20,İRP 153 İR 93,IEC 90 B5,395039.00,434511.00
TL,İRP,20,İRP 153 İR 103,IEC 100 B5,422672.00,461459.00
TL,İRP,20,İRP 153 İR 103,IEC 112 B5,422592.00,461373.00
TL,İRP,20,İRP 153 İR 103,IEC 132 B5,425296.00,466655.00
TL,İRP,20,İRP 153 İR 103,IEC 160 B5,429858.00,471848.00
TL,İRKP,32,İRKP 42,IEC 63 B5 / B14,17175.00,18128.00
TL,İRKP,32,İRKP 42,IEC 71 B5 / B14,17183.00,18136.00
TL,İRKP,32,İRKP 42,IEC 80 B5 / B14,17238.00,18191.00
TL,İRKP,32,İRKP 42,IEC 90 B5 / B14,17238.00,18191.00
TL,İRKP,32,İRKP 42,IEC 100 B5 / B14,17588.00,18541.00
TL,İRKP,32,İRKP 43,IEC 63 B5 / B14,17757.00,18710.00
TL,İRKP,32,İRKP 43,IEC 71 B5 / B14,17836.00,18789.00
TL,İRKP,32,İRKP 43,IEC 80 B5 / B14,17892.00,18845.00
TL,İRKP,32,İRKP 43,IEC 90 B5 / B14,17892.00,18845.00
TL,İRKP,32,İRKP 43,IEC 100 B5 / B14,18249.00,19202.00
TL,İRKP,32,İRKP 52,IEC 63 B5 / B14,17248.00,18201.00
TL,İRKP,32,İRKP 52,IEC 71 B5 / B14,17316.00,18269.00
TL,İRKP,32,İRKP 52,IEC 80 B5 / B14,17568.00,18521.00
TL,İRKP,32,İRKP 52,IEC 90 B5 / B14,17568.00,18521.00
TL,İRKP,32,İRKP 52,IEC 100 B5 / B14,18006.00,18959.00
TL,İRKP,32,İRKP 53,IEC 63 B5 / B14,18026.00,18979.00
TL,İRKP,32,İRKP 53,IEC 71 B5 / B14,18095.00,19048.00
TL,İRKP,32,İRKP 53,IEC 80 B5 / B14,18354.00,19307.00
TL,İRKP,32,İRKP 53,IEC 90 B5 / B14,18354.00,19307.00
TL,İRKP,32,İRKP 53,IEC 100 B5 / B14,18795.00,19748.00
TL,İRKP,32,İRKP 63,IEC 63 B5 / B14,22835.00,23863.00
TL,İRKP,32,İRKP 63,IEC 71 B5 / B14,22904.00,23932.00
TL,İRKP,32,İRKP 63,IEC 80 B5 / B14,23144.00,24172.00
TL,İRKP,32,İRKP 63,IEC 90 B5 / B14,23144.00,24172.00
TL,İRKP,32,İRKP 63,IEC 100 B5 / B14,23498.00,24526.00
TL,İRKP,32,İRKP 63,IEC 112 B5 / B14,23498.00,24526.00
TL,İRKP,32,İRKP 63 İR 52,IEC 63 B5 / B14,32851.00,33879.00
TL,İRKP,32,İRKP 63 İR 52,IEC 71 B5 / B14,32919.00,33947.00
TL,İRKP,32,İRKP 63 İR 52,IEC 80 B5 / B14,33377.00,34405.00
TL,İRKP,32,İRKP 73,IEC 63 B5,36320.00,37453.00
TL,İRKP,32,İRKP 73,IEC 71 B5,36430.00,37563.00
TL,İRKP,32,İRKP 73,IEC 80 B5 / B14,36937.00,38070.00
TL,İRKP,32,İRKP 73,IEC 90 B5 / B14,36937.00,38070.00
TL,İRKP,32,İRKP 73,IEC 100 B5 / B14,37724.00,38857.00
TL,İRKP,32,İRKP 73,IEC 112 B5 / B14,37724.00,38857.00
TL,İRKP,32,İRKP 73,IEC 132 B5 / B14,38257.00,39390.00
TL,İRKP,32,İRKP 74,IEC 63 B5 / B14,43284.00,44417.00
TL,İRKP,32,İRKP 74,IEC 71 B5 / B14,43746.00,44879.00
TL,İRKP,32,İRKP 74,IEC 80 B5 / B14,43992.00,45125.00
TL,İRKP,32,İRKP 74,IEC 90 B5 / B14,43992.00,45125.00
TL,İRKP,32,İRKP 73 İR 52,IEC 63 B5 / B14,48860.00,49993.00
TL,İRKP,32,İRKP 73 İR 52,IEC 71 B5 / B14,49184.00,50317.00
TL,İRKP,32,İRKP 73 İR 52,IEC 80 B5 / B14,49433.00,50566.00
TL,İRKP,32,İRKP 73 İR 53,IEC 63 B5 / B14,49275.00,50408.00
TL,İRKP,32,İRKP 73 İR 53,IEC 71 B5 / B14,49589.00,50722.00
TL,İRKP,32,İRKP 73 İR 53,IEC 80 B5 / B14,49839.00,50972.00
TL,İRKP,33,İRKP 83,IEC 71 B5,54523.00,56024.00
TL,İRKP,33,İRKP 83,IEC 80 B5,55056.00,56557.00
TL,İRKP,33,İRKP 83,IEC 90 B5 / B14,55056.00,56557.00
TL,İRKP,33,İRKP 83,IEC 100 B5 / B14,56132.00,57633.00
TL,İRKP,33,İRKP 83,IEC 112 B5 / B14,56132.00,57633.00
TL,İRKP,33,İRKP 83,IEC 132 B5 / B14,56838.00,58339.00
TL,İRKP,33,İRKP 83,IEC 160 B5,59357.00,60858.00
TL,İRKP,33,İRKP 84,IEC 71 B5 / B14,64953.00,66454.00
TL,İRKP,33,İRKP 84,IEC 80 B5 / B14,65484.00,66985.00
TL,İRKP,33,İRKP 84,IEC 90 B5 / B14,65484.00,66985.00
TL,İRKP,33,İRKP 83 İR 52,IEC 63 B5 / B14,71936.00,73437.00
TL,İRKP,33,İRKP 83 İR 52,IEC 71 B5 / B14,72253.00,73754.00
TL,İRKP,33,İRKP 83 İR 52,IEC 80 B5 / B14,72496.00,73997.00
TL,İRKP,33,İRKP 83 İR 52,IEC 90 B5 / B14,72496.00,73997.00
TL,İRKP,33,İRKP 83 İR 53,IEC 63 B5 / B14,72555.00,74056.00
TL,İRKP,33,İRKP 83 İR 53,IEC 71 B5 / B14,72864.00,74365.00
TL,İRKP,33,İRKP 83 İR 53,IEC 80 B5 / B14,73112.00,74613.00
TL,İRKP,33,İRKP 83 İR 53,IEC 90 B5 / B14,73112.00,74613.00
TL,İRKP,33,İRKP 93,IEC 80 B5,76408.00,78906.00
TL,İRKP,33,İRKP 93,IEC 90 B5,76408.00,78906.00
TL,İRKP,33,İRKP 93,IEC 100 B5 / B14,76645.00,79143.00
TL,İRKP,33,İRKP 93,IEC 112 B5 / B14,76661.00,79159.00
TL,İRKP,33,İRKP 93,IEC 132 B5 / B14,77227.00,79725.00
TL,İRKP,33,İRKP 93,IEC 160 B5,81109.00,83607.00
TL,İRKP,33,İRKP 93,IEC 180 B5,82744.00,85242.00
TL,İRKP,33,İRKP 94,IEC 71 B5,85942.00,88440.00
TL,İRKP,33,İRKP 94,IEC 80 B5,86190.00,88688.00
TL,İRKP,33,İRKP 94,IEC 90 B5 / B14,86190.00,88688.00
TL,İRKP,33,İRKP 94,IEC 100 B5 / B14,86970.00,89468.00
TL,İRKP,33,İRKP 94,IEC 112 B5 / B14,86970.00,89468.00
TL,İRKP,33,İRKP 93 İR 62,IEC 63 B5,92095.00,94593.00
TL,İRKP,33,İRKP 93 İR 62,IEC 71 B5 / B14,92400.00,94898.00
TL,İRKP,33,İRKP 93 İR 62,IEC 80 B5 / B14,92666.00,95164.00
TL,İRKP,33,İRKP 93 İR 62,IEC 90 B5 / B14,92666.00,95164.00
TL,İRKP,33,İRKP 93 İR 62,IEC 100 B5 / B14,93013.00,95511.00
TL,İRKP,33,İRKP 93 İR 62,IEC 112 B5 / B14,93013.00,95511.00
TL,İRKP,33,İRKP 93 İR 63,IEC 63 B5,92624.00,95122.00
TL,İRKP,33,İRKP 93 İR 63,IEC 71 B5 / B14,92932.00,95430.00
TL,İRKP,33,İRKP 93 İR 63,IEC 80 B5 / B14,93202.00,95700.00
TL,İRKP,33,İRKP 93 İR 63,IEC 90 B5 / B14,93202.00,95700.00
TL,İRKP,33,İRKP 93 İR 63,IEC 100 B5 / B14,93550.00,96048.00
TL,İRKP,33,İRKP 93 İR 63,IEC 112 B5 / B14,93550.00,96048.00
TL,İRKP,34,İRKP 103,IEC 90 B5,108859.00,114093.00
TL,İRKP,34,İRKP 103,IEC 100 B5,109111.00,114345.00
TL,İRKP,34,İRKP 103,IEC 112 B5,109111.00,114345.00
TL,İRKP,34,İRKP 103,IEC 132 B5,109777.00,115011.00
TL,İRKP,34,İRKP 103,IEC 160 B5 / B14,113979.00,119213.00
TL,İRKP,34,İRKP 103,IEC 180 B5,115551.00,120785.00
TL,İRKP,34,İRKP 103,IEC 200 B5,118874.00,124108.00
TL,İRKP,34,İRKP 104,IEC 80 B5,123129.00,128363.00
TL,İRKP,34,İRKP 104,IEC 90 B5,123129.00,128363.00
TL,İRKP,34,İRKP 104,IEC 100 B5 / B14,123045.00,128279.00
TL,İRKP,34,İRKP 104,IEC 112 B5 / B14,123580.00,128814.00
TL,İRKP,34,İRKP 103 İR 62,IEC 71 B5 / B14,135336.00,140570.00
TL,İRKP,34,İRKP 103 İR 62,IEC 80 B5 / B14,135827.00,141061.00
TL,İRKP,34,İRKP 103 İR 62,IEC 90 B5 / B14,135827.00,141061.00
TL,İRKP,34,İRKP 103 İR 62,IEC 100 B5 / B14,136610.00,141844.00
TL,İRKP,34,İRKP 103 İR 62,IEC 112 B5 / B14,136610.00,141844.00
TL,İRKP,34,İRKP 103 İR 63,IEC 63 B5,135958.00,141192.00
TL,İRKP,34,İRKP 103 İR 63,IEC 71 B5 / B14,136235.00,141469.00
TL,İRKP,34,İRKP 103 İR 63,IEC 80 B5 / B14,136688.00,141922.00
TL,İRKP,34,İRKP 103 İR 63,IEC 90 B5 / B14,136688.00,141922.00
TL,İRKP,34,İRKP 103 İR 63,IEC 100 B5 /B14,137465.00,142699.00
TL,İRKP,34,İRKP 103 İR 63,IEC 112 B5 / B14,137465.00,142699.00
TL,İRKP,34,İRKP 123,IEC 100 B5,158854.00,166463.00
TL,İRKP,34,İRKP 123,IEC 112 B5,158842.00,166451.00
TL,İRKP,34,İRKP 123,IEC 132 B5,160129.00,167738.00
TL,İRKP,34,İRKP 123,IEC 160 B5,164531.00,172140.00
TL,İRKP,34,İRKP 123,IEC 180 B5,166641.00,174250.00
TL,İRKP,34,İRKP 123,IEC 200 B5,170442.00,178051.00
TL,İRKP,34,İRKP 123,IEC 225 B5,178969.00,186578.00
TL,İRKP,34,İRKP 124,IEC 90 B5,173933.00,181542.00
TL,İRKP,34,İRKP 124,IEC 100 B5,174919.00,182528.00
TL,İRKP,34,İRKP 124,IEC 112 B5,174919.00,182528.00
TL,İRKP,34,İRKP 124,IEC 132 B5,175574.00,183183.00
TL,İRKP,34,İRKP 123 İR 72,IEC 71 B5,186930.00,194539.00
TL,İRKP,34,İRKP 123 İR 72,IEC 80 B5,187268.00,194877.00
TL,İRKP,34,İRKP 123 İR 72,IEC 90 B5 / B14,187268.00,194877.00
TL,İRKP,34,İRKP 123 İR 72,IEC 100 B5 / B14,188055.00,195664.00
TL,İRKP,34,İRKP 123 İR 72,IEC 112 B5 / B14,188055.00,195664.00
TL,İRKP,34,İRKP 123 İR 72,IEC 132 B5 / B14,188573.00,196182.00
TL,İRKP,34,İRKP 123 İR 73,IEC 71 B5,188461.00,196070.00
TL,İRKP,34,İRKP 123 İR 73,IEC 80 B5,188379.00,195988.00
TL,İRKP,34,İRKP 123 İR 73,IEC 90 B5 / B14,188379.00,195988.00
TL,İRKP,34,İRKP 123 İR 73,IEC 100 B5 / B14,189167.00,196776.00
TL,İRKP,34,İRKP 123 İR 73,IEC 112 B5 / B14,189167.00,196776.00
TL,İRKP,34,İRKP 123 İR 73,IEC 132 B5 / B14,189686.00,197295.00
TL,İRKP,35,İRKP 143,IEC 112 B5,245433.00,258212.00
TL,İRKP,35,İRKP 143,IEC 132 B5,247235.00,260014.00
TL,İRKP,35,İRKP 143,IEC 160 B5,251963.00,264742.00
TL,İRKP,35,İRKP 143,IEC 180 B5,252524.00,265303.00
TL,İRKP,35,İRKP 143,IEC 200 B5,258146.00,270925.00
TL,İRKP,35,İRKP 143,IEC 225 B5,266608.00,279387.00
TL,İRKP,35,İRKP 143,IEC 250 B5,272835.00,285614.00
TL,İRKP,35,İRKP 143,IEC 280 B5,282038.00,294817.00
TL,İRKP,35,İRKP 144,IEC 90 B5,267018.00,279797.00
TL,İRKP,35,İRKP 144,IEC 100 B5,268585.00,281364.00
TL,İRKP,35,İRKP 144,IEC 112 B5,268586.00,281365.00
TL,İRKP,35,İRKP 144,IEC 132 B5,269270.00,282049.00
TL,İRKP,35,İRKP 144,IEC 160 B5,273358.00,286137.00
TL,İRKP,35,İRKP 143 İR 72,IEC 71 B5,272407.00,285186.00
TL,İRKP,35,İRKP 143 İR 72,IEC 80 B5,272880.00,285659.00
TL,İRKP,35,İRKP 143 İR 72,IEC 90 B5 / B14,272880.00,285659.00
TL,İRKP,35,İRKP 143 İR 72,IEC 100 B5 / B14,273684.00,286463.00
TL,İRKP,35,İRKP 143 İR 72,IEC 112 B5 / B14,273684.00,286463.00
TL,İRKP,35,İRKP 143 İR 72,IEC 132 B5 / B14,274223.00,287002.00
TL,İRKP,35,İRKP 143 İR 73,IEC 71 B5,273393.00,286172.00
TL,İRKP,35,İRKP 143 İR 73,IEC 80 B5,273903.00,286682.00
TL,İRKP,35,İRKP 143 İR 73,IEC 90 B5 / B14,273903.00,286682.00
TL,İRKP,35,İRKP 143 İR 73,IEC 100 B5 / B14,274721.00,287500.00
TL,İRKP,35,İRKP 143 İR 73,IEC 112 B5 / B14,274721.00,287500.00
TL,İRKP,35,İRKP 143 İR 73,IEC 132 B5 / B14,275263.00,288042.00
TL,İRKP,35,İRKP 153,IEC 132 B5,353805.00,370842.00
TL,İRKP,35,İRKP 153,IEC 160 B5,355866.00,372903.00
TL,İRKP,35,İRKP 153,IEC 180 B5,356335.00,373372.00
TL,İRKP,35,İRKP 153,IEC 200 B5,362008.00,379045.00
TL,İRKP,35,İRKP 153,IEC 225 B5,371631.00,388668.00
TL,İRKP,35,İRKP 153,IEC 250 B5,380193.00,397230.00
TL,İRKP,35,İRKP 153,IEC 280 B5,384802.00,401839.00
TL,İRKP,35,İRKP 153,IEC 315 B5,442779.00,459816.00
TL,İRKP,35,İRKP 154,IEC 100 B5,388181.00,405218.00
TL,İRKP,35,İRKP 154,IEC 112 B5,388181.00,405218.00
TL,İRKP,35,İRKP 154,IEC 132 B5,388890.00,405927.00
TL,İRKP,35,İRKP 154,IEC 160 B5,393423.00,410460.00
TL,İRKP,35,İRKP 154,IEC 180 B5,395288.00,412325.00
TL,İRKP,35,İRKP 153 İR 92,IEC 80 B5,400284.00,417321.00
TL,İRKP,35,İRKP 153 İR 92,IEC 90 B5,400284.00,417321.00
TL,İRKP,35,İRKP 153 İR 92,IEC 100 B5,401352.00,418389.00
TL,İRKP,35,İRKP 153 İR 92,IEC 112 B5,401352.00,418389.00
TL,İRKP,35,İRKP 153 İR 92,IEC 132 B5,402056.00,419093.00
TL,İRKP,35,İRKP 153 İR 92,IEC 160 B5 / B14,404723.00,421760.00
TL,İRKP,35,İRKP 153 İR 93,IEC 80 B5,400938.00,417975.00
TL,İRKP,35,İRKP 153 İR 93,IEC 90 B5,401307.00,418344.00
TL,İRKP,35,İRKP 153 İR 93,IEC 100 B5,402411.00,419448.00
TL,İRKP,35,İRKP 153 İR 93,IEC 112 B5,402436.00,419473.00
TL,İRKP,35,İRKP 153 İR 93,IEC 132 B5,404756.00,421793.00
TL,İRKP,35,İRK 153 İR 102,IEC 132 B5,431009.00,448046.00
TL,İRKP,35,İRK 153 İR 102,IEC 160 B5 / B14,432509.00,449546.00
TL,İRKP,35,İRK 153 İR 102,IEC 180 B5,433821.00,450858.00
TL,YPP,46,YPP 42,IEC 63 B5 / B14,11118.00,11979.00
TL,YPP,46,YPP 42,IEC 71 B5 / B14,11197.00,12058.00
TL,YPP,46,YPP 42,IEC 80 B5 / B14,11666.00,12527.00
TL,YPP,46,YPP 42,IEC 90 B5 / B14,11653.00,12514.00
TL,YPP,46,YPP 42,IEC 100 B5 / B14,12075.00,12936.00
TL,YPP,46,YPP 43,IEC 63 B5 / B14,11529.00,12390.00
TL,YPP,46,YPP 43,IEC 71 B5 / B14,11596.00,12457.00
TL,YPP,46,YPP 43,IEC 80 B5 / B14,12030.00,12891.00
TL,YPP,46,YPP 43,IEC 90 B5 / B14,12021.00,12882.00
TL,YPP,46,YPP 52,IEC 63 B5 / B14,13193.00,14054.00
TL,YPP,46,YPP 52,IEC 71 B5 / B14,13254.00,14115.00
TL,YPP,46,YPP 52,IEC 80 B5 / B14,13801.00,14662.00
TL,YPP,46,YPP 52,IEC 90 B5 / B14,13788.00,14649.00
TL,YPP,46,YPP 52,IEC 100 B5 / B14,14179.00,15040.00
TL,YPP,46,YPP 53,IEC 63 B5 / B14,13600.00,14461.00
TL,YPP,46,YPP 53,IEC 71 B5 / B14,13660.00,14521.00
TL,YPP,46,YPP 53,IEC 80 B5 / B14,14175.00,15036.00
TL,YPP,46,YPP 53,IEC 90 B5 / B14,14162.00,15023.00
TL,YPP,46,YPP 52 İR 42,IEC 63 B5 / B15,21892.00,22753.00
TL,YPP,46,YPP 52 İR 42,IEC 71 B5 / B15,21921.00,22782.00
TL,YPP,46,YPP 53 İR 42,IEC 63 B5 / B14,22196.00,23057.00
TL,YPP,46,YPP 53 İR 42,IEC 71 B5 / B14,22224.00,23085.00
TL,YPP,46,YPP 62,IEC 80 B5 / B14,18588.00,19616.00
TL,YPP,46,YPP 62,IEC 90 B5 / B14,18577.00,19605.00
TL,YPP,46,YPP 62,IEC 100 B5 / B14,18988.00,20016.00
TL,YPP,46,YPP 63,IEC 63 B5,18690.00,19718.00
TL,YPP,46,YPP 63,IEC 71 B5,18758.00,19786.00
TL,YPP,46,YPP 63,IEC 80 B5 / B14,19278.00,20306.00
TL,YPP,46,YPP 63,IEC 90 B5 / B14,19267.00,20295.00
TL,YPP,46,YPP 63,IEC 100 B5 / B14,19677.00,20705.00
TL,YPP,46,YPP 62 İR 42,IEC 63 B5,28731.00,29759.00
TL,YPP,46,YPP 62 İR 42,IEC 71 B5,28806.00,29834.00
TL,YPP,46,YPP 63 İR 42,IEC 63 B5,29678.00,30706.00
TL,YPP,46,YPP 63 İR 42,IEC 71 B5,29746.00,30774.00
TL,YPP,46,YPP 72,IEC 90 B5 / B14,27309.00,28442.00
TL,YPP,46,YPP 72,IEC 100 B5 / B14,27670.00,28803.00
TL,YPP,46,YPP 72,IEC 112 B5 / B14,27670.00,28803.00
TL,YPP,46,YPP 72,IEC 132 B5 / B14,28299.00,29432.00
TL,YPP,46,YPP 73,IEC 63 B5,27831.00,28964.00
TL,YPP,46,YPP 73,IEC 71 B5,27986.00,29119.00
TL,YPP,46,YPP 73,IEC 80 B5 / B14,28269.00,29402.00
TL,YPP,46,YPP 73,IEC 90 B5 / B14,28265.00,29398.00
TL,YPP,46,YPP 73,IEC 100 B5 / B14,28610.00,29743.00
TL,YPP,46,YPP 73,IEC 112 B5 / B14,28610.00,29743.00
TL,YPP,47,YPP 74,IEC 63 B5 / B14,34114.00,35247.00
TL,YPP,47,YPP 74,IEC 71 B5 / B14,34514.00,35647.00
TL,YPP,47,YPP 74,IEC 80 B5 / B14,35136.00,36269.00
TL,YPP,47,YPP 72 İR 53,IEC 63 B5 / B14,38097.00,39230.00
TL,YPP,47,YPP 72 İR 53,IEC 71 B5 / B14,38164.00,39297.00
TL,YPP,47,YPP 72 İR 53,IEC 80 B5 / B14,38653.00,39786.00
TL,YPP,47,YPP 73 İR 52,IEC 63 B5 / B15,38465.00,39598.00
TL,YPP,47,YPP 73 İR 52,IEC 71 B5 / B15,38516.00,39649.00
TL,YPP,47,YPP 73 İR 52,IEC 80 B5 / B15,39013.00,40146.00
TL,YPP,47,YPP 82,IEC 100 B5 / B14,41883.00,43384.00
TL,YPP,47,YPP 82,IEC 112 B5 / B14,41883.00,43384.00
TL,YPP,47,YPP 82,IEC 132 B5 / B14,42456.00,43957.00
TL,YPP,47,YPP 82,IEC 160 B5 / B14,44788.00,46289.00
TL,YPP,47,YPP 83,IEC 71 B5,42079.00,43580.00
TL,YPP,47,YPP 83,IEC 80 B5,42334.00,43835.00
TL,YPP,47,YPP 83,IEC 90 B5 / B14,42334.00,43835.00
TL,YPP,47,YPP 83,IEC 100 B5 / B14,43115.00,44616.00
TL,YPP,47,YPP 83,IEC 112 B5 / B14,43115.00,44616.00
TL,YPP,47,YPP 83,IEC 132 B5 / B14,43690.00,45191.00
TL,YPP,47,YPP 84,IEC 63 B5,49190.00,50691.00
TL,YPP,47,YPP 84,IEC 71 B5,49312.00,50813.00
TL,YPP,47,YPP 84,IEC 80 B5 / B14,49570.00,51071.00
TL,YPP,47,YPP 82 İR 52,IEC 63 B5 / B15,53955.00,55456.00
TL,YPP,47,YPP 82 İR 52,IEC 71 B5 / B15,54263.00,55764.00
TL,YPP,47,YPP 82 İR 52,IEC 80 B5 / B15,54660.00,56161.00
TL,YPP,47,YPP 82 İR 53,IEC 63 B5 / B14,54416.00,55917.00
TL,YPP,47,YPP 82 İR 53,IEC 71 B5 / B14,54725.00,56226.00
TL,YPP,47,YPP 82 İR 53,IEC 80 B5 / B14,55122.00,56623.00
TL,YPP,47,YPP 83 İR 52,IEC 63 B5 / B14,55206.00,56707.00
TL,YPP,47,YPP 83 İR 52,IEC 71 B5 / B14,55543.00,57044.00
TL,YPP,47,YPP 83 İR 53,IEC 63 B5 / B14,55669.00,57170.00
TL,YPP,47,YPP 83 İR 53,IEC 71 B5 / B14,56007.00,57508.00
TL,YPP,47,YPP 92,IEC 100 B5 / B14,58394.00,60892.00
TL,YPP,47,YPP 92,IEC 112 B5 / B14,58394.00,60892.00
TL,YPP,47,YPP 92,IEC 132 B5 / B14,59061.00,61559.00
TL,YPP,47,YPP 92,IEC 160 B5 / B14,61572.00,64070.00
TL,YPP,47,YPP 92,IEC 180 B5,62878.00,65376.00
TL,YPP,47,YPP 93,IEC 80 B5,59625.00,62123.00
TL,YPP,47,YPP 93,IEC 90 B5,59974.00,62472.00
TL,YPP,47,YPP 93,IEC 100 B5 / B14,60974.00,63472.00
TL,YPP,47,YPP 93,IEC 112 B5 / B14,60974.00,63472.00
TL,YPP,47,YPP 93,IEC 132 B5 / B14,61646.00,64144.00
TL,YPP,47,YPP 93,IEC 160 B5 / B14,64157.00,66655.00
TL,YPP,48,YPP 94,IEC 71 B5,69819.00,72317.00
TL,YPP,48,YPP 94,IEC 80 B5,70170.00,72668.00
TL,YPP,48,YPP 94,IEC 90 B5 / B14,70170.00,72668.00
TL,YPP,48,YPP 92 İR 63,IEC 63 B5,76598.00,79096.00
TL,YPP,48,YPP 92 İR 63,IEC 71 B5 / B14,76910.00,79408.00
TL,YPP,48,YPP 92 İR 63,IEC 80 B5 / B14,77540.00,80038.00
TL,YPP,48,YPP 93 İR 63,IEC 63 B5,77501.00,79999.00
TL,YPP,48,YPP 93 İR 63,IEC 71 B5 / B14,77994.00,80492.00
TL,YPP,48,YPP 102,IEC 132 B5,81059.00,86293.00
TL,YPP,48,YPP 102,IEC 160 B5 / B14,85076.00,90310.00
TL,YPP,48,YPP 102,IEC 180 B5,86590.00,91824.00
TL,YPP,48,YPP 102,IEC 200 B5,89711.00,94945.00
TL,YPP,48,YPP 103,IEC 90 B5,82993.00,88227.00
TL,YPP,48,YPP 103,IEC 100 B5,83637.00,88871.00
TL,YPP,48,YPP 103,IEC 112 B5,83637.00,88871.00
TL,YPP,48,YPP 103,IEC 132 B5,84347.00,89581.00
TL,YPP,48,YPP 103,IEC 160 B5 / B14,88087.00,93321.00
TL,YPP,48,YPP 103,IEC 180 B5,89580.00,94814.00
TL,YPP,48,YPP 104,IEC 71 B5,92834.00,98068.00
TL,YPP,48,YPP 104,IEC 80 B5,93329.00,98563.00
TL,YPP,48,YPP 104,IEC 90 B5,93329.00,98563.00
TL,YPP,48,YPP 104,IEC 100 B5 / B14,95260.00,100494.00
TL,YPP,48,YPP 102 İR 63,IEC 63 B5,99419.00,104653.00
TL,YPP,48,YPP 102 İR 63,IEC 71 B5 / B14,99471.00,104705.00
TL,YPP,48,YPP 102 İR 63,IEC 80 B5 / B14,99715.00,104949.00
TL,YPP,48,YPP 103 İR 63,IEC 63 B5,100035.00,105269.00
TL,YPP,48,YPP 103 İR 63,IEC 71 B5 / B14,100275.00,105509.00
TL,YPP,48,YPP 122,IEC 180 B5,114239.00,121848.00
TL,YPP,48,YPP 122,IEC 200 B5,117493.00,125102.00
TL,YPP,48,YPP 122,IEC 225 B5,126180.00,133789.00
TL,YPP,48,YPP 123,IEC 100 B5,111574.00,119183.00
TL,YPP,48,YPP 123,IEC 112 B5,111574.00,119183.00
TL,YPP,48,YPP 123,IEC 132 B5,112139.00,119748.00
TL,YPP,48,YPP 123,IEC 160 B5 / B14,116423.00,124032.00
TL,YPP,48,YPP 123,IEC 180 B5,118079.00,125688.00
TL,YPP,48,YPP 123,IEC 200 B5,121379.00,128988.00
TL,YPP,48,YPP 123,IEC 225 B5,129963.00,137572.00
TL,YPP,48,YPP 124,IEC 80 B5,124562.00,132171.00
TL,YPP,48,YPP 124,IEC 90 B5,124586.00,132195.00
TL,YPP,48,YPP 124,IEC 100 B5 / B14,125590.00,133199.00
TL,YPP,48,YPP 124,IEC 112 B5 / B14,125590.00,133199.00
TL,YPP,48,YPP 123 İR 72,IEC 71 B5,137892.00,145501.00
TL,YPP,48,YPP 123 İR 72,IEC 80 B5,138342.00,145951.00
TL,YPP,48,YPP 123 İR 72,IEC 90 B5 / B14,138342.00,145951.00
TL,YPP,48,YPP 123 İR 73,IEC 71 B5,138794.00,146403.00
TL,YPP,48,YPP 123 İR 73,IEC 80 B5 / B14,139289.00,146898.00
TL,YPP,49,YPP 142,IEC 225 B5,192162.00,204941.00
TL,YPP,49,YPP 142,IEC 250 B5,197824.00,210603.00
TL,YPP,49,YPP 142,IEC 280 B5,207158.00,219937.00
TL,YPP,49,YPP 143,IEC 132 B5,188609.00,201388.00
TL,YPP,49,YPP 143,IEC 160 B5,193058.00,205837.00
TL,YPP,49,YPP 143,IEC 180 B5,193386.00,206165.00
TL,YPP,49,YPP 143,IEC 200 B5,198788.00,211567.00
TL,YPP,49,YPP 143,IEC 225 B5,208294.00,221073.00
TL,YPP,49,YPP 143,IEC 250 B5,214454.00,227233.00
TL,YPP,49,YPP 143,IEC 280 B5,222897.00,235676.00
TL,YPP,49,YPP 144,IEC 100 B5,209817.00,222596.00
TL,YPP,49,YPP 144,IEC 112 B5,209817.00,222596.00
TL,YPP,49,YPP 144,IEC 132 B5,210453.00,223232.00
TL,YPP,49,YPP 143 İR 72,IEC 71 B5,213659.00,226438.00
TL,YPP,49,YPP 143 İR 72,IEC 80 B5,214137.00,226916.00
TL,YPP,49,YPP 143 İR 72,IEC 90 B5 / B14,214137.00,226916.00
TL,YPP,49,YPP 143 İR 72,IEC 100 B5 / B14,214966.00,227745.00
TL,YPP,49,YPP 143 İR 72,IEC 112 B5 / B14,214966.00,227745.00
TL,YPP,49,YPP 143 İR 72,IEC 132 B5 / B14,215831.00,228610.00
TL,YPP,49,YPP 143 İR 73,IEC 71 B5,214551.00,227330.00
TL,YPP,49,YPP 143 İR 73,IEC 80 B5,215080.00,227859.00
TL,YPP,49,YPP 143 İR 73,IEC 90 B5 / B14,215074.00,227853.00
TL,YPP,49,YPP 143 İR 82,IEC 132 B5,230460.00,243239.00
TL,YPP,49,YPP 143 İR 82,IEC 160 B5 / B14,233342.00,246121.00
TL,YPP,49,YPP 152,IEC 225 B5,284917.00,301954.00
TL,YPP,49,YPP 152,IEC 250 B5,293364.00,310401.00
TL,YPP,49,YPP 152,IEC 280 B5,297733.00,314770.00
TL,YPP,49,YPP 152,IEC 315 B5,356918.00,373955.00
TL,YPP,49,YPP 153,IEC 160 B5,282038.00,299075.00
TL,YPP,49,YPP 153,IEC 180 B5,282036.00,299073.00
TL,YPP,49,YPP 153,IEC 200 B5,287863.00,304900.00
TL,YPP,49,YPP 153,IEC 225 B5,297926.00,314963.00
TL,YPP,49,YPP 153,IEC 250 B5,306388.00,323425.00
TL,YPP,49,YPP 153,IEC 280 B5,310652.00,327689.00
TL,YPP,49,YPP 153,IEC 315 B5,369777.00,386814.00
TL,YPP,49,YPP 154,IEC 100 B5,313415.00,330452.00
TL,YPP,49,YPP 154,IEC 112 B5,313415.00,330452.00
TL,YPP,49,YPP 154,IEC 132 B5,314137.00,331174.00
TL,YPP,49,YPP 152 İR 83,IEC 80 B5,324657.00,341694.00
TL,YPP,49,YPP 152 İR 83,IEC 90 B5,324689.00,341726.00
TL,YPP,49,YPP 152 İR 83,IEC 100 B5 / B14,325778.00,342815.00
TL,YPP,49,YPP 152 İR 83,IEC 112 B5 / B14,325778.00,342815.00
TL,YPP,49,YPP 153 İR 83,IEC 80 B5,325692.00,342729.00
TL,YPP,49,YPP 153 İR 83,IEC 90 B5,325724.00,342761.00
TL,YPP,49,YPP 153 İR 92,IEC 100 B5,349923.00,366960.00
TL,YPP,49,YPP 153 İR 92,IEC 112 B5,349923.00,366960.00
TL,YPP,49,YPP 153 İR 92,IEC 132 B5,351468.00,368505.00
TL,YPP,49,YPP 153 İR 92,IEC 160 B5 / B14,356547.00,373584.00
TL,IP 67 SERİSİ,66,DEX 01 71,4-8,71,695.00
TL,IP 67 SERİSİ,66,DEX 02 80,8-12,80,869.00
TL,IP 67 SERİSİ,66,DEX 03 90,16-26,90,902.00
TL,IP 67 SERİSİ,66,DEX 04 100,26-48,100,1062.00
TL,IP 67 SERİSİ,66,DEX 05 112,45-80,112,1118.00
TL,IP 67 SERİSİ,66,DEX 06 132,80-120,132,1399.00
TL,IP 67 SERİSİ,66,DEX 07 160,120-240,160,1634.00
TL,IP 67 SERİSİ,66,DEX 08 180,240-400,180,2627.00
TL,IP 67 SERİSİ,66,DEX 09 200,370-600,200,3789.00
TL,IP 67 SERİSİ,66,DEX 09 225,370-600,225,4753.00
TL,IP 67 SERİSİ,66,DEX 09A 250,600-800,250,10745.00
TL,IP 67 SERİSİ,66,DEX 10 280,800-1600,280,12283.00
TL,IP 67 SERİSİ,66,DEX 11 315,1600-3200,315,26527.00
EUR,IRP,16,IRP 42,IEC 63 B5 / B14,223.00,245.00
EUR,IRP,16,IRP 42,IEC 71 B5 / B14,224.00,246.00
EUR,IRP,16,IRP 42,IEC 80 B5 / B14,235.00,258.00
EUR,IRP,16,IRP 42,IEC 90 B5 / B14,235.00,258.00
EUR,IRP,16,IRP 43,IEC 63 B5 / B14,227.00,250.00
EUR,IRP,16,IRP 43,IEC 71 B5 / B14,228.00,251.00
EUR,IRP,16,IRP 43,IEC 80 B5 / B14,238.00,262.00
EUR,IRP,16,IRP 43,IEC 90 B5 /B14,238.00,262.00
EUR,IRP,16,IRP 52,IEC 71 B5 / B14,267.00,294.00
EUR,IRP,16,IRP 52,IEC 80 B5 / B14,277.00,305.00
EUR,IRP,16,IRP 52,IEC 90 B5 / B14,277.00,305.00
EUR,IRP,16,IRP 52,IEC 100 B5 / B14,288.00,316.00
EUR,IRP,16,IRP 52,IEC 112 B5 / B14,288.00,316.00
EUR,IRP,16,IRP 53,IEC 63 B5 / B14,276.00,304.00
EUR,IRP,16,IRP 53,IEC 71 B5 / B14,278.00,306.00
EUR,IRP,16,IRP 53,IEC 80 B5 / B14,288.00,316.00
EUR,IRP,16,IRP 53,IEC 90 B5 / B14,288.00,316.00
EUR,IRP,16,IRP 53,IEC 100 B5 / B14,297.00,327.00
EUR,IRP,16,IRP 53,IEC 112 B5 / B14,297.00,327.00
EUR,IRP,16,IRP 53 IR 42,IEC 63 B5 / B14,507.00,540.00
EUR,IRP,16,IRP 53 IR 42,IEC 71 B5 / B14,510.00,543.00
EUR,IRP,16,IRP 621,IEC 80 B5 / B14,400.00,440.00
EUR,IRP,16,IRP 621,IEC 90 B5 / B14,400.00,440.00
EUR,IRP,16,IRP 621,IEC 100 B5 / B14,408.00,448.00
EUR,IRP,16,IRP 621,IEC 112 B5 / B14,408.00,448.00
EUR,IRP,16,IRP 621,IEC 132 B5 / B14,423.00,465.00
EUR,IRP,16,IRP 631,IEC 63 B5,407.00,448.00
EUR,IRP,16,IRP 631,IEC 71 B5,407.00,448.00
EUR,IRP,16,IRP 631,IEC 80 B5 / B14,414.00,455.00
EUR,IRP,16,IRP 631,IEC 90 B5 / B14,414.00,455.00
EUR,IRP,16,IRP 631,IEC 100 B5 / B14,423.00,465.00
EUR,IRP,16,IRP 631,IEC 112 B5 / B14,423.00,465.00
EUR,IRP,16,IRP 62,IEC 80 B5 / B14,409.00,449.00
EUR,IRP,16,IRP 62,IEC 90 B5 / B14,409.00,449.00
EUR,IRP,16,IRP 62,IEC 100 B5 / B14,416.00,457.00
EUR,IRP,16,IRP 62,IEC 112 B5 / B14,416.00,457.00
EUR,IRP,16,IRP 62,IEC 132 B5 / B14,429.00,472.00
EUR,IRP,16,IRP 63,IEC 63 B5,415.00,456.00
EUR,IRP,16,IRP 63,IEC 71 B5,416.00,457.00
EUR,IRP,16,IRP 63,IEC 80 B5 / B14,422.00,465.00
EUR,IRP,16,IRP 63,IEC 90 B5 / B14,422.00,465.00
EUR,IRP,16,IRP 63,IEC 100 B5 / B14,429.00,472.00
EUR,IRP,16,IRP 63,IEC 112 B5 / B14,429.00,472.00
EUR,IRP,16,IRP 64,IEC 63 B5 / B14,512.00,563.00
EUR,IRP,16,IRP 64,IEC 71 B5 / B14,515.00,563.00
EUR,IRP,16,IRP 63 IR 52,IEC 63 B5 / B14,628.00,691.00
EUR,IRP,16,IRP 63 IR 52,IEC 71 B5 / B14,629.00,692.00
EUR,IRP,16,IRP 63 IR 52,IEC 80 B5 / B14,639.00,703.00
EUR,IRP,16,IRP 63 IR 52,IEC 90 B5 / B14,639.00,703.00
EUR,IRP,17,IRP 721,IEC 80 B5,554.00,609.00
EUR,IRP,17,IRP 721,IEC 90 B5 / B14,554.00,609.00
EUR,IRP,17,IRP 721,IEC 100 B5 / B14,570.00,627.00
EUR,IRP,17,IRP 721,IEC 112 B5 / B14,570.00,627.00
EUR,IRP,17,IRP 721,IEC 132 B5 / B14,583.00,641.00
EUR,IRP,17,IRP 731,IEC 71 B5,561.00,617.00
EUR,IRP,17,IRP 731,IEC 80 B5,571.00,629.00
EUR,IRP,17,IRP 731,IEC 90 B5 / B14,571.00,629.00
EUR,IRP,17,IRP 731,IEC 100 B5 / B14,588.00,647.00
EUR,IRP,17,IRP 731,IEC 112 B5 / B14,588.00,647.00
EUR,IRP,17,IRP 731,IEC 132 B5 / B14,601.00,661.00
EUR,IRP,17,IRP 741,IEC 63 B5,709.00,780.00
EUR,IRP,17,IRP 741,IEC 71 B5,716.00,788.00
EUR,IRP,17,IRP 741,IEC 80 B5 / B14,721.00,793.00
EUR,IRP,17,IRP 721 IR 53,IEC 63 B5 / B14,824.00,906.00
EUR,IRP,17,IRP 721 IR 53,IEC 71 B5 / B14,830.00,913.00
EUR,IRP,17,IRP 721 IR 53,IEC 80 B5 / B14,836.00,919.00
EUR,IRP,17,IRP 72,IEC 90 B5 / B14,618.00,680.00
EUR,IRP,17,IRP 72,IEC 100 B5 / B14,635.00,699.00
EUR,IRP,17,IRP 72,IEC 112 B5 / B14,635.00,699.00
EUR,IRP,17,IRP 72,IEC 132 B5 / B14,648.00,713.00
EUR,IRP,17,IRP 72,IEC 160 B5 / B14,697.00,766.00
EUR,IRP,17,IRP 73,IEC 71 B5,628.00,690.00
EUR,IRP,17,IRP 73,IEC 80 B5,639.00,702.00
EUR,IRP,17,IRP 73,IEC 90 B5 / B14,639.00,702.00
EUR,IRP,17,IRP 73,IEC 100 B5 / B14,656.00,721.00
EUR,IRP,17,IRP 73,IEC 112 B5 / B14,656.00,721.00
EUR,IRP,17,IRP 73,IEC 132 B5 / B14,668.00,735.00
EUR,IRP,17,IRP 74,IEC 63 B5,780.00,858.00
EUR,IRP,17,IRP 74,IEC 71 B5 / B14,787.00,866.00
EUR,IRP,17,IRP 74,IEC 80 B5 / B14,791.00,870.00
EUR,IRP,17,IRP 74,IEC 90 B5 / B14,791.00,870.00
EUR,IRP,17,IRP 73 IR 52,IEC 63 B5 / B14,896.00,985.00
EUR,IRP,17,IRP 73 IR 52,IEC 71 B5 / B14,902.00,992.00
EUR,IRP,17,IRP 73 IR 52,IEC 80 B5 / B14,908.00,999.00
EUR,IRP,17,IRP 82,IEC 100 B5 / B14,1048.00,1153.00
EUR,IRP,17,IRP 82,IEC 112 B5 / B14,1048.00,1153.00
EUR,IRP,17,IRP 82,IEC 132 B5 / B14,1062.00,1168.00
EUR,IRP,17,IRP 82,IEC 160 B5 / B14,1115.00,1227.00
EUR,IRP,17,IRP 82,IEC 180 B5,1143.00,1258.00
EUR,IRP,17,IRP 83,IEC 80 B5,1047.00,1146.00
EUR,IRP,17,IRP 83,IEC 90 B5,1047.00,1146.00
EUR,IRP,17,IRP 83,IEC 100 B5 / B14,1071.00,1178.00
EUR,IRP,17,IRP 83,IEC 112 B5 / B14,1071.00,1178.00
EUR,IRP,17,IRP 83,IEC 132 B5 / B14,1086.00,1194.00
EUR,IRP,17,IRP 83,IEC 160 B5 / B14,1140.00,1254.00
EUR,IRP,18,IRP 84,IEC 71 B5,1258.00,1382.00
EUR,IRP,18,IRP 84,IEC 80 B5,1268.00,1394.00
EUR,IRP,18,IRP 84,IEC 90 B5 / B14,1268.00,1394.00
EUR,IRP,18,IRP 82 IR 63,IEC 63 B5,1407.00,1546.00
EUR,IRP,18,IRP 82 IR 63,IEC 71 B5,1413.00,1553.00
EUR,IRP,18,IRP 82 IR 63,IEC 80 B5,1419.00,1561.00
EUR,IRP,18,IRP 82 IR 63,IEC 90 B5,1419.00,1561.00
EUR,IRP,18,IRP 83 IR 63,IEC 63 B5,1420.00,1562.00
EUR,IRP,18,IRP 83 IR 63,IEC 71 B5,1427.00,1569.00
EUR,IRP,18,IRP 83 IR 63,IEC 80 B5,1435.00,1577.00
EUR,IRP,18,IRP 83 IR 63,IEC 90 B5,1435.00,1577.00
EUR,IRP,18,IRP 92,IEC 100 B5,1354.00,1490.00
EUR,IRP,18,IRP 92,IEC 112 B5,1354.00,1490.00
EUR,IRP,18,IRP 92,IEC 132 B5,1366.00,1502.00
EUR,IRP,18,IRP 92,IEC 160 B5 / B14,1452.00,1597.00
EUR,IRP,18,IRP 92,IEC 180 B5,1483.00,1631.00
EUR,IRP,18,IRP 92,IEC 200 B5,1552.00,1707.00
EUR,IRP,18,IRP 93,IEC 80 B5,1373.00,2173.00
EUR,IRP,18,IRP 93,IEC 90 B5,1373.00,2173.00
EUR,IRP,18,IRP 93,IEC 100 B5,1395.00,1535.00
EUR,IRP,18,IRP 93,IEC 112 B5,1395.00,1535.00
EUR,IRP,18,IRP 93,IEC 132 B5,1410.00,1551.00
EUR,IRP,18,IRP 93,IEC 160 B5 / B14,1497.00,1646.00
EUR,IRP,18,IRP 93,IEC 180 B5,1531.00,1684.00
EUR,IRP,18,IRP 94,IEC 80 B5,1599.00,1759.00
EUR,IRP,18,IRP 94,IEC 90 B5,1599.00,1759.00
EUR,IRP,18,IRP 94,IEC 100 B5 / B14,1616.00,1778.00
EUR,IRP,18,IRP 94,IEC 112 B5 / B14,1616.00,1778.00
EUR,IRP,18,IRP 92 IR 63,IEC 63 B5,1734.00,1908.00
EUR,IRP,18,IRP 92 IR 63,IEC 71 B5 / B14,1741.00,1915.00
EUR,IRP,18,IRP 92 IR 63,IEC 80 B5 / B14,1746.00,1920.00
EUR,IRP,18,IRP 92 IR 63,IEC 90 B5 / B14,1746.00,1920.00
EUR,IRP,18,IRP 93 IR 63,IEC 63 B5,1747.00,1922.00
EUR,IRP,18,IRP 93 IR 63,IEC 71 B5 / B14,1754.00,1929.00
EUR,IRP,18,IRP 93 IR 63,IEC 80 B5 / B14,1760.00,1936.00
EUR,IRP,18,IRP 93 IR 63,IEC 90 B5 / B14,1760.00,1936.00
EUR,IRP,18,IRP 102,IEC 132 B5,1830.00,2018.00
EUR,IRP,18,IRP 102,IEC 160 B5 / B14,1939.00,2137.00
EUR,IRP,18,IRP 102,IEC 180 B5,1979.00,2187.00
EUR,IRP,18,IRP 102,IEC 200 B5,2071.00,2287.00
EUR,IRP,18,IRP 102,IEC 225 B5,2282.00,2520.00
EUR,IRP,18,IRP 103,IEC 100 B5,1894.00,2084.00
EUR,IRP,18,IRP 103,IEC 112 B5,1894.00,2084.00
EUR,IRP,18,IRP 103,IEC 132 B5,1912.00,2105.00
EUR,IRP,18,IRP 103,IEC 160 B5 / B14,2024.00,2225.00
EUR,IRP,18,IRP 103,IEC 180 B5,2063.00,2267.00
EUR,IRP,18,IRP 103,IEC 200 B5,2157.00,2371.00
EUR,IRP,18,IRP 104,IEC 80 B5,2113.00,2320.00
EUR,IRP,18,IRP 104,IEC 90 B5,2147.00,2357.00
EUR,IRP,18,IRP 104,IEC 100 B5 / B14,2169.00,2386.00
EUR,IRP,19,IRP 102 IR 73,IEC 71 B5,2429.00,2672.00
EUR,IRP,19,IRP 102 IR 73,IEC 80 B5,2440.00,2684.00
EUR,IRP,19,IRP 102 IR 73,IEC 90 B5 / B14,2440.00,2684.00
EUR,IRP,19,IRP 102 IR 73,IEC 100 B5 / B14,2459.00,2705.00
EUR,IRP,19,IRP 103 IR 72,IEC 71 B5,2441.00,2685.00
EUR,IRP,19,IRP 103 IR 72,IEC 80 B5,2452.00,2696.00
EUR,IRP,19,IRP 103 IR 72,IEC 90 B5 / B14,2452.00,2696.00
EUR,IRP,19,IRP 103 IR 72,IEC 100 B5 / B14,2464.00,2708.00
EUR,IRP,19,IRP 103 IR 73,IEC 71 B5,2449.00,2694.00
EUR,IRP,19,IRP 103 IR 73,IEC 80 B5,2460.00,2706.00
EUR,IRP,19,IRP 103 IR 73,IEC 90 B5 / B14,2460.00,2706.00
EUR,IRP,19,IRP 103 IR 73,IEC 100 B5 / B14,2476.00,2724.00
EUR,IRP,19,IRP 122,IEC 160 B5,2747.00,3023.00
EUR,IRP,19,IRP 122,IEC 180 B5,2805.00,3082.00
EUR,IRP,19,IRP 122,IEC 200 B5,2900.00,3198.00
EUR,IRP,19,IRP 122,IEC 225 B5,3110.00,3422.00
EUR,IRP,19,IRP 122,IEC 250 B5,3273.00,3596.00
EUR,IRP,19,IRP 123,IEC 132 B5,2730.00,3007.00
EUR,IRP,19,IRP 123,IEC 160 B5,2847.00,3129.00
EUR,IRP,19,IRP 123,IEC 180 B5,2898.00,3182.00
EUR,IRP,19,IRP 123,IEC 200 B5,3001.00,3301.00
EUR,IRP,19,IRP 123,IEC 225 B5,3210.00,3532.00
EUR,IRP,19,IRP 123,IEC 250 B5,3381.00,3716.00
EUR,IRP,19,IRP 124,IEC 90 B5,2946.00,3239.00
EUR,IRP,19,IRP 124,IEC 100 B5,2975.00,3271.00
EUR,IRP,19,IRP 124,IEC 112 B5,2975.00,3271.00
EUR,IRP,19,IRP 124,IEC 132 B5,2990.00,3296.00
EUR,IRP,19,IRP 122 IR 73,IEC 71 B5,3204.00,3526.00
EUR,IRP,19,IRP 122 IR 73,IEC 80 B5,3213.00,3532.00
EUR,IRP,19,IRP 122 IR 73,IEC 90 B5 / B14,3213.00,3532.00
EUR,IRP,19,IRP 122 IR 73,IEC 100 B5 / B14,3229.00,3548.00
EUR,IRP,19,IRP 122 IR 73,IEC 112 B5 / B14,3229.00,3548.00
EUR,IRP,19,IRP 122 IR 73,IEC 132 B5 / B14,3241.00,3260.00
EUR,IRP,19,IRP 123 IR 72,IEC 71 B5,3253.00,3581.00
EUR,IRP,19,IRP 123 IR 72,IEC 80 B5,3264.00,3592.00
EUR,IRP,19,IRP 123 IR 72,IEC 90 B5 / B14,3264.00,3592.00
EUR,IRP,19,IRP 123 IR 72,IEC 100 B5 / B14,3300.00,3634.00
EUR,IRP,19,IRP 123 IR 72,IEC 112 B5 / B14,3300.00,3634.00
EUR,IRP,19,IRP 123 IR 72,IEC 132 B5 / B14,3311.00,3645.00
EUR,IRP,19,IRP 123 IR 73,IEC 71 B5,3313.00,3645.00
EUR,IRP,19,IRP 123 IR 73,IEC 80 B5,3326.00,3660.00
EUR,IRP,19,IRP 123 IR 73,IEC 90 B5 / B14,3326.00,3660.00
EUR,IRP,19,IRP 142,IEC 160 B5,4944.00,5423.00
EUR,IRP,19,IRP 142,IEC 180 B5,4955.00,5434.00
EUR,IRP,19,IRP 142,IEC 200 B5,5098.00,5610.00
EUR,IRP,19,IRP 142,IEC 225 B5,5324.00,5856.00
EUR,IRP,19,IRP 142,IEC 250 B5,5497.00,6054.00
EUR,IRP,19,IRP 142,IEC 280 B5,5753.00,6338.00
EUR,IRP,19,IRP 143,IEC 132 B5,5449.00,5992.00
EUR,IRP,19,IRP 143,IEC 160 B5,5574.00,6130.00
EUR,IRP,19,IRP 143,IEC 180 B5,5583.00,6139.00
EUR,IRP,19,IRP 143,IEC 200 B5,5717.00,6285.00
EUR,IRP,19,IRP 143,IEC 225 B5,5945.00,6534.00
EUR,IRP,19,IRP 143,IEC 250 B5,6113.00,6717.00
EUR,IRP,19,IRP 143,IEC 280 B5,6359.00,6988.00
EUR,IRP,20,IRP 144,IEC 90 B5,5798.00,6359.00
EUR,IRP,20,IRP 144,IEC 100 B5,5823.00,6414.00
EUR,IRP,20,IRP 144,IEC 112 B5,5823.00,6414.00
EUR,IRP,20,IRP 144,IEC 132 B5,5845.00,6439.00
EUR,IRP,20,IRP 144,IEC 160 B5,5949.00,6549.00
EUR,IRP,20,IRP 143 IR 72,IEC 71 B5,5879.00,6480.00
EUR,IRP,20,IRP 143 IR 72,IEC 80 B5,5894.00,6495.00
EUR,IRP,20,IRP 143 IR 72,IEC 90 B5 / B14,5894.00,6495.00
EUR,IRP,20,IRP 143 IR 72,IEC 100 B5 / B14,5922.00,6529.00
EUR,IRP,20,IRP 143 IR 72,IEC 112 B5 / B14,5922.00,6529.00
EUR,IRP,20,IRP 143 IR 72,IEC 132 B5 / B14,5941.00,6548.00
EUR,IRP,20,IRP 143 IR 73,IEC 71 B5,5905.00,6515.00
EUR,IRP,20,IRP 143 IR 73,IEC 80 B5,5916.00,6527.00
EUR,IRP,20,IRP 143 IR 73,IEC 90 B5 / B14,5916.00,6527.00
EUR,IRP,20,IRP 143 IR 73,IEC 100 B5 / B14,5938.00,6549.00
EUR,IRP,20,IRP 143 IR 73,IEC 112 B5 / B14,5938.00,6549.00
EUR,IRP,20,IRP 143 IR 73,IEC 132 B5 / B14,5955.00,6566.00
EUR,IRP,20,IRP 143 IR 82,IEC 90 B5,6223.00,6854.00
EUR,IRP,20,IRP 143 IR 82,IEC 100 B5,6261.00,6900.00
EUR,IRP,20,IRP 143 IR 82,IEC 112 B5,6261.00,6900.00
EUR,IRP,20,IRP 143 IR 82,IEC 132 B5,6298.00,6950.00
EUR,IRP,20,IRP 143 IR 82,IEC 160 B5,6392.00,7057.00
EUR,IRP,20,IRP 152,IEC 200 B5,7990.00,8818.00
EUR,IRP,20,IRP 152,IEC 225 B5,8195.00,9023.00
EUR,IRP,20,IRP 152,IEC 250 B5,8411.00,9245.00
EUR,IRP,20,IRP 152,IEC 280 B5,8564.00,9435.00
EUR,IRP,20,IRP 152,IEC 315 B5,10006.00,10828.00
EUR,IRP,20,IRP 153,IEC 160 B5,8432.00,9273.00
EUR,IRP,20,IRP 153,IEC 180 B5,8441.00,9284.00
EUR,IRP,20,IRP 153,IEC 200 B5,8588.00,9458.00
EUR,IRP,20,IRP 153,IEC 225 B5,8817.00,9678.00
EUR,IRP,20,IRP 153,IEC 250 B5,9036.00,9891.00
EUR,IRP,20,IRP 153,IEC 280 B5,9184.00,10088.00
EUR,IRP,20,IRP 153,IEC 315 B5,10612.00,11688.00
EUR,IRP,20,IRP 154,IEC 100 B5,8987.00,9889.00
EUR,IRP,20,IRP 154,IEC 112 B5,8987.00,9889.00
EUR,IRP,20,IRP 154,IEC 132 B5,9019.00,9928.00
EUR,IRP,20,IRP 154,IEC 160 B5,9245.00,10280.00
EUR,IRP,20,IRP 153 IR 92,IEC 90 B5,9220.00,10117.00
EUR,IRP,20,IRP 153 IR 92,IEC 100 B5,9259.00,10185.00
EUR,IRP,20,IRP 153 IR 92,IEC 112 B5,9259.00,10185.00
EUR,IRP,20,IRP 153 IR 92,IEC 132 B5,9270.00,10194.00
EUR,IRP,20,IRP 153 IR 93,IEC 80 B5,9236.00,10233.00
EUR,IRP,20,IRP 153 IR 93,IEC 90 B5,9236.00,10233.00
EUR,IRP,20,IRP 153 IR 103,IEC 100 B5,9881.00,10784.00
EUR,IRP,20,IRP 153 IR 103,IEC 112 B5,9881.00,10784.00
EUR,IRP,20,IRP 153 IR 103,IEC 132 B5,9920.00,10882.00
EUR,IRP,20,IRP 153 IR 103,IEC 160 B5,10010.00,10985.00
EUR,IRKP,32,IRKP 42,IEC 63 B5 / B14,364.00,383.00
EUR,IRKP,32,IRKP 42,IEC 71 B5 / B14,366.00,386.00
EUR,IRKP,32,IRKP 42,IEC 80 B5 / B14,367.00,387.00
EUR,IRKP,32,IRKP 42,IEC 90 B5 / B14,367.00,387.00
EUR,IRKP,32,IRKP 42,IEC 100 B5 / B14,375.00,395.00
EUR,IRKP,32,IRKP 43,IEC 63 B5 / B14,378.00,398.00
EUR,IRKP,32,IRKP 43,IEC 71 B5 / B14,380.00,400.00
EUR,IRKP,32,IRKP 43,IEC 80 B5 / B14,382.00,402.00
EUR,IRKP,32,IRKP 43,IEC 90 B5 / B14,382.00,402.00
EUR,IRKP,32,IRKP 43,IEC 100 B5 / B14,389.00,409.00
EUR,IRKP,32,IRKP 52,IEC 63 B5 / B14,367.00,388.00
EUR,IRKP,32,IRKP 52,IEC 71 B5 / B14,369.00,390.00
EUR,IRKP,32,IRKP 52,IEC 80 B5 / B14,374.00,395.00
EUR,IRKP,32,IRKP 52,IEC 90 B5 / B14,374.00,395.00
EUR,IRKP,32,IRKP 52,IEC 100 B5 / B14,384.00,405.00
EUR,IRKP,32,IRKP 53,IEC 63 B5 / B14,384.00,404.00
EUR,IRKP,32,IRKP 53,IEC 71 B5 / B14,386.00,406.00
EUR,IRKP,32,IRKP 53,IEC 80 B5 / B14,391.00,411.00
EUR,IRKP,32,IRKP 53,IEC 90 B5 / B14,391.00,411.00
EUR,IRKP,32,IRKP 53,IEC 100 B5 / B14,400.00,421.00
EUR,IRKP,32,IRKP 63,IEC 63 B5 / B14,486.00,508.00
EUR,IRKP,32,IRKP 63,IEC 71 B5 / B14,488.00,510.00
EUR,IRKP,32,IRKP 63,IEC 80 B5 / B14,493.00,515.00
EUR,IRKP,32,IRKP 63,IEC 90 B5 / B14,493.00,515.00
EUR,IRKP,32,IRKP 63,IEC 100 B5 / B14,500.00,522.00
EUR,IRKP,32,IRKP 63,IEC 112 B5 / B14,500.00,522.00
EUR,IRKP,32,IRKP 63 IR 52,IEC 63 B5 / B14,699.00,721.00
EUR,IRKP,32,IRKP 63 IR 52,IEC 71 B5 / B14,701.00,723.00
EUR,IRKP,32,IRKP 63 IR 52,IEC 80 B5 / B14,711.00,733.00
EUR,IRKP,32,IRKP 73,IEC 63 B5,773.00,797.00
EUR,IRKP,32,IRKP 73,IEC 71 B5,776.00,800.00
EUR,IRKP,32,IRKP 73,IEC 80 B5 / B14,786.00,810.00
EUR,IRKP,32,IRKP 73,IEC 90 B5 / B14,786.00,810.00
EUR,IRKP,32,IRKP 73,IEC 100 B5 / B14,803.00,827.00
EUR,IRKP,32,IRKP 73,IEC 112 B5 / B14,803.00,827.00
EUR,IRKP,32,IRKP 73,IEC 132 B5 / B14,814.00,839.00
EUR,IRKP,32,IRKP 74,IEC 63 B5 / B14,921.00,946.00
EUR,IRKP,32,IRKP 74,IEC 71 B5 / B14,931.00,955.00
EUR,IRKP,32,IRKP 74,IEC 80 B5 / B14,936.00,961.00
EUR,IRKP,32,IRKP 74,IEC 90 B5 / B14,936.00,961.00
EUR,IRKP,32,IRKP 73 IR 52,IEC 63 B5 / B14,1040.00,1064.00
EUR,IRKP,32,IRKP 73 IR 52,IEC 71 B5 / B14,1047.00,1071.00
EUR,IRKP,32,IRKP 73 IR 52,IEC 80 B5 / B14,1052.00,1076.00
EUR,IRKP,32,IRKP 73 IR 53,IEC 63 B5 / B14,1049.00,1073.00
EUR,IRKP,32,IRKP 73 IR 53,IEC 71 B5 / B14,1056.00,1080.00
EUR,IRKP,32,IRKP 73 IR 53,IEC 80 B5 / B14,1061.00,1085.00
EUR,IRKP,33,IRKP 83,IEC 71 B5,1161.00,1192.00
EUR,IRKP,33,IRKP 83,IEC 80 B5,1165.00,1197.00
EUR,IRKP,33,IRKP 83,IEC 90 B5 / B14,1165.00,1197.00
EUR,IRKP,33,IRKP 83,IEC 100 B5 / B14,1195.00,1227.00
EUR,IRKP,33,IRKP 83,IEC 112 B5 / B14,1195.00,1227.00
EUR,IRKP,33,IRKP 83,IEC 132 B5 / B14,1210.00,1242.00
EUR,IRKP,33,IRKP 83,IEC 160 B5,1263.00,1295.00
EUR,IRKP,33,IRKP 84,IEC 71 B5 / B14,1382.00,1414.00
EUR,IRKP,33,IRKP 84,IEC 80 B5 / B14,1394.00,1426.00
EUR,IRKP,33,IRKP 84,IEC 90 B5 / B14,1394.00,1426.00
EUR,IRKP,33,IRKP 83 IR 52,IEC 63 B5 / B14,1531.00,1563.00
EUR,IRKP,33,IRKP 83 IR 52,IEC 71 B5 / B14,1538.00,1570.00
EUR,IRKP,33,IRKP 83 IR 52,IEC 80 B5 / B14,1543.00,1575.00
EUR,IRKP,33,IRKP 83 IR 52,IEC 90 B5 / B14,1543.00,1575.00
EUR,IRKP,33,IRKP 83 IR 53,IEC 63 B5 / B14,1544.00,1576.00
EUR,IRKP,33,IRKP 83 IR 53,IEC 71 B5 / B14,1551.00,1583.00
EUR,IRKP,33,IRKP 83 IR 53,IEC 80 B5 / B14,1556.00,1588.00
EUR,IRKP,33,IRKP 83 IR 53,IEC 90 B5 / B14,1556.00,1588.00
EUR,IRKP,33,IRKP 93,IEC 80 B5,1626.00,1679.00
EUR,IRKP,33,IRKP 93,IEC 90 B5,1626.00,1679.00
EUR,IRKP,33,IRKP 93,IEC 100 B5 / B14,1632.00,1685.00
EUR,IRKP,33,IRKP 93,IEC 112 B5 / B14,1632.00,1685.00
EUR,IRKP,33,IRKP 93,IEC 132 B5 / B14,1644.00,1697.00
EUR,IRKP,33,IRKP 93,IEC 160 B5,1726.00,1779.00
EUR,IRKP,33,IRKP 93,IEC 180 B5,1761.00,1814.00
EUR,IRKP,33,IRKP 94,IEC 71 B5,1829.00,1882.00
EUR,IRKP,33,IRKP 94,IEC 80 B5,1834.00,1887.00
EUR,IRKP,33,IRKP 94,IEC 90 B5 / B14,1834.00,1887.00
EUR,IRKP,33,IRKP 94,IEC 100 B5 / B14,1851.00,1904.00
EUR,IRKP,33,IRKP 94,IEC 112 B5 / B14,1851.00,1904.00
EUR,IRKP,33,IRKP 93 IR 62,IEC 63 B5,1960.00,2013.00
EUR,IRKP,33,IRKP 93 IR 62,IEC 71 B5 / B14,1966.00,2020.00
EUR,IRKP,33,IRKP 93 IR 62,IEC 80 B5 / B14,1972.00,2025.00
EUR,IRKP,33,IRKP 93 IR 62,IEC 90 B5 / B14,1972.00,2025.00
EUR,IRKP,33,IRKP 93 IR 62,IEC 100 B5 / B14,1979.00,2033.00
EUR,IRKP,33,IRKP 93 IR 62,IEC 112 B5 / B14,1979.00,2033.00
EUR,IRKP,33,IRKP 93 IR 63,IEC 63 B5,1971.00,2024.00
EUR,IRKP,33,IRKP 93 IR 63,IEC 71 B5 / B14,1978.00,2031.00
EUR,IRKP,33,IRKP 93 IR 63,IEC 80 B5 / B14,1984.00,2037.00
EUR,IRKP,33,IRKP 93 IR 63,IEC 90 B5 / B14,1984.00,2037.00
EUR,IRKP,33,IRKP 93 IR 63,IEC 100 B5 / B14,1991.00,2044.00
EUR,IRKP,33,IRKP 93 IR 63,IEC 112 B5 / B14,1991.00,2044.00
EUR,IRKP,34,IRKP 103,IEC 90 B5,2361.00,2469.00
EUR,IRKP,34,IRKP 103,IEC 100 B5,2380.00,2488.00
EUR,IRKP,34,IRKP 103,IEC 112 B5,2380.00,2488.00
EUR,IRKP,34,IRKP 103,IEC 132 B5,2395.00,2503.00
EUR,IRKP,34,IRKP 103,IEC 160 B5 / B14,2505.00,2614.00
EUR,IRKP,34,IRKP 103,IEC 180 B5,2543.00,2651.00
EUR,IRKP,34,IRKP 103,IEC 200 B5,2634.00,2743.00
EUR,IRKP,34,IRKP 104,IEC 80 B5,2620.00,2732.00
EUR,IRKP,34,IRKP 104,IEC 90 B5,2620.00,2731.00
EUR,IRKP,34,IRKP 104,IEC 100 B5 / B14,2618.00,2730.00
EUR,IRKP,34,IRKP 104,IEC 112 B5 / B14,2630.00,2741.00
EUR,IRKP,34,IRKP 103 IR 62,IEC 71 B5 / B14,2880.00,2991.00
EUR,IRKP,34,IRKP 103 IR 62,IEC 80 B5 / B14,2890.00,3002.00
EUR,IRKP,34,IRKP 103 IR 62,IEC 90 B5 / B14,2890.00,3002.00
EUR,IRKP,34,IRKP 103 IR 62,IEC 100 B5 / B14,2907.00,3018.00
EUR,IRKP,34,IRKP 103 IR 62,IEC 112 B5 / B14,2907.00,3018.00
EUR,IRKP,34,IRKP 103 IR 63,IEC 63 B5,2893.00,3005.00
EUR,IRKP,34,IRKP 103 IR 63,IEC 71 B5 / B14,2899.00,3010.00
EUR,IRKP,34,IRKP 103 IR 63,IEC 80 B5 / B14,2909.00,3020.00
EUR,IRKP,34,IRKP 103 IR 63,IEC 90 B5 / B14,2909.00,3020.00
EUR,IRKP,34,IRKP 103 IR 63,IEC 100 B5 /B14,2925.00,3037.00
EUR,IRKP,34,IRKP 103 IR 63,IEC 112 B5 / B14,2925.00,3037.00
EUR,IRKP,34,IRKP 123,IEC 100 B5,3707.00,3872.00
EUR,IRKP,34,IRKP 123,IEC 112 B5,3707.00,3872.00
EUR,IRKP,34,IRKP 123,IEC 132 B5,3829.00,3994.00
EUR,IRKP,34,IRKP 123,IEC 160 B5,3876.00,4041.00
EUR,IRKP,34,IRKP 123,IEC 180 B5,3976.00,4141.00
EUR,IRKP,34,IRKP 123,IEC 200 B5,4192.00,4357.00
EUR,IRKP,34,IRKP 123,IEC 225 B5,4354.00,4519.00
EUR,IRKP,34,IRKP 124,IEC 90 B5,3914.00,4079.00
EUR,IRKP,34,IRKP 124,IEC 100 B5,3941.00,4106.00
EUR,IRKP,34,IRKP 124,IEC 112 B5,3941.00,4106.00
EUR,IRKP,34,IRKP 124,IEC 132 B5,3956.00,4121.00
EUR,IRKP,34,IRKP 123 IR 72,IEC 71 B5,4184.00,4349.00
EUR,IRKP,34,IRKP 123 IR 72,IEC 80 B5,4190.00,4355.00
EUR,IRKP,34,IRKP 123 IR 72,IEC 90 B5 / B14,4190.00,4355.00
EUR,IRKP,34,IRKP 123 IR 72,IEC 100 B5 / B14,4207.00,4372.00
EUR,IRKP,34,IRKP 123 IR 72,IEC 112 B5 / B14,4207.00,4372.00
EUR,IRKP,34,IRKP 123 IR 72,IEC 132 B5 / B14,4218.00,4383.00
EUR,IRKP,34,IRKP 123 IR 73,IEC 71 B5,4199.00,4364.00
EUR,IRKP,34,IRKP 123 IR 73,IEC 80 B5,4207.00,4372.00
EUR,IRKP,34,IRKP 123 IR 73,IEC 90 B5 / B14,4207.00,4372.00
EUR,IRKP,34,IRKP 123 IR 73,IEC 100 B5 / B14,4223.00,4388.00
EUR,IRKP,34,IRKP 123 IR 73,IEC 112 B5 / B14,4223.00,4388.00
EUR,IRKP,34,IRKP 123 IR 73,IEC 132 B5 / B14,4234.00,4399.00
EUR,IRKP,35,IRKP 143,IEC 112 B5,5725.00,5978.00
EUR,IRKP,35,IRKP 143,IEC 132 B5,5773.00,6026.00
EUR,IRKP,35,IRKP 143,IEC 160 B5,5895.00,6149.00
EUR,IRKP,35,IRKP 143,IEC 180 B5,5913.00,6167.00
EUR,IRKP,35,IRKP 143,IEC 200 B5,6047.00,6300.00
EUR,IRKP,35,IRKP 143,IEC 225 B5,6281.00,6534.00
EUR,IRKP,35,IRKP 143,IEC 250 B5,6454.00,6708.00
EUR,IRKP,35,IRKP 143,IEC 280 B5,6677.00,6930.00
EUR,IRKP,35,IRKP 144,IEC 90 B5,5976.00,6230.00
EUR,IRKP,35,IRKP 144,IEC 100 B5,6141.00,6395.00
EUR,IRKP,35,IRKP 144,IEC 112 B5,6141.00,6395.00
EUR,IRKP,35,IRKP 144,IEC 132 B5,6154.00,6408.00
EUR,IRKP,35,IRKP 144,IEC 160 B5,6271.00,6525.00
EUR,IRKP,35,IRKP 143 IR 72,IEC 71 B5,6192.00,6445.00
EUR,IRKP,35,IRKP 143 IR 72,IEC 80 B5,6202.00,6455.00
EUR,IRKP,35,IRKP 143 IR 72,IEC 90 B5 / B14,6202.00,6455.00
EUR,IRKP,35,IRKP 143 IR 72,IEC 100 B5 / B14,6226.00,6480.00
EUR,IRKP,35,IRKP 143 IR 72,IEC 112 B5 / B14,6226.00,6480.00
EUR,IRKP,35,IRKP 143 IR 72,IEC 132 B5 / B14,6237.00,6491.00
EUR,IRKP,35,IRKP 143 IR 73,IEC 71 B5,6220.00,6474.00
EUR,IRKP,35,IRKP 143 IR 73,IEC 80 B5,6233.00,6486.00
EUR,IRKP,35,IRKP 143 IR 73,IEC 90 B5 / B14,6233.00,6486.00
EUR,IRKP,35,IRKP 143 IR 73,IEC 100 B5 / B14,6251.00,6504.00
EUR,IRKP,35,IRKP 143 IR 73,IEC 112 B5 / B14,6251.00,6504.00
EUR,IRKP,35,IRKP 143 IR 73,IEC 132 B5 / B14,6262.00,6515.00
EUR,IRKP,35,IRKP 153,IEC 132 B5,8174.00,8498.00
EUR,IRKP,35,IRKP 153,IEC 160 B5,8235.00,8559.00
EUR,IRKP,35,IRKP 153,IEC 180 B5,8285.00,8609.00
EUR,IRKP,35,IRKP 153,IEC 200 B5,8388.00,8712.00
EUR,IRKP,35,IRKP 153,IEC 225 B5,8607.00,8931.00
EUR,IRKP,35,IRKP 153,IEC 250 B5,8824.00,9148.00
EUR,IRKP,35,IRKP 153,IEC 280 B5,8966.00,9289.00
EUR,IRKP,35,IRKP 153,IEC 315 B5,10650.00,10974.00
EUR,IRKP,35,IRKP 154,IEC 100 B5,8719.00,9042.00
EUR,IRKP,35,IRKP 154,IEC 112 B5,8719.00,9042.00
EUR,IRKP,35,IRKP 154,IEC 132 B5,8736.00,9059.00
EUR,IRKP,35,IRKP 154,IEC 160 B5,8854.00,9178.00
EUR,IRKP,35,IRKP 154,IEC 180 B5,8904.00,9228.00
EUR,IRKP,35,IRKP 153 IR 92,IEC 80 B5,9012.00,9292.00
EUR,IRKP,35,IRKP 153 IR 92,IEC 90 B5,9012.00,9292.00
EUR,IRKP,35,IRKP 153 IR 92,IEC 100 B5,8990.00,9314.00
EUR,IRKP,35,IRKP 153 IR 92,IEC 112 B5,8990.00,9314.00
EUR,IRKP,35,IRKP 153 IR 92,IEC 132 B5,9006.00,9330.00
EUR,IRKP,35,IRKP 153 IR 92,IEC 160 B5 / B14,9074.00,9398.00
EUR,IRKP,35,IRKP 153 IR 93,IEC 80 B5,8985.00,9309.00
EUR,IRKP,35,IRKP 153 IR 93,IEC 90 B5,8985.00,9309.00
EUR,IRKP,35,IRKP 153 IR 93,IEC 100 B5,9020.00,9344.00
EUR,IRKP,35,IRKP 153 IR 93,IEC 112 B5,9020.00,9344.00
EUR,IRKP,35,IRKP 153 IR 93,IEC 132 B5,9069.00,9393.00
EUR,IRKP,35,IRK 153 IR 102,IEC 132 B5,9634.00,9958.00
EUR,IRKP,35,IRK 153 IR 102,IEC 160 B5 / B14,9714.00,10038.00
EUR,IRKP,35,IRK 153 IR 102,IEC 180 B5,9744.00,10068.00
EUR,YPP,46,YPP 42,IEC 63 B5 / B14,237.00,255.00
EUR,YPP,46,YPP 42,IEC 71 B5 / B14,239.00,257.00
EUR,YPP,46,YPP 42,IEC 80 B5 / B14,249.00,267.00
EUR,YPP,46,YPP 42,IEC 90 B5 / B14,248.00,267.00
EUR,YPP,46,YPP 42,IEC 100 B5 / B14,257.00,276.00
EUR,YPP,46,YPP 43,IEC 63 B5 / B14,246.00,264.00
EUR,YPP,46,YPP 43,IEC 71 B5 / B14,247.00,266.00
EUR,YPP,46,YPP 43,IEC 80 B5 / B14,256.00,275.00
EUR,YPP,46,YPP 43,IEC 90 B5 / B14,256.00,275.00
EUR,YPP,46,YPP 52,IEC 63 B5 / B14,281.00,300.00
EUR,YPP,46,YPP 52,IEC 71 B5 / B14,283.00,303.00
EUR,YPP,46,YPP 52,IEC 80 B5 / B14,294.00,312.00
EUR,YPP,46,YPP 52,IEC 90 B5 / B14,294.00,312.00
EUR,YPP,46,YPP 52,IEC 100 B5 / B14,302.00,320.00
EUR,YPP,46,YPP 53,IEC 63 B5 / B14,290.00,308.00
EUR,YPP,46,YPP 53,IEC 71 B5 / B14,292.00,310.00
EUR,YPP,46,YPP 53,IEC 80 B5 / B14,302.00,320.00
EUR,YPP,46,YPP 53,IEC 90 B5 / B14,302.00,320.00
EUR,YPP,46,YPP 52 IR 42,IEC 63 B5 / B15,466.00,485.00
EUR,YPP,46,YPP 52 IR 42,IEC 71 B5 / B15,468.00,487.00
EUR,YPP,46,YPP 53 IR 42,IEC 63 B5 / B14,473.00,491.00
EUR,YPP,46,YPP 53 IR 42,IEC 71 B5 / B14,475.00,493.00
EUR,YPP,46,YPP 62,IEC 80 B5 / B14,396.00,418.00
EUR,YPP,46,YPP 62,IEC 90 B5 / B14,396.00,418.00
EUR,YPP,46,YPP 62,IEC 100 B5 / B14,411.00,437.00
EUR,YPP,46,YPP 63,IEC 63 B5,401.00,428.00
EUR,YPP,46,YPP 63,IEC 71 B5,403.00,430.00
EUR,YPP,46,YPP 63,IEC 80 B5 / B14,416.00,442.00
EUR,YPP,46,YPP 63,IEC 90 B5 / B14,416.00,442.00
EUR,YPP,46,YPP 63,IEC 100 B5 / B14,431.00,457.00
EUR,YPP,46,YPP 62 IR 42,IEC 63 B5,612.00,634.00
EUR,YPP,46,YPP 62 IR 42,IEC 71 B5,614.00,636.00
EUR,YPP,46,YPP 63 IR 42,IEC 63 B5,632.00,654.00
EUR,YPP,46,YPP 63 IR 42,IEC 71 B5,634.00,656.00
EUR,YPP,46,YPP 72,IEC 90 B5 / B14,582.00,606.00
EUR,YPP,46,YPP 72,IEC 100 B5 / B14,589.00,613.00
EUR,YPP,46,YPP 72,IEC 112 B5 / B14,589.00,613.00
EUR,YPP,46,YPP 72,IEC 132 B5 / B14,603.00,627.00
EUR,YPP,46,YPP 73,IEC 63 B5,593.00,617.00
EUR,YPP,46,YPP 73,IEC 71 B5,596.00,620.00
EUR,YPP,46,YPP 73,IEC 80 B5 / B14,602.00,626.00
EUR,YPP,46,YPP 73,IEC 90 B5 / B14,602.00,626.00
EUR,YPP,46,YPP 73,IEC 100 B5 / B14,609.00,633.00
EUR,YPP,46,YPP 73,IEC 112 B5 / B14,609.00,633.00
EUR,YPP,47,YPP 74,IEC 63 B5 / B14,733.00,757.00
EUR,YPP,47,YPP 74,IEC 71 B5 / B14,735.00,759.00
EUR,YPP,47,YPP 74,IEC 80 B5 / B14,748.00,772.00
EUR,YPP,47,YPP 72 IR 53,IEC 63 B5 / B14,811.00,835.00
EUR,YPP,47,YPP 72 IR 53,IEC 71 B5 / B14,813.00,837.00
EUR,YPP,47,YPP 72 IR 53,IEC 80 B5 / B14,823.00,847.00
EUR,YPP,47,YPP 73 IR 52,IEC 63 B5 / B15,819.00,843.00
EUR,YPP,47,YPP 73 IR 52,IEC 71 B5 / B15,821.00,845.00
EUR,YPP,47,YPP 73 IR 52,IEC 80 B5 / B15,831.00,855.00
EUR,YPP,47,YPP 82,IEC 100 B5 / B14,892.00,924.00
EUR,YPP,47,YPP 82,IEC 112 B5 / B14,892.00,924.00
EUR,YPP,47,YPP 82,IEC 132 B5 / B14,904.00,936.00
EUR,YPP,47,YPP 82,IEC 160 B5 / B14,953.00,985.00
EUR,YPP,47,YPP 83,IEC 71 B5,896.00,928.00
EUR,YPP,47,YPP 83,IEC 80 B5,901.00,933.00
EUR,YPP,47,YPP 83,IEC 90 B5 / B14,901.00,933.00
EUR,YPP,47,YPP 83,IEC 100 B5 / B14,919.00,957.00
EUR,YPP,47,YPP 83,IEC 112 B5 / B14,919.00,957.00
EUR,YPP,47,YPP 83,IEC 132 B5 / B14,932.00,971.00
EUR,YPP,47,YPP 84,IEC 63 B5,1048.00,1080.00
EUR,YPP,47,YPP 84,IEC 71 B5,1050.00,1082.00
EUR,YPP,47,YPP 84,IEC 80 B5 / B14,1055.00,1087.00
EUR,YPP,47,YPP 82 IR 52,IEC 63 B5 / B15,1153.00,1185.00
EUR,YPP,47,YPP 82 IR 52,IEC 71 B5 / B15,1155.00,1187.00
EUR,YPP,47,YPP 82 IR 52,IEC 80 B5 / B15,1163.00,1195.00
EUR,YPP,47,YPP 82 IR 53,IEC 63 B5 / B14,1162.00,1194.00
EUR,YPP,47,YPP 82 IR 53,IEC 71 B5 / B14,1165.00,1197.00
EUR,YPP,47,YPP 82 IR 53,IEC 80 B5 / B14,1173.00,1205.00
EUR,YPP,47,YPP 83 IR 52,IEC 63 B5 / B14,1180.00,1212.00
EUR,YPP,47,YPP 83 IR 52,IEC 71 B5 / B14,1182.00,1214.00
EUR,YPP,47,YPP 83 IR 53,IEC 63 B5 / B14,1185.00,1222.00
EUR,YPP,47,YPP 83 IR 53,IEC 71 B5 / B14,1190.00,1224.00
EUR,YPP,47,YPP 92,IEC 100 B5 / B14,1276.00,1332.00
EUR,YPP,47,YPP 92,IEC 112 B5 / B14,1276.00,1332.00
EUR,YPP,47,YPP 92,IEC 132 B5 / B14,1294.00,1350.00
EUR,YPP,47,YPP 92,IEC 160 B5 / B14,1362.00,1417.00
EUR,YPP,47,YPP 92,IEC 180 B5,1396.00,1451.00
EUR,YPP,47,YPP 93,IEC 80 B5,1330.00,1385.00
EUR,YPP,47,YPP 93,IEC 90 B5,1330.00,1385.00
EUR,YPP,47,YPP 93,IEC 100 B5 / B14,1355.00,1411.00
EUR,YPP,47,YPP 93,IEC 112 B5 / B14,1355.00,1411.00
EUR,YPP,47,YPP 93,IEC 132 B5 / B14,1375.00,1431.00
EUR,YPP,47,YPP 93,IEC 160 B5 / B14,1444.00,1499.00
EUR,YPP,48,YPP 94,IEC 71 B5,1486.00,1539.00
EUR,YPP,48,YPP 94,IEC 80 B5,1493.00,1547.00
EUR,YPP,48,YPP 94,IEC 90 B5 / B14,1493.00,1547.00
EUR,YPP,48,YPP 92 IR 63,IEC 63 B5,1635.00,1698.00
EUR,YPP,48,YPP 92 IR 63,IEC 71 B5 / B14,1637.00,1690.00
EUR,YPP,48,YPP 92 IR 63,IEC 80 B5 / B14,1650.00,1703.00
EUR,YPP,48,YPP 93 IR 63,IEC 63 B5,1658.00,1711.00
EUR,YPP,48,YPP 93 IR 63,IEC 71 B5 / B14,1660.00,1713.00
EUR,YPP,48,YPP 102,IEC 132 B5,1894.00,2003.00
EUR,YPP,48,YPP 102,IEC 160 B5 / B14,1997.00,2106.00
EUR,YPP,48,YPP 102,IEC 180 B5,2034.00,2142.00
EUR,YPP,48,YPP 102,IEC 200 B5,2130.00,2239.00
EUR,YPP,48,YPP 103,IEC 90 B5,1969.00,2077.00
EUR,YPP,48,YPP 103,IEC 100 B5,2003.00,2111.00
EUR,YPP,48,YPP 103,IEC 112 B5,2003.00,2111.00
EUR,YPP,48,YPP 103,IEC 132 B5,2015.00,2124.00
EUR,YPP,48,YPP 103,IEC 160 B5 / B14,2125.00,2234.00
EUR,YPP,48,YPP 103,IEC 180 B5,2146.00,2255.00
EUR,YPP,48,YPP 104,IEC 71 B5,2139.00,2248.00
EUR,YPP,48,YPP 104,IEC 80 B5,2149.00,2257.00
EUR,YPP,48,YPP 104,IEC 90 B5,2149.00,2257.00
EUR,YPP,48,YPP 104,IEC 100 B5 / B14,2191.00,2300.00
EUR,YPP,48,YPP 102 IR 63,IEC 63 B5,2270.00,2379.00
EUR,YPP,48,YPP 102 IR 63,IEC 71 B5 / B14,2272.00,2381.00
EUR,YPP,48,YPP 102 IR 63,IEC 80 B5 / B14,2276.00,2385.00
EUR,YPP,48,YPP 103 IR 63,IEC 63 B5,2287.00,2396.00
EUR,YPP,48,YPP 103 IR 63,IEC 71 B5 / B14,2289.00,2398.00
EUR,YPP,48,YPP 122,IEC 180 B5,2762.00,2927.00
EUR,YPP,48,YPP 122,IEC 200 B5,2855.00,3020.00
EUR,YPP,48,YPP 122,IEC 225 B5,3062.00,3227.00
EUR,YPP,48,YPP 123,IEC 100 B5,2739.00,2904.00
EUR,YPP,48,YPP 123,IEC 112 B5,2739.00,2904.00
EUR,YPP,48,YPP 123,IEC 132 B5,2757.00,2922.00
EUR,YPP,48,YPP 123,IEC 160 B5 / B14,2869.00,3034.00
EUR,YPP,48,YPP 123,IEC 180 B5,2907.00,3072.00
EUR,YPP,48,YPP 123,IEC 200 B5,3008.00,3173.00
EUR,YPP,48,YPP 123,IEC 225 B5,3229.00,3394.00
EUR,YPP,48,YPP 124,IEC 80 B5,2949.00,3115.00
EUR,YPP,48,YPP 124,IEC 90 B5,2949.00,3115.00
EUR,YPP,48,YPP 124,IEC 100 B5 / B14,2975.00,3140.00
EUR,YPP,48,YPP 124,IEC 112 B5 / B14,2974.00,3139.00
EUR,YPP,48,YPP 123 IR 72,IEC 71 B5,3245.00,3410.00
EUR,YPP,48,YPP 123 IR 72,IEC 80 B5,3235.00,3400.00
EUR,YPP,48,YPP 123 IR 72,IEC 90 B5 / B14,3235.00,3400.00
EUR,YPP,48,YPP 123 IR 73,IEC 71 B5,3248.00,3413.00
EUR,YPP,48,YPP 123 IR 73,IEC 80 B5 / B14,3258.00,3423.00
EUR,YPP,49,YPP 142,IEC 225 B5,4500.00,4754.00
EUR,YPP,49,YPP 142,IEC 250 B5,4664.00,4918.00
EUR,YPP,49,YPP 142,IEC 280 B5,4912.00,5166.00
EUR,YPP,49,YPP 143,IEC 132 B5,4500.00,4754.00
EUR,YPP,49,YPP 143,IEC 160 B5,4620.00,4874.00
EUR,YPP,49,YPP 143,IEC 180 B5,4628.00,4881.00
EUR,YPP,49,YPP 143,IEC 200 B5,4761.00,5015.00
EUR,YPP,49,YPP 143,IEC 225 B5,5003.00,5256.00
EUR,YPP,49,YPP 143,IEC 250 B5,5166.00,5419.00
EUR,YPP,49,YPP 143,IEC 280 B5,5414.00,5667.00
EUR,YPP,49,YPP 144,IEC 100 B5,4884.00,5137.00
EUR,YPP,49,YPP 144,IEC 112 B5,4884.00,5137.00
EUR,YPP,49,YPP 144,IEC 132 B5,4903.00,5156.00
EUR,YPP,49,YPP 143 IR 72,IEC 71 B5,4924.00,5177.00
EUR,YPP,49,YPP 143 IR 72,IEC 80 B5,4933.00,5186.00
EUR,YPP,49,YPP 143 IR 72,IEC 90 B5 / B14,4943.00,5197.00
EUR,YPP,49,YPP 143 IR 72,IEC 100 B5 / B14,4958.00,5212.00
EUR,YPP,49,YPP 143 IR 72,IEC 112 B5 / B14,4958.00,5212.00
EUR,YPP,49,YPP 143 IR 72,IEC 132 B5 / B14,4971.00,5224.00
EUR,YPP,49,YPP 143 IR 73,IEC 71 B5,4937.00,5190.00
EUR,YPP,49,YPP 143 IR 73,IEC 80 B5,4944.00,5198.00
EUR,YPP,49,YPP 143 IR 73,IEC 90 B5 / B14,4944.00,5198.00
EUR,YPP,49,YPP 143 IR 82,IEC 132 B5,5302.00,5556.00
EUR,YPP,49,YPP 143 IR 82,IEC 160 B5 / B14,5360.00,5613.00
EUR,YPP,49,YPP 152,IEC 225 B5,6802.00,7125.00
EUR,YPP,49,YPP 152,IEC 250 B5,6998.00,7321.00
EUR,YPP,49,YPP 152,IEC 280 B5,7115.00,7438.00
EUR,YPP,49,YPP 152,IEC 315 B5,8878.00,9202.00
EUR,YPP,49,YPP 153,IEC 160 B5,6679.00,7003.00
EUR,YPP,49,YPP 153,IEC 180 B5,6689.00,7012.00
EUR,YPP,49,YPP 153,IEC 200 B5,6828.00,7152.00
EUR,YPP,49,YPP 153,IEC 225 B5,7076.00,7400.00
EUR,YPP,49,YPP 153,IEC 250 B5,7288.00,7612.00
EUR,YPP,49,YPP 153,IEC 280 B5,7408.00,7731.00
EUR,YPP,49,YPP 153,IEC 315 B5,8830.00,9154.00
EUR,YPP,49,YPP 154,IEC 100 B5,7223.00,7547.00
EUR,YPP,49,YPP 154,IEC 112 B5,7223.00,7547.00
EUR,YPP,49,YPP 154,IEC 132 B5,7238.00,7562.00
EUR,YPP,49,YPP 152 IR 83,IEC 80 B5,7432.00,7756.00
EUR,YPP,49,YPP 152 IR 83,IEC 90 B5,7432.00,7756.00
EUR,YPP,49,YPP 152 IR 83,IEC 100 B5 / B14,7452.00,7776.00
EUR,YPP,49,YPP 152 IR 83,IEC 112 B5 / B14,7452.00,7776.00
EUR,YPP,49,YPP 153 IR 83,IEC 80 B5,7515.00,7839.00
EUR,YPP,49,YPP 153 IR 83,IEC 90 B5,7515.00,7839.00
EUR,YPP,49,YPP 153 IR 92,IEC 100 B5,8031.00,8354.00
EUR,YPP,49,YPP 153 IR 92,IEC 112 B5,8031.00,8354.00
EUR,YPP,49,YPP 153 IR 92,IEC 132 B5,8055.00,8379.00
EUR,YPP,49,YPP 153 IR 92,IEC 160 B5 / B14,8137.00,8461.00
USD,IRP,16,IRP 42,IEC 63 B5 / B14,263.00,288.00
USD,IRP,16,IRP 42,IEC 71 B5 / B14,264.00,290.00
USD,IRP,16,IRP 42,IEC 80 B5 / B14,277.00,304.00
USD,IRP,16,IRP 42,IEC 90 B5 / B14,277.00,305.00
USD,IRP,16,IRP 43,IEC 63 B5 / B14,267.00,294.00
USD,IRP,16,IRP 43,IEC 71 B5 / B14,268.00,295.00
USD,IRP,16,IRP 43,IEC 80 B5 / B14,280.00,308.00
USD,IRP,16,IRP 43,IEC 90 B5 /B14,281.00,310.00
USD,IRP,16,IRP 52,IEC 71 B5 / B14,314.00,346.00
USD,IRP,16,IRP 52,IEC 80 B5 / B14,326.00,359.00
USD,IRP,16,IRP 52,IEC 90 B5 / B14,327.00,360.00
USD,IRP,16,IRP 52,IEC 100 B5 / B14,339.00,372.00
USD,IRP,16,IRP 52,IEC 112 B5 / B14,339.00,372.00
USD,IRP,16,IRP 53,IEC 63 B5 / B14,325.00,358.00
USD,IRP,16,IRP 53,IEC 71 B5 / B14,327.00,359.00
USD,IRP,16,IRP 53,IEC 80 B5 / B14,339.00,372.00
USD,IRP,16,IRP 53,IEC 90 B5 / B14,340.00,373.00
USD,IRP,16,IRP 53,IEC 100 B5 / B14,349.00,385.00
USD,IRP,16,IRP 53,IEC 112 B5 / B14,349.00,385.00
USD,IRP,16,IRP 53 IR 42,IEC 63 B5 / B14,596.00,635.00
USD,IRP,16,IRP 53 IR 42,IEC 71 B5 / B14,600.00,640.00
USD,IRP,16,IRP 621,IEC 80 B5 / B14,470.00,517.00
USD,IRP,16,IRP 621,IEC 90 B5 / B14,470.00,517.00
USD,IRP,16,IRP 621,IEC 100 B5 / B14,480.00,527.00
USD,IRP,16,IRP 621,IEC 112 B5 / B14,480.00,527.00
USD,IRP,16,IRP 621,IEC 132 B5 / B14,498.00,547.00
USD,IRP,16,IRP 631,IEC 63 B5,479.00,527.00
USD,IRP,16,IRP 631,IEC 71 B5,479.00,527.00
USD,IRP,16,IRP 631,IEC 80 B5 / B14,486.00,534.00
USD,IRP,16,IRP 631,IEC 90 B5 / B14,487.00,535.00
USD,IRP,16,IRP 631,IEC 100 B5 / B14,498.00,547.00
USD,IRP,16,IRP 631,IEC 112 B5 / B14,498.00,547.00
USD,IRP,16,IRP 62,IEC 80 B5 / B14,481.00,528.00
USD,IRP,16,IRP 62,IEC 90 B5 / B14,481.00,528.00
USD,IRP,16,IRP 62,IEC 100 B5 / B14,489.00,537.00
USD,IRP,16,IRP 62,IEC 112 B5 / B14,489.00,537.00
USD,IRP,16,IRP 62,IEC 132 B5 / B14,505.00,555.00
USD,IRP,16,IRP 63,IEC 63 B5,488.00,536.00
USD,IRP,16,IRP 63,IEC 71 B5,489.00,539.00
USD,IRP,16,IRP 63,IEC 80 B5 / B14,496.00,547.00
USD,IRP,16,IRP 63,IEC 90 B5 / B14,496.00,546.00
USD,IRP,16,IRP 63,IEC 100 B5 / B14,505.00,555.00
USD,IRP,16,IRP 63,IEC 112 B5 / B14,505.00,555.00
USD,IRP,16,IRP 64,IEC 63 B5 / B14,602.00,662.00
USD,IRP,16,IRP 64,IEC 71 B5 / B14,606.00,662.00
USD,IRP,16,IRP 63 IR 52,IEC 63 B5 / B14,738.00,812.00
USD,IRP,16,IRP 63 IR 52,IEC 71 B5 / B14,740.00,814.00
USD,IRP,16,IRP 63 IR 52,IEC 80 B5 / B14,751.00,827.00
USD,IRP,16,IRP 63 IR 52,IEC 90 B5 / B14,752.00,828.00
USD,IRP,17,IRP 721,IEC 80 B5,651.00,716.00
USD,IRP,17,IRP 721,IEC 90 B5 / B14,651.00,716.00
USD,IRP,17,IRP 721,IEC 100 B5 / B14,670.00,737.00
USD,IRP,17,IRP 721,IEC 112 B5 / B14,670.00,737.00
USD,IRP,17,IRP 721,IEC 132 B5 / B14,686.00,754.00
USD,IRP,17,IRP 731,IEC 71 B5,660.00,725.00
USD,IRP,17,IRP 731,IEC 80 B5,671.00,740.00
USD,IRP,17,IRP 731,IEC 90 B5 / B14,671.00,740.00
USD,IRP,17,IRP 731,IEC 100 B5 / B14,691.00,761.00
USD,IRP,17,IRP 731,IEC 112 B5 / B14,691.00,761.00
USD,IRP,17,IRP 731,IEC 132 B5 / B14,707.00,777.00
USD,IRP,17,IRP 741,IEC 63 B5,834.00,917.00
USD,IRP,17,IRP 741,IEC 71 B5,842.00,926.00
USD,IRP,17,IRP 741,IEC 80 B5 / B14,848.00,932.00
USD,IRP,17,IRP 721 IR 53,IEC 63 B5 / B14,969.00,1065.00
USD,IRP,17,IRP 721 IR 53,IEC 71 B5 / B14,976.00,1073.00
USD,IRP,17,IRP 721 IR 53,IEC 80 B5 / B14,983.00,1080.00
USD,IRP,17,IRP 72,IEC 90 B5 / B14,727.00,799.00
USD,IRP,17,IRP 72,IEC 100 B5 / B14,747.00,822.00
USD,IRP,17,IRP 72,IEC 112 B5 / B14,747.00,822.00
USD,IRP,17,IRP 72,IEC 132 B5 / B14,762.00,838.00
USD,IRP,17,IRP 72,IEC 160 B5 / B14,819.00,901.00
USD,IRP,17,IRP 73,IEC 71 B5,738.00,811.00
USD,IRP,17,IRP 73,IEC 80 B5,751.00,825.00
USD,IRP,17,IRP 73,IEC 90 B5 / B14,751.00,825.00
USD,IRP,17,IRP 73,IEC 100 B5 / B14,771.00,848.00
USD,IRP,17,IRP 73,IEC 112 B5 / B14,771.00,848.00
USD,IRP,17,IRP 73,IEC 132 B5 / B14,785.00,864.00
USD,IRP,17,IRP 74,IEC 63 B5,917.00,1009.00
USD,IRP,17,IRP 74,IEC 71 B5 / B14,925.00,1018.00
USD,IRP,17,IRP 74,IEC 80 B5 / B14,930.00,1023.00
USD,IRP,17,IRP 74,IEC 90 B5 / B14,930.00,1023.00
USD,IRP,17,IRP 73 IR 52,IEC 63 B5 / B14,1053.00,1158.00
USD,IRP,17,IRP 73 IR 52,IEC 71 B5 / B14,1060.00,1166.00
USD,IRP,17,IRP 73 IR 52,IEC 80 B5 / B14,1067.00,1174.00
USD,IRP,17,IRP 82,IEC 100 B5 / B14,1232.00,1355.00
USD,IRP,17,IRP 82,IEC 112 B5 / B14,1232.00,1355.00
USD,IRP,17,IRP 82,IEC 132 B5 / B14,1248.00,1373.00
USD,IRP,17,IRP 82,IEC 160 B5 / B14,1311.00,1442.00
USD,IRP,17,IRP 82,IEC 180 B5,1344.00,1479.00
USD,IRP,17,IRP 83,IEC 80 B5,1230.00,1347.00
USD,IRP,17,IRP 83,IEC 90 B5,1231.00,1354.00
USD,IRP,17,IRP 83,IEC 100 B5 / B14,1259.00,1385.00
USD,IRP,17,IRP 83,IEC 112 B5 / B14,1259.00,1385.00
USD,IRP,17,IRP 83,IEC 132 B5 / B14,1277.00,1403.00
USD,IRP,17,IRP 83,IEC 160 B5 / B14,1340.00,1474.00
USD,IRP,18,IRP 84,IEC 71 B5,1479.00,1624.00
USD,IRP,18,IRP 84,IEC 80 B5,1490.00,1638.00
USD,IRP,18,IRP 84,IEC 90 B5 / B14,1490.00,1638.00
USD,IRP,18,IRP 82 IR 63,IEC 63 B5,1654.00,1817.00
USD,IRP,18,IRP 82 IR 63,IEC 71 B5,1661.00,1825.00
USD,IRP,18,IRP 82 IR 63,IEC 80 B5,1668.00,1835.00
USD,IRP,18,IRP 82 IR 63,IEC 90 B5,1669.00,1836.00
USD,IRP,18,IRP 83 IR 63,IEC 63 B5,1669.00,1835.00
USD,IRP,18,IRP 83 IR 63,IEC 71 B5,1677.00,1843.00
USD,IRP,18,IRP 83 IR 63,IEC 80 B5,1685.00,1852.00
USD,IRP,18,IRP 83 IR 63,IEC 90 B5,1687.00,1853.00
USD,IRP,18,IRP 92,IEC 100 B5,1591.00,1751.00
USD,IRP,18,IRP 92,IEC 112 B5,1591.00,1751.00
USD,IRP,18,IRP 92,IEC 132 B5,1606.00,1765.00
USD,IRP,18,IRP 92,IEC 160 B5 / B14,1707.00,1877.00
USD,IRP,18,IRP 92,IEC 180 B5,1743.00,1917.00
USD,IRP,18,IRP 92,IEC 200 B5,1824.00,2006.00
USD,IRP,18,IRP 93,IEC 80 B5,1614.00,2554.00
USD,IRP,18,IRP 93,IEC 90 B5,1614.00,2553.00
USD,IRP,18,IRP 93,IEC 100 B5,1640.00,1804.00
USD,IRP,18,IRP 93,IEC 112 B5,1640.00,1804.00
USD,IRP,18,IRP 93,IEC 132 B5,1657.00,1823.00
USD,IRP,18,IRP 93,IEC 160 B5 / B14,1759.00,1935.00
USD,IRP,18,IRP 93,IEC 180 B5,1799.00,1979.00
USD,IRP,18,IRP 94,IEC 80 B5,1879.00,2067.00
USD,IRP,18,IRP 94,IEC 90 B5,1879.00,2067.00
USD,IRP,18,IRP 94,IEC 100 B5 / B14,1899.00,2090.00
USD,IRP,18,IRP 94,IEC 112 B5 / B14,1899.00,2090.00
USD,IRP,18,IRP 92 IR 63,IEC 63 B5,2038.00,2242.00
USD,IRP,18,IRP 92 IR 63,IEC 71 B5 / B14,2046.00,2251.00
USD,IRP,18,IRP 92 IR 63,IEC 80 B5 / B14,2052.00,2256.00
USD,IRP,18,IRP 92 IR 63,IEC 90 B5 / B14,2052.00,2256.00
USD,IRP,18,IRP 93 IR 63,IEC 63 B5,2053.00,2259.00
USD,IRP,18,IRP 93 IR 63,IEC 71 B5 / B14,2061.00,2267.00
USD,IRP,18,IRP 93 IR 63,IEC 80 B5 / B14,2068.00,2275.00
USD,IRP,18,IRP 93 IR 63,IEC 90 B5 / B14,2068.00,2275.00
USD,IRP,18,IRP 102,IEC 132 B5,2135.00,2349.00
USD,IRP,18,IRP 102,IEC 160 B5 / B14,2246.00,2470.00
USD,IRP,18,IRP 102,IEC 180 B5,2288.00,2516.00
USD,IRP,18,IRP 102,IEC 200 B5,2369.00,2607.00
USD,IRP,18,IRP 102,IEC 225 B5,2588.00,2846.00
USD,IRP,18,IRP 103,IEC 100 B5,2185.00,2403.00
USD,IRP,18,IRP 103,IEC 112 B5,2185.00,2403.00
USD,IRP,18,IRP 103,IEC 132 B5,2201.00,2422.00
USD,IRP,18,IRP 103,IEC 160 B5 / B14,2312.00,2543.00
USD,IRP,18,IRP 103,IEC 180 B5,2354.00,2590.00
USD,IRP,18,IRP 103,IEC 200 B5,2436.00,2679.00
USD,IRP,18,IRP 104,IEC 80 B5,2483.00,2726.00
USD,IRP,18,IRP 104,IEC 90 B5,2523.00,2770.00
USD,IRP,18,IRP 104,IEC 100 B5 / B14,2549.00,2804.00
USD,IRP,19,IRP 102 IR 73,IEC 71 B5,2855.00,3140.00
USD,IRP,19,IRP 102 IR 73,IEC 80 B5,2867.00,3154.00
USD,IRP,19,IRP 102 IR 73,IEC 90 B5 / B14,2867.00,3154.00
USD,IRP,19,IRP 102 IR 73,IEC 100 B5 / B14,2890.00,3179.00
USD,IRP,19,IRP 103 IR 72,IEC 71 B5,2869.00,3155.00
USD,IRP,19,IRP 103 IR 72,IEC 80 B5,2882.00,3168.00
USD,IRP,19,IRP 103 IR 72,IEC 90 B5 / B14,2882.00,3168.00
USD,IRP,19,IRP 103 IR 72,IEC 100 B5 / B14,2896.00,3182.00
USD,IRP,19,IRP 103 IR 73,IEC 71 B5,2878.00,3166.00
USD,IRP,19,IRP 103 IR 73,IEC 80 B5,2891.00,3180.00
USD,IRP,19,IRP 103 IR 73,IEC 90 B5 / B14,2891.00,3180.00
USD,IRP,19,IRP 103 IR 73,IEC 100 B5 / B14,2910.00,3201.00
USD,IRP,19,IRP 122,IEC 160 B5,3005.00,3306.00
USD,IRP,19,IRP 122,IEC 180 B5,3060.00,3366.00
USD,IRP,19,IRP 122,IEC 200 B5,3149.00,3464.00
USD,IRP,19,IRP 122,IEC 225 B5,3369.00,3706.00
USD,IRP,19,IRP 122,IEC 250 B5,3521.00,3872.00
USD,IRP,19,IRP 123,IEC 132 B5,2977.00,3274.00
USD,IRP,19,IRP 123,IEC 160 B5,3090.00,3399.00
USD,IRP,19,IRP 123,IEC 180 B5,3145.00,3460.00
USD,IRP,19,IRP 123,IEC 200 B5,3234.00,3557.00
USD,IRP,19,IRP 123,IEC 225 B5,3455.00,3800.00
USD,IRP,19,IRP 123,IEC 250 B5,3614.00,3974.00
USD,IRP,19,IRP 124,IEC 90 B5,3315.00,3647.00
USD,IRP,19,IRP 124,IEC 100 B5,3341.00,3675.00
USD,IRP,19,IRP 124,IEC 112 B5,3341.00,3675.00
USD,IRP,19,IRP 124,IEC 132 B5,3357.00,3694.00
USD,IRP,19,IRP 122 IR 73,IEC 71 B5,3641.00,4005.00
USD,IRP,19,IRP 122 IR 73,IEC 80 B5,3654.00,4018.00
USD,IRP,19,IRP 122 IR 73,IEC 90 B5 / B14,3654.00,4018.00
USD,IRP,19,IRP 122 IR 73,IEC 100 B5 / B14,3672.00,4040.00
USD,IRP,19,IRP 122 IR 73,IEC 112 B5 / B14,3672.00,4040.00
USD,IRP,19,IRP 122 IR 73,IEC 132 B5 / B14,3686.00,4054.00
USD,IRP,19,IRP 123 IR 72,IEC 71 B5,3674.00,4027.00
USD,IRP,19,IRP 123 IR 72,IEC 80 B5,3686.00,4041.00
USD,IRP,19,IRP 123 IR 72,IEC 90 B5 / B14,3686.00,4041.00
USD,IRP,19,IRP 123 IR 72,IEC 100 B5 / B14,3718.00,4080.00
USD,IRP,19,IRP 123 IR 72,IEC 112 B5 / B14,3718.00,4080.00
USD,IRP,19,IRP 123 IR 72,IEC 132 B5 / B14,3731.00,4093.00
USD,IRP,19,IRP 123 IR 73,IEC 71 B5,3663.00,4028.00
USD,IRP,19,IRP 123 IR 73,IEC 80 B5,3675.00,4042.00
USD,IRP,19,IRP 123 IR 73,IEC 90 B5 / B14,3675.00,4042.00
USD,IRP,19,IRP 142,IEC 160 B5,5395.00,5934.00
USD,IRP,19,IRP 142,IEC 180 B5,5408.00,5948.00
USD,IRP,19,IRP 142,IEC 200 B5,5543.00,6096.00
USD,IRP,19,IRP 142,IEC 225 B5,5778.00,6356.00
USD,IRP,19,IRP 142,IEC 250 B5,5933.00,6525.00
USD,IRP,19,IRP 142,IEC 280 B5,6168.00,6784.00
USD,IRP,19,IRP 143,IEC 132 B5,5676.00,6243.00
USD,IRP,19,IRP 143,IEC 160 B5,5787.00,6365.00
USD,IRP,19,IRP 143,IEC 180 B5,5794.00,6375.00
USD,IRP,19,IRP 143,IEC 200 B5,5930.00,6522.00
USD,IRP,19,IRP 143,IEC 225 B5,6166.00,6783.00
USD,IRP,19,IRP 143,IEC 250 B5,6318.00,6951.00
USD,IRP,19,IRP 143,IEC 280 B5,6558.00,7214.00
USD,IRP,20,IRP 144,IEC 90 B5,6190.00,6780.00
USD,IRP,20,IRP 144,IEC 100 B5,6217.00,6839.00
USD,IRP,20,IRP 144,IEC 112 B5,6217.00,6839.00
USD,IRP,20,IRP 144,IEC 132 B5,6235.00,6858.00
USD,IRP,20,IRP 144,IEC 160 B5,6343.00,6978.00
USD,IRP,20,IRP 143 IR 72,IEC 71 B5,6318.00,6949.00
USD,IRP,20,IRP 143 IR 72,IEC 80 B5,6317.00,6948.00
USD,IRP,20,IRP 143 IR 72,IEC 90 B5 / B14,6317.00,6948.00
USD,IRP,20,IRP 143 IR 72,IEC 100 B5 / B14,6354.00,6989.00
USD,IRP,20,IRP 143 IR 72,IEC 112 B5 / B14,6360.00,6989.00
USD,IRP,20,IRP 143 IR 72,IEC 132 B5 / B14,6382.00,7020.00
USD,IRP,20,IRP 143 IR 73,IEC 71 B5,6354.00,6988.00
USD,IRP,20,IRP 143 IR 73,IEC 80 B5,6367.00,7003.00
USD,IRP,20,IRP 143 IR 73,IEC 90 B5 / B14,6367.00,7003.00
USD,IRP,20,IRP 143 IR 73,IEC 100 B5 / B14,6392.00,7026.00
USD,IRP,20,IRP 143 IR 73,IEC 112 B5 / B14,6392.00,7026.00
USD,IRP,20,IRP 143 IR 73,IEC 132 B5 / B14,6412.00,7054.00
USD,IRP,20,IRP 143 IR 82,IEC 90 B5,6673.00,7336.00
USD,IRP,20,IRP 143 IR 82,IEC 100 B5,6698.00,7374.00
USD,IRP,20,IRP 143 IR 82,IEC 112 B5,6698.00,7374.00
USD,IRP,20,IRP 143 IR 82,IEC 132 B5,6727.00,7411.00
USD,IRP,20,IRP 143 IR 82,IEC 160 B5,6804.00,7501.00
USD,IRP,20,IRP 152,IEC 200 B5,8317.00,9149.00
USD,IRP,20,IRP 152,IEC 225 B5,8558.00,9413.00
USD,IRP,20,IRP 152,IEC 250 B5,8770.00,9646.00
USD,IRP,20,IRP 152,IEC 280 B5,8885.00,9773.00
USD,IRP,20,IRP 152,IEC 315 B5,10379.00,11419.00
USD,IRP,20,IRP 153,IEC 160 B5,8726.00,9598.00
USD,IRP,20,IRP 153,IEC 180 B5,8726.00,9598.00
USD,IRP,20,IRP 153,IEC 200 B5,8886.00,9774.00
USD,IRP,20,IRP 153,IEC 225 B5,9128.00,10041.00
USD,IRP,20,IRP 153,IEC 250 B5,9346.00,10281.00
USD,IRP,20,IRP 153,IEC 280 B5,9453.00,10398.00
USD,IRP,20,IRP 153,IEC 315 B5,10940.00,12034.00
USD,IRP,20,IRP 154,IEC 100 B5,9530.00,10483.00
USD,IRP,20,IRP 154,IEC 112 B5,9530.00,10483.00
USD,IRP,20,IRP 154,IEC 132 B5,9593.00,10552.00
USD,IRP,20,IRP 154,IEC 160 B5,9659.00,10614.00
USD,IRP,20,IRP 153 IR 92,IEC 90 B5,9833.00,10816.00
USD,IRP,20,IRP 153 IR 92,IEC 100 B5,9860.00,10846.00
USD,IRP,20,IRP 153 IR 92,IEC 112 B5,9860.00,10846.00
USD,IRP,20,IRP 153 IR 92,IEC 132 B5,9948.00,10866.00
USD,IRP,20,IRP 153 IR 93,IEC 80 B5,9868.00,10854.00
USD,IRP,20,IRP 153 IR 93,IEC 90 B5,9878.00,10863.00
USD,IRP,20,IRP 153 IR 103,IEC 100 B5,10568.00,11538.00
USD,IRP,20,IRP 153 IR 103,IEC 112 B5,10566.00,11535.00
USD,IRP,20,IRP 153 IR 103,IEC 132 B5,10633.00,11667.00
USD,IRP,20,IRP 153 IR 103,IEC 160 B5,10747.00,11797.00
USD,IRKP,32,IRKP 42,IEC 63 B5 / B14,428.00,451.00
USD,IRKP,32,IRKP 42,IEC 71 B5 / B14,431.00,454.00
USD,IRKP,32,IRKP 42,IEC 80 B5 / B14,432.00,455.00
USD,IRKP,32,IRKP 42,IEC 90 B5 / B14,432.00,455.00
USD,IRKP,32,IRKP 42,IEC 100 B5 / B14,441.00,465.00
USD,IRKP,32,IRKP 43,IEC 63 B5 / B14,445.00,468.00
USD,IRKP,32,IRKP 43,IEC 71 B5 / B14,447.00,470.00
USD,IRKP,32,IRKP 43,IEC 80 B5 / B14,449.00,473.00
USD,IRKP,32,IRKP 43,IEC 90 B5 / B14,449.00,473.00
USD,IRKP,32,IRKP 43,IEC 100 B5 / B14,458.00,481.00
USD,IRKP,32,IRKP 52,IEC 63 B5 / B14,432.00,456.00
USD,IRKP,32,IRKP 52,IEC 71 B5 / B14,434.00,459.00
USD,IRKP,32,IRKP 52,IEC 80 B5 / B14,440.00,465.00
USD,IRKP,32,IRKP 52,IEC 90 B5 / B14,440.00,465.00
USD,IRKP,32,IRKP 52,IEC 100 B5 / B14,452.00,476.00
USD,IRKP,32,IRKP 53,IEC 63 B5 / B14,452.00,475.00
USD,IRKP,32,IRKP 53,IEC 71 B5 / B14,454.00,478.00
USD,IRKP,32,IRKP 53,IEC 80 B5 / B14,460.00,483.00
USD,IRKP,32,IRKP 53,IEC 90 B5 / B14,460.00,483.00
USD,IRKP,32,IRKP 53,IEC 100 B5 / B14,470.00,495.00
USD,IRKP,32,IRKP 63,IEC 63 B5 / B14,572.00,597.00
USD,IRKP,32,IRKP 63,IEC 71 B5 / B14,574.00,600.00
USD,IRKP,32,IRKP 63,IEC 80 B5 / B14,580.00,606.00
USD,IRKP,32,IRKP 63,IEC 90 B5 / B14,580.00,606.00
USD,IRKP,32,IRKP 63,IEC 100 B5 / B14,588.00,614.00
USD,IRKP,32,IRKP 63,IEC 112 B5 / B14,588.00,614.00
USD,IRKP,32,IRKP 63 IR 52,IEC 63 B5 / B14,822.00,848.00
USD,IRKP,32,IRKP 63 IR 52,IEC 71 B5 / B14,824.00,850.00
USD,IRKP,32,IRKP 63 IR 52,IEC 80 B5 / B14,836.00,862.00
USD,IRKP,32,IRKP 73,IEC 63 B5,909.00,937.00
USD,IRKP,32,IRKP 73,IEC 71 B5,912.00,940.00
USD,IRKP,32,IRKP 73,IEC 80 B5 / B14,924.00,952.00
USD,IRKP,32,IRKP 73,IEC 90 B5 / B14,924.00,952.00
USD,IRKP,32,IRKP 73,IEC 100 B5 / B14,944.00,972.00
USD,IRKP,32,IRKP 73,IEC 112 B5 / B14,944.00,972.00
USD,IRKP,32,IRKP 73,IEC 132 B5 / B14,957.00,986.00
USD,IRKP,32,IRKP 74,IEC 63 B5 / B14,1083.00,1112.00
USD,IRKP,32,IRKP 74,IEC 71 B5 / B14,1094.00,1123.00
USD,IRKP,32,IRKP 74,IEC 80 B5 / B14,1100.00,1130.00
USD,IRKP,32,IRKP 74,IEC 90 B5 / B14,1100.00,1130.00
USD,IRKP,32,IRKP 73 IR 52,IEC 63 B5 / B14,1222.00,1251.00
USD,IRKP,32,IRKP 73 IR 52,IEC 71 B5 / B14,1231.00,1259.00
USD,IRKP,32,IRKP 73 IR 52,IEC 80 B5 / B14,1237.00,1265.00
USD,IRKP,32,IRKP 73 IR 53,IEC 63 B5 / B14,1233.00,1261.00
USD,IRKP,32,IRKP 73 IR 53,IEC 71 B5 / B14,1241.00,1269.00
USD,IRKP,32,IRKP 73 IR 53,IEC 80 B5 / B14,1247.00,1275.00
USD,IRKP,33,IRKP 83,IEC 71 B5,1365.00,1401.00
USD,IRKP,33,IRKP 83,IEC 80 B5,1369.00,1407.00
USD,IRKP,33,IRKP 83,IEC 90 B5 / B14,1369.00,1407.00
USD,IRKP,33,IRKP 83,IEC 100 B5 / B14,1405.00,1442.00
USD,IRKP,33,IRKP 83,IEC 112 B5 / B14,1405.00,1442.00
USD,IRKP,33,IRKP 83,IEC 132 B5 / B14,1422.00,1460.00
USD,IRKP,33,IRKP 83,IEC 160 B5,1485.00,1522.00
USD,IRKP,33,IRKP 84,IEC 71 B5 / B14,1624.00,1662.00
USD,IRKP,33,IRKP 84,IEC 80 B5 / B14,1638.00,1676.00
USD,IRKP,33,IRKP 84,IEC 90 B5 / B14,1638.00,1676.00
USD,IRKP,33,IRKP 83 IR 52,IEC 63 B5 / B14,1799.00,1837.00
USD,IRKP,33,IRKP 83 IR 52,IEC 71 B5 / B14,1808.00,1845.00
USD,IRKP,33,IRKP 83 IR 52,IEC 80 B5 / B14,1814.00,1851.00
USD,IRKP,33,IRKP 83 IR 52,IEC 90 B5 / B14,1814.00,1851.00
USD,IRKP,33,IRKP 83 IR 53,IEC 63 B5 / B14,1815.00,1852.00
USD,IRKP,33,IRKP 83 IR 53,IEC 71 B5 / B14,1823.00,1861.00
USD,IRKP,33,IRKP 83 IR 53,IEC 80 B5 / B14,1829.00,1866.00
USD,IRKP,33,IRKP 83 IR 53,IEC 90 B5 / B14,1829.00,1866.00
USD,IRKP,33,IRKP 93,IEC 80 B5,1911.00,1973.00
USD,IRKP,33,IRKP 93,IEC 90 B5,1911.00,1973.00
USD,IRKP,33,IRKP 93,IEC 100 B5 / B14,1918.00,1980.00
USD,IRKP,33,IRKP 93,IEC 112 B5 / B14,1918.00,1980.00
USD,IRKP,33,IRKP 93,IEC 132 B5 / B14,1932.00,1994.00
USD,IRKP,33,IRKP 93,IEC 160 B5,2029.00,2091.00
USD,IRKP,33,IRKP 93,IEC 180 B5,2070.00,2132.00
USD,IRKP,33,IRKP 94,IEC 71 B5,2150.00,2212.00
USD,IRKP,33,IRKP 94,IEC 80 B5,2155.00,2218.00
USD,IRKP,33,IRKP 94,IEC 90 B5 / B14,2155.00,2218.00
USD,IRKP,33,IRKP 94,IEC 100 B5 / B14,2175.00,2238.00
USD,IRKP,33,IRKP 94,IEC 112 B5 / B14,2175.00,2238.00
USD,IRKP,33,IRKP 93 IR 62,IEC 63 B5,2303.00,2366.00
USD,IRKP,33,IRKP 93 IR 62,IEC 71 B5 / B14,2311.00,2374.00
USD,IRKP,33,IRKP 93 IR 62,IEC 80 B5 / B14,2318.00,2380.00
USD,IRKP,33,IRKP 93 IR 62,IEC 90 B5 / B14,2318.00,2380.00
USD,IRKP,33,IRKP 93 IR 62,IEC 100 B5 / B14,2326.00,2389.00
USD,IRKP,33,IRKP 93 IR 62,IEC 112 B5 / B14,2326.00,2389.00
USD,IRKP,33,IRKP 93 IR 63,IEC 63 B5,2316.00,2379.00
USD,IRKP,33,IRKP 93 IR 63,IEC 71 B5 / B14,2325.00,2387.00
USD,IRKP,33,IRKP 93 IR 63,IEC 80 B5 / B14,2332.00,2394.00
USD,IRKP,33,IRKP 93 IR 63,IEC 90 B5 / B14,2332.00,2394.00
USD,IRKP,33,IRKP 93 IR 63,IEC 100 B5 / B14,2340.00,2402.00
USD,IRKP,33,IRKP 93 IR 63,IEC 112 B5 / B14,2340.00,2402.00
USD,IRKP,34,IRKP 103,IEC 90 B5,2775.00,2902.00
USD,IRKP,34,IRKP 103,IEC 100 B5,2797.00,2924.00
USD,IRKP,34,IRKP 103,IEC 112 B5,2797.00,2924.00
USD,IRKP,34,IRKP 103,IEC 132 B5,2815.00,2942.00
USD,IRKP,34,IRKP 103,IEC 160 B5 / B14,2944.00,3072.00
USD,IRKP,34,IRKP 103,IEC 180 B5,2989.00,3115.00
USD,IRKP,34,IRKP 103,IEC 200 B5,3095.00,3224.00
USD,IRKP,34,IRKP 104,IEC 80 B5,3079.00,3211.00
USD,IRKP,34,IRKP 104,IEC 90 B5,3079.00,3209.00
USD,IRKP,34,IRKP 104,IEC 100 B5 / B14,3077.00,3208.00
USD,IRKP,34,IRKP 104,IEC 112 B5 / B14,3091.00,3221.00
USD,IRKP,34,IRKP 103 IR 62,IEC 71 B5 / B14,3384.00,3515.00
USD,IRKP,34,IRKP 103 IR 62,IEC 80 B5 / B14,3396.00,3528.00
USD,IRKP,34,IRKP 103 IR 62,IEC 90 B5 / B14,3396.00,3528.00
USD,IRKP,34,IRKP 103 IR 62,IEC 100 B5 / B14,3416.00,3547.00
USD,IRKP,34,IRKP 103 IR 62,IEC 112 B5 / B14,3416.00,3547.00
USD,IRKP,34,IRKP 103 IR 63,IEC 63 B5,3400.00,3531.00
USD,IRKP,34,IRKP 103 IR 63,IEC 71 B5 / B14,3407.00,3537.00
USD,IRKP,34,IRKP 103 IR 63,IEC 80 B5 / B14,3419.00,3549.00
USD,IRKP,34,IRKP 103 IR 63,IEC 90 B5 / B14,3419.00,3549.00
USD,IRKP,34,IRKP 103 IR 63,IEC 100 B5 /B14,3437.00,3569.00
USD,IRKP,34,IRKP 103 IR 63,IEC 112 B5 / B14,3437.00,3569.00
USD,IRKP,34,IRKP 123,IEC 100 B5,4356.00,4550.00
USD,IRKP,34,IRKP 123,IEC 112 B5,4356.00,4550.00
USD,IRKP,34,IRKP 123,IEC 132 B5,4500.00,4693.00
USD,IRKP,34,IRKP 123,IEC 160 B5,4555.00,4749.00
USD,IRKP,34,IRKP 123,IEC 180 B5,4672.00,4866.00
USD,IRKP,34,IRKP 123,IEC 200 B5,4926.00,5120.00
USD,IRKP,34,IRKP 123,IEC 225 B5,5116.00,5310.00
USD,IRKP,34,IRKP 124,IEC 90 B5,4599.00,4793.00
USD,IRKP,34,IRKP 124,IEC 100 B5,4631.00,4825.00
USD,IRKP,34,IRKP 124,IEC 112 B5,4631.00,4825.00
USD,IRKP,34,IRKP 124,IEC 132 B5,4649.00,4843.00
USD,IRKP,34,IRKP 123 IR 72,IEC 71 B5,4917.00,5111.00
USD,IRKP,34,IRKP 123 IR 72,IEC 80 B5,4924.00,5118.00
USD,IRKP,34,IRKP 123 IR 72,IEC 90 B5 / B14,4924.00,5118.00
USD,IRKP,34,IRKP 123 IR 72,IEC 100 B5 / B14,4944.00,5138.00
USD,IRKP,34,IRKP 123 IR 72,IEC 112 B5 / B14,4944.00,5138.00
USD,IRKP,34,IRKP 123 IR 72,IEC 132 B5 / B14,4957.00,5151.00
USD,IRKP,34,IRKP 123 IR 73,IEC 71 B5,4934.00,5128.00
USD,IRKP,34,IRKP 123 IR 73,IEC 80 B5,4944.00,5138.00
USD,IRKP,34,IRKP 123 IR 73,IEC 90 B5 / B14,4944.00,5138.00
USD,IRKP,34,IRKP 123 IR 73,IEC 100 B5 / B14,4963.00,5156.00
USD,IRKP,34,IRKP 123 IR 73,IEC 112 B5 / B14,4963.00,5156.00
USD,IRKP,34,IRKP 123 IR 73,IEC 132 B5 / B14,4975.00,5169.00
USD,IRKP,35,IRKP 143,IEC 112 B5,6727.00,7025.00
USD,IRKP,35,IRKP 143,IEC 132 B5,6784.00,7081.00
USD,IRKP,35,IRKP 143,IEC 160 B5,6927.00,7226.00
USD,IRKP,35,IRKP 143,IEC 180 B5,6948.00,7247.00
USD,IRKP,35,IRKP 143,IEC 200 B5,7106.00,7403.00
USD,IRKP,35,IRKP 143,IEC 225 B5,7381.00,7678.00
USD,IRKP,35,IRKP 143,IEC 250 B5,7584.00,7882.00
USD,IRKP,35,IRKP 143,IEC 280 B5,7846.00,8143.00
USD,IRKP,35,IRKP 144,IEC 90 B5,7022.00,7321.00
USD,IRKP,35,IRKP 144,IEC 100 B5,7216.00,7515.00
USD,IRKP,35,IRKP 144,IEC 112 B5,7216.00,7515.00
USD,IRKP,35,IRKP 144,IEC 132 B5,7231.00,7530.00
USD,IRKP,35,IRKP 144,IEC 160 B5,7369.00,7667.00
USD,IRKP,35,IRKP 143 IR 72,IEC 71 B5,7276.00,7573.00
USD,IRKP,35,IRKP 143 IR 72,IEC 80 B5,7288.00,7585.00
USD,IRKP,35,IRKP 143 IR 72,IEC 90 B5 / B14,7288.00,7585.00
USD,IRKP,35,IRKP 143 IR 72,IEC 100 B5 / B14,7316.00,7614.00
USD,IRKP,35,IRKP 143 IR 72,IEC 112 B5 / B14,7316.00,7614.00
USD,IRKP,35,IRKP 143 IR 72,IEC 132 B5 / B14,7329.00,7627.00
USD,IRKP,35,IRKP 143 IR 73,IEC 71 B5,7309.00,7607.00
USD,IRKP,35,IRKP 143 IR 73,IEC 80 B5,7324.00,7622.00
USD,IRKP,35,IRKP 143 IR 73,IEC 90 B5 / B14,7324.00,7622.00
USD,IRKP,35,IRKP 143 IR 73,IEC 100 B5 / B14,7345.00,7643.00
USD,IRKP,35,IRKP 143 IR 73,IEC 112 B5 / B14,7345.00,7643.00
USD,IRKP,35,IRKP 143 IR 73,IEC 132 B5 / B14,7358.00,7656.00
USD,IRKP,35,IRKP 153,IEC 132 B5,9605.00,9986.00
USD,IRKP,35,IRKP 153,IEC 160 B5,9677.00,10057.00
USD,IRKP,35,IRKP 153,IEC 180 B5,9735.00,10116.00
USD,IRKP,35,IRKP 153,IEC 200 B5,9856.00,10237.00
USD,IRKP,35,IRKP 153,IEC 225 B5,10114.00,10494.00
USD,IRKP,35,IRKP 153,IEC 250 B5,10369.00,10749.00
USD,IRKP,35,IRKP 153,IEC 280 B5,10536.00,10915.00
USD,IRKP,35,IRKP 153,IEC 315 B5,12514.00,12895.00
USD,IRKP,35,IRKP 154,IEC 100 B5,10245.00,10625.00
USD,IRKP,35,IRKP 154,IEC 112 B5,10245.00,10625.00
USD,IRKP,35,IRKP 154,IEC 132 B5,10265.00,10645.00
USD,IRKP,35,IRKP 154,IEC 160 B5,10404.00,10785.00
USD,IRKP,35,IRKP 154,IEC 180 B5,10463.00,10843.00
USD,IRKP,35,IRKP 153 IR 92,IEC 80 B5,10590.00,10919.00
USD,IRKP,35,IRKP 153 IR 92,IEC 90 B5,10590.00,10919.00
USD,IRKP,35,IRKP 153 IR 92,IEC 100 B5,10564.00,10944.00
USD,IRKP,35,IRKP 153 IR 92,IEC 112 B5,10564.00,10944.00
USD,IRKP,35,IRKP 153 IR 92,IEC 132 B5,10583.00,10963.00
USD,IRKP,35,IRKP 153 IR 92,IEC 160 B5 / B14,10662.00,11043.00
USD,IRKP,35,IRKP 153 IR 93,IEC 80 B5,10558.00,10939.00
USD,IRKP,35,IRKP 153 IR 93,IEC 90 B5,10558.00,10939.00
USD,IRKP,35,IRKP 153 IR 93,IEC 100 B5,10599.00,10980.00
USD,IRKP,35,IRKP 153 IR 93,IEC 112 B5,10599.00,10980.00
USD,IRKP,35,IRKP 153 IR 93,IEC 132 B5,10657.00,11037.00
USD,IRKP,35,IRK 153 IR 102,IEC 132 B5,11320.00,11701.00
USD,IRKP,35,IRK 153 IR 102,IEC 160 B5 / B14,11414.00,11795.00
USD,IRKP,35,IRK 153 IR 102,IEC 180 B5,11450.00,11830.00
USD,YPP,46,YPP 42,IEC 63 B5 / B14,279.00,300.00
USD,YPP,46,YPP 42,IEC 71 B5 / B14,281.00,302.00
USD,YPP,46,YPP 42,IEC 80 B5 / B14,293.00,314.00
USD,YPP,46,YPP 42,IEC 90 B5 / B14,292.00,314.00
USD,YPP,46,YPP 42,IEC 100 B5 / B14,302.00,325.00
USD,YPP,46,YPP 43,IEC 63 B5 / B14,290.00,311.00
USD,YPP,46,YPP 43,IEC 71 B5 / B14,291.00,313.00
USD,YPP,46,YPP 43,IEC 80 B5 / B14,301.00,324.00
USD,YPP,46,YPP 43,IEC 90 B5 / B14,301.00,324.00
USD,YPP,46,YPP 52,IEC 63 B5 / B14,331.00,353.00
USD,YPP,46,YPP 52,IEC 71 B5 / B14,333.00,357.00
USD,YPP,46,YPP 52,IEC 80 B5 / B14,346.00,367.00
USD,YPP,46,YPP 52,IEC 90 B5 / B14,346.00,367.00
USD,YPP,46,YPP 52,IEC 100 B5 / B14,355.00,376.00
USD,YPP,46,YPP 53,IEC 63 B5 / B14,341.00,362.00
USD,YPP,46,YPP 53,IEC 71 B5 / B14,344.00,365.00
USD,YPP,46,YPP 53,IEC 80 B5 / B14,355.00,376.00
USD,YPP,46,YPP 53,IEC 90 B5 / B14,355.00,376.00
USD,YPP,46,YPP 52 IR 42,IEC 63 B5 / B15,548.00,570.00
USD,YPP,46,YPP 52 IR 42,IEC 71 B5 / B15,550.00,573.00
USD,YPP,46,YPP 53 IR 42,IEC 63 B5 / B14,556.00,577.00
USD,YPP,46,YPP 53 IR 42,IEC 71 B5 / B14,559.00,580.00
USD,YPP,46,YPP 62,IEC 80 B5 / B14,466.00,492.00
USD,YPP,46,YPP 62,IEC 90 B5 / B14,466.00,492.00
USD,YPP,46,YPP 62,IEC 100 B5 / B14,483.00,514.00
USD,YPP,46,YPP 63,IEC 63 B5,472.00,503.00
USD,YPP,46,YPP 63,IEC 71 B5,474.00,506.00
USD,YPP,46,YPP 63,IEC 80 B5 / B14,489.00,520.00
USD,YPP,46,YPP 63,IEC 90 B5 / B14,489.00,520.00
USD,YPP,46,YPP 63,IEC 100 B5 / B14,507.00,537.00
USD,YPP,46,YPP 62 IR 42,IEC 63 B5,720.00,745.00
USD,YPP,46,YPP 62 IR 42,IEC 71 B5,722.00,748.00
USD,YPP,46,YPP 63 IR 42,IEC 63 B5,743.00,769.00
USD,YPP,46,YPP 63 IR 42,IEC 71 B5,745.00,771.00
USD,YPP,46,YPP 72,IEC 90 B5 / B14,684.00,713.00
USD,YPP,46,YPP 72,IEC 100 B5 / B14,693.00,721.00
USD,YPP,46,YPP 72,IEC 112 B5 / B14,693.00,721.00
USD,YPP,46,YPP 72,IEC 132 B5 / B14,709.00,737.00
USD,YPP,46,YPP 73,IEC 63 B5,697.00,725.00
USD,YPP,46,YPP 73,IEC 71 B5,701.00,729.00
USD,YPP,46,YPP 73,IEC 80 B5 / B14,708.00,736.00
USD,YPP,46,YPP 73,IEC 90 B5 / B14,708.00,736.00
USD,YPP,46,YPP 73,IEC 100 B5 / B14,716.00,744.00
USD,YPP,46,YPP 73,IEC 112 B5 / B14,716.00,744.00
USD,YPP,47,YPP 74,IEC 63 B5 / B14,862.00,890.00
USD,YPP,47,YPP 74,IEC 71 B5 / B14,864.00,892.00
USD,YPP,47,YPP 74,IEC 80 B5 / B14,879.00,908.00
USD,YPP,47,YPP 72 IR 53,IEC 63 B5 / B14,953.00,982.00
USD,YPP,47,YPP 72 IR 53,IEC 71 B5 / B14,956.00,984.00
USD,YPP,47,YPP 72 IR 53,IEC 80 B5 / B14,968.00,996.00
USD,YPP,47,YPP 73 IR 52,IEC 63 B5 / B15,963.00,991.00
USD,YPP,47,YPP 73 IR 52,IEC 71 B5 / B15,965.00,993.00
USD,YPP,47,YPP 73 IR 52,IEC 80 B5 / B15,977.00,1005.00
USD,YPP,47,YPP 82,IEC 100 B5 / B14,1049.00,1086.00
USD,YPP,47,YPP 82,IEC 112 B5 / B14,1049.00,1086.00
USD,YPP,47,YPP 82,IEC 132 B5 / B14,1063.00,1100.00
USD,YPP,47,YPP 82,IEC 160 B5 / B14,1120.00,1158.00
USD,YPP,47,YPP 83,IEC 71 B5,1053.00,1091.00
USD,YPP,47,YPP 83,IEC 80 B5,1059.00,1097.00
USD,YPP,47,YPP 83,IEC 90 B5 / B14,1059.00,1097.00
USD,YPP,47,YPP 83,IEC 100 B5 / B14,1080.00,1125.00
USD,YPP,47,YPP 83,IEC 112 B5 / B14,1080.00,1125.00
USD,YPP,47,YPP 83,IEC 132 B5 / B14,1096.00,1141.00
USD,YPP,47,YPP 84,IEC 63 B5,1232.00,1269.00
USD,YPP,47,YPP 84,IEC 71 B5,1234.00,1272.00
USD,YPP,47,YPP 84,IEC 80 B5 / B14,1240.00,1278.00
USD,YPP,47,YPP 82 IR 52,IEC 63 B5 / B15,1355.00,1393.00
USD,YPP,47,YPP 82 IR 52,IEC 71 B5 / B15,1358.00,1395.00
USD,YPP,47,YPP 82 IR 52,IEC 80 B5 / B15,1367.00,1405.00
USD,YPP,47,YPP 82 IR 53,IEC 63 B5 / B14,1366.00,1403.00
USD,YPP,47,YPP 82 IR 53,IEC 71 B5 / B14,1369.00,1407.00
USD,YPP,47,YPP 82 IR 53,IEC 80 B5 / B14,1379.00,1416.00
USD,YPP,47,YPP 83 IR 52,IEC 63 B5 / B14,1387.00,1425.00
USD,YPP,47,YPP 83 IR 52,IEC 71 B5 / B14,1389.00,1427.00
USD,YPP,47,YPP 83 IR 53,IEC 63 B5 / B14,1393.00,1436.00
USD,YPP,47,YPP 83 IR 53,IEC 71 B5 / B14,1399.00,1439.00
USD,YPP,47,YPP 92,IEC 100 B5 / B14,1500.00,1566.00
USD,YPP,47,YPP 92,IEC 112 B5 / B14,1500.00,1566.00
USD,YPP,47,YPP 92,IEC 132 B5 / B14,1521.00,1587.00
USD,YPP,47,YPP 92,IEC 160 B5 / B14,1601.00,1665.00
USD,YPP,47,YPP 92,IEC 180 B5,1641.00,1705.00
USD,YPP,47,YPP 93,IEC 80 B5,1563.00,1628.00
USD,YPP,47,YPP 93,IEC 90 B5,1563.00,1628.00
USD,YPP,47,YPP 93,IEC 100 B5 / B14,1593.00,1658.00
USD,YPP,47,YPP 93,IEC 112 B5 / B14,1593.00,1658.00
USD,YPP,47,YPP 93,IEC 132 B5 / B14,1616.00,1682.00
USD,YPP,47,YPP 93,IEC 160 B5 / B14,1697.00,1762.00
USD,YPP,48,YPP 94,IEC 71 B5,1747.00,1809.00
USD,YPP,48,YPP 94,IEC 80 B5,1755.00,1818.00
USD,YPP,48,YPP 94,IEC 90 B5 / B14,1755.00,1818.00
USD,YPP,48,YPP 92 IR 63,IEC 63 B5,1922.00,1996.00
USD,YPP,48,YPP 92 IR 63,IEC 71 B5 / B14,1924.00,1986.00
USD,YPP,48,YPP 92 IR 63,IEC 80 B5 / B14,1939.00,2002.00
USD,YPP,48,YPP 93 IR 63,IEC 63 B5,1949.00,2011.00
USD,YPP,48,YPP 93 IR 63,IEC 71 B5 / B14,1951.00,2013.00
USD,YPP,48,YPP 102,IEC 132 B5,2226.00,2354.00
USD,YPP,48,YPP 102,IEC 160 B5 / B14,2347.00,2475.00
USD,YPP,48,YPP 102,IEC 180 B5,2390.00,2517.00
USD,YPP,48,YPP 102,IEC 200 B5,2503.00,2631.00
USD,YPP,48,YPP 103,IEC 90 B5,2314.00,2441.00
USD,YPP,48,YPP 103,IEC 100 B5,2354.00,2481.00
USD,YPP,48,YPP 103,IEC 112 B5,2354.00,2481.00
USD,YPP,48,YPP 103,IEC 132 B5,2368.00,2496.00
USD,YPP,48,YPP 103,IEC 160 B5 / B14,2497.00,2625.00
USD,YPP,48,YPP 103,IEC 180 B5,2522.00,2650.00
USD,YPP,48,YPP 104,IEC 71 B5,2514.00,2642.00
USD,YPP,48,YPP 104,IEC 80 B5,2526.00,2652.00
USD,YPP,48,YPP 104,IEC 90 B5,2526.00,2652.00
USD,YPP,48,YPP 104,IEC 100 B5 / B14,2575.00,2703.00
USD,YPP,48,YPP 102 IR 63,IEC 63 B5,2668.00,2796.00
USD,YPP,48,YPP 102 IR 63,IEC 71 B5 / B14,2670.00,2798.00
USD,YPP,48,YPP 102 IR 63,IEC 80 B5 / B14,2675.00,2803.00
USD,YPP,48,YPP 103 IR 63,IEC 63 B5,2688.00,2816.00
USD,YPP,48,YPP 103 IR 63,IEC 71 B5 / B14,2690.00,2818.00
USD,YPP,48,YPP 122,IEC 180 B5,3246.00,3440.00
USD,YPP,48,YPP 122,IEC 200 B5,3355.00,3549.00
USD,YPP,48,YPP 122,IEC 225 B5,3598.00,3792.00
USD,YPP,48,YPP 123,IEC 100 B5,3219.00,3413.00
USD,YPP,48,YPP 123,IEC 112 B5,3219.00,3413.00
USD,YPP,48,YPP 123,IEC 132 B5,3240.00,3434.00
USD,YPP,48,YPP 123,IEC 160 B5 / B14,3372.00,3565.00
USD,YPP,48,YPP 123,IEC 180 B5,3416.00,3610.00
USD,YPP,48,YPP 123,IEC 200 B5,3535.00,3729.00
USD,YPP,48,YPP 123,IEC 225 B5,3795.00,3988.00
USD,YPP,48,YPP 124,IEC 80 B5,3466.00,3661.00
USD,YPP,48,YPP 124,IEC 90 B5,3466.00,3661.00
USD,YPP,48,YPP 124,IEC 100 B5 / B14,3496.00,3690.00
USD,YPP,48,YPP 124,IEC 112 B5 / B14,3495.00,3689.00
USD,YPP,48,YPP 123 IR 72,IEC 71 B5,3813.00,4007.00
USD,YPP,48,YPP 123 IR 72,IEC 80 B5,3802.00,3995.00
USD,YPP,48,YPP 123 IR 72,IEC 90 B5 / B14,3802.00,3995.00
USD,YPP,48,YPP 123 IR 73,IEC 71 B5,3817.00,4011.00
USD,YPP,48,YPP 123 IR 73,IEC 80 B5 / B14,3829.00,4023.00
USD,YPP,49,YPP 142,IEC 225 B5,5288.00,5586.00
USD,YPP,49,YPP 142,IEC 250 B5,5481.00,5779.00
USD,YPP,49,YPP 142,IEC 280 B5,5772.00,6071.00
USD,YPP,49,YPP 143,IEC 132 B5,5288.00,5586.00
USD,YPP,49,YPP 143,IEC 160 B5,5429.00,5727.00
USD,YPP,49,YPP 143,IEC 180 B5,5438.00,5736.00
USD,YPP,49,YPP 143,IEC 200 B5,5595.00,5893.00
USD,YPP,49,YPP 143,IEC 225 B5,5879.00,6176.00
USD,YPP,49,YPP 143,IEC 250 B5,6071.00,6368.00
USD,YPP,49,YPP 143,IEC 280 B5,6362.00,6659.00
USD,YPP,49,YPP 144,IEC 100 B5,5739.00,6036.00
USD,YPP,49,YPP 144,IEC 112 B5,5739.00,6036.00
USD,YPP,49,YPP 144,IEC 132 B5,5762.00,6059.00
USD,YPP,49,YPP 143 IR 72,IEC 71 B5,5786.00,6083.00
USD,YPP,49,YPP 143 IR 72,IEC 80 B5,5797.00,6094.00
USD,YPP,49,YPP 143 IR 72,IEC 90 B5 / B14,5809.00,6107.00
USD,YPP,49,YPP 143 IR 72,IEC 100 B5 / B14,5826.00,6125.00
USD,YPP,49,YPP 143 IR 72,IEC 112 B5 / B14,5826.00,6125.00
USD,YPP,49,YPP 143 IR 72,IEC 132 B5 / B14,5841.00,6139.00
USD,YPP,49,YPP 143 IR 73,IEC 71 B5,5801.00,6099.00
USD,YPP,49,YPP 143 IR 73,IEC 80 B5,5810.00,6108.00
USD,YPP,49,YPP 143 IR 73,IEC 90 B5 / B14,5810.00,6108.00
USD,YPP,49,YPP 143 IR 82,IEC 132 B5,6230.00,6529.00
USD,YPP,49,YPP 143 IR 82,IEC 160 B5 / B14,6298.00,6596.00
USD,YPP,49,YPP 152,IEC 225 B5,7993.00,8372.00
USD,YPP,49,YPP 152,IEC 250 B5,8223.00,8603.00
USD,YPP,49,YPP 152,IEC 280 B5,8361.00,8740.00
USD,YPP,49,YPP 152,IEC 315 B5,10432.00,10813.00
USD,YPP,49,YPP 153,IEC 160 B5,7848.00,8229.00
USD,YPP,49,YPP 153,IEC 180 B5,7860.00,8240.00
USD,YPP,49,YPP 153,IEC 200 B5,8023.00,8404.00
USD,YPP,49,YPP 153,IEC 225 B5,8315.00,8695.00
USD,YPP,49,YPP 153,IEC 250 B5,8564.00,8945.00
USD,YPP,49,YPP 153,IEC 280 B5,8705.00,9084.00
USD,YPP,49,YPP 153,IEC 315 B5,10376.00,10756.00
USD,YPP,49,YPP 154,IEC 100 B5,8488.00,8868.00
USD,YPP,49,YPP 154,IEC 112 B5,8488.00,8868.00
USD,YPP,49,YPP 154,IEC 132 B5,8505.00,8886.00
USD,YPP,49,YPP 152 IR 83,IEC 80 B5,8733.00,9114.00
USD,YPP,49,YPP 152 IR 83,IEC 90 B5,8733.00,9114.00
USD,YPP,49,YPP 152 IR 83,IEC 100 B5 / B14,8757.00,9137.00
USD,YPP,49,YPP 152 IR 83,IEC 112 B5 / B14,8757.00,9137.00
USD,YPP,49,YPP 153 IR 83,IEC 80 B5,8831.00,9211.00
USD,YPP,49,YPP 153 IR 83,IEC 90 B5,8831.00,9211.00
USD,YPP,49,YPP 153 IR 92,IEC 100 B5,9437.00,9816.00
USD,YPP,49,YPP 153 IR 92,IEC 112 B5,9437.00,9816.00
USD,YPP,49,YPP 153 IR 92,IEC 132 B5,9465.00,9846.00
USD,YPP,49,YPP 153 IR 92,IEC 160 B5 / B14,9561.00,9942.00
