size,series,stage,input_config,price_eur,page
101,IPR,S1,FS,301.00,2
101,IPR,S2,FS,486.00,2
101,IPR,S3,FS,672.00,2
101,IPR,S4,FS,858.00,2
101,IPRK,S2,FS,808.00,2
101,IPRK,S3,FS,994.00,2
101,IPRK,S4,FS,1179.00,2
101,IPRK,S5,FS,1365.00,2
101,IPR,S1,FC,297.00,2
101,IPR,S2,FC,483.00,2
101,IPR,S3,FC,668.00,2
101,IPR,S4,FC,854.00,2
101,IPRK,S2,FC,804.00,2
101,IPRK,S3,FC,990.00,2
101,IPRK,S4,FC,1176.00,2
101,IPRK,S5,FC,1361.00,2
101,IPR,S1,HS,331.00,2
101,IPR,S2,HS,517.00,2
101,IPR,S3,HS,702.00,2
101,IPR,S4,HS,888.00,2
101,IPRK,S2,HS,838.00,2
101,IPRK,S3,HS,1024.00,2
101,IPRK,S4,HS,1210.00,2
101,IPRK,S5,HS,1396.00,2
101,IPR,S1,HC,330.00,2
101,IPR,S2,HC,515.00,2
101,IPR,S3,HC,701.00,2
101,IPR,S4,HC,887.00,2
101,IPRK,S2,HC,837.00,2
101,IPRK,S3,HC,1023.00,2
101,IPRK,S4,HC,1208.00,2
101,IPRK,S5,HC,1394.00,2
101,IPR,S1,MS,314.00,2
101,IPR,S2,MS,499.00,2
101,IPR,S3,MS,685.00,2
101,IPR,S4,MS,871.00,2
101,IPRK,S2,MS,821.00,2
101,IPRK,S3,MS,1007.00,2
101,IPRK,S4,MS,1192.00,2
101,IPRK,S5,MS,1378.00,2
101,IPR,S1,MC,320.00,2
101,IPR,S2,MC,506.00,2
101,IPR,S3,MC,692.00,2
101,IPR,S4,MC,877.00,2
101,IPRK,S2,MC,828.00,2
101,IPRK,S3,MC,1013.00,2
101,IPRK,S4,MC,1199.00,2
101,IPRK,S5,MC,1385.00,2
101,IPR,S1,SF,277.00,2
101,IPR,S2,SF,463.00,2
101,IPR,S3,SF,649.00,2
101,IPR,S4,SF,834.00,2
101,IPRK,S2,SF,784.00,2
101,IPRK,S3,SF,970.00,2
101,IPRK,S4,SF,1156.00,2
101,IPRK,S5,SF,1342.00,2
101,IPR,S1,SDF,303.00,2
101,IPR,S2,SDF,489.00,2
101,IPR,S3,SDF,674.00,2
101,IPR,S4,SDF,860.00,2
101,IPRK,S2,SDF,810.00,2
101,IPRK,S3,SDF,996.00,2
101,IPRK,S4,SDF,1182.00,2
101,IPRK,S5,SDF,1367.00,2
101,IPR,S1,DKM,336.00,2
101,IPR,S2,DKM,522.00,2
101,IPR,S3,DKM,707.00,2
101,IPR,S4,DKM,893.00,2
101,IPRK,S2,DKM,843.00,2
101,IPRK,S3,DKM,1029.00,2
101,IPRK,S4,DKM,1215.00,2
101,IPRK,S5,DKM,1400.00,2
103,IPR,S1,FS,340.00,3
103,IPR,S2,FS,525.00,3
103,IPR,S3,FS,711.00,3
103,IPR,S4,FS,897.00,3
103,IPRK,S2,FS,847.00,3
103,IPRK,S3,FS,1033.00,3
103,IPRK,S4,FS,1218.00,3
103,IPRK,S5,FS,1404.00,3
103,IPR,S1,FC,336.00,3
103,IPR,S2,FC,522.00,3
103,IPR,S3,FC,707.00,3
103,IPR,S4,FC,893.00,3
103,IPRK,S2,FC,843.00,3
103,IPRK,S3,FC,1029.00,3
103,IPRK,S4,FC,1215.00,3
103,IPRK,S5,FC,1400.00,3
103,IPR,S1,HS,370.00,3
103,IPR,S2,HS,556.00,3
103,IPR,S3,HS,741.00,3
103,IPR,S4,HS,927.00,3
103,IPRK,S2,HS,877.00,3
103,IPRK,S3,HS,1063.00,3
103,IPRK,S4,HS,1249.00,3
103,IPRK,S5,HS,1434.00,3
103,IPR,S1,HC,369.00,3
103,IPR,S2,HC,554.00,3
103,IPR,S3,HC,740.00,3
103,IPR,S4,HC,926.00,3
103,IPRK,S2,HC,876.00,3
103,IPRK,S3,HC,1062.00,3
103,IPRK,S4,HC,1247.00,3
103,IPRK,S5,HC,1433.00,3
103,IPR,S1,MS,353.00,3
103,IPR,S2,MS,538.00,3
103,IPR,S3,MS,724.00,3
103,IPR,S4,MS,910.00,3
103,IPRK,S2,MS,860.00,3
103,IPRK,S3,MS,1046.00,3
103,IPRK,S4,MS,1231.00,3
103,IPRK,S5,MS,1417.00,3
103,IPR,S1,MC,359.00,3
103,IPR,S2,MC,545.00,3
103,IPR,S3,MC,731.00,3
103,IPR,S4,MC,916.00,3
103,IPRK,S2,MC,866.00,3
103,IPRK,S3,MC,1052.00,3
103,IPRK,S4,MC,1238.00,3
103,IPRK,S5,MC,1424.00,3
103,IPR,S1,SF,316.00,3
103,IPR,S2,SF,502.00,3
103,IPR,S3,SF,687.00,3
103,IPR,S4,SF,873.00,3
103,IPRK,S2,SF,823.00,3
103,IPRK,S3,SF,1009.00,3
103,IPRK,S4,SF,1195.00,3
103,IPRK,S5,SF,1381.00,3
103,IPR,S1,SDF,342.00,3
103,IPR,S2,SDF,527.00,3
103,IPR,S3,SDF,713.00,3
103,IPR,S4,SDF,899.00,3
103,IPRK,S2,SDF,849.00,3
103,IPRK,S3,SDF,1035.00,3
103,IPRK,S4,SDF,1221.00,3
103,IPRK,S5,SDF,1406.00,3
103,IPR,S1,DKM,375.00,3
103,IPR,S2,DKM,561.00,3
103,IPR,S3,DKM,746.00,3
103,IPR,S4,DKM,932.00,3
103,IPRK,S2,DKM,882.00,3
103,IPRK,S3,DKM,1068.00,3
103,IPRK,S4,DKM,1254.00,3
103,IPRK,S5,DKM,1439.00,3
105,IPR,S1,FS,554.00,4
105,IPR,S2,FS,758.00,4
105,IPR,S3,FS,943.00,4
105,IPR,S4,FS,1129.00,4
105,IPRK,S2,FS,1079.00,4
105,IPRK,S3,FS,1265.00,4
105,IPRK,S4,FS,1451.00,4
105,IPRK,S5,FS,1637.00,4
105,IPR,S1,FC,567.00,4
105,IPR,S2,FC,771.00,4
105,IPR,S3,FC,957.00,4
105,IPR,S4,FC,1143.00,4
105,IPRK,S2,FC,1093.00,4
105,IPRK,S3,FC,1278.00,4
105,IPRK,S4,FC,1464.00,4
105,IPRK,S5,FC,1650.00,4
105,IPR,S1,HS,648.00,4
105,IPR,S2,HS,852.00,4
105,IPR,S3,HS,1037.00,4
105,IPR,S4,HS,1223.00,4
105,IPRK,S2,HS,1173.00,4
105,IPRK,S3,HS,1359.00,4
105,IPRK,S4,HS,1545.00,4
105,IPRK,S5,HS,1731.00,4
105,IPR,S1,HC,659.00,4
105,IPR,S2,HC,863.00,4
105,IPR,S3,HC,1048.00,4
105,IPR,S4,HC,1234.00,4
105,IPRK,S2,HC,1184.00,4
105,IPRK,S3,HC,1370.00,4
105,IPRK,S4,HC,1556.00,4
105,IPRK,S5,HC,1741.00,4
105,IPR,S1,SF,493.00,4
105,IPR,S2,SF,696.00,4
105,IPR,S3,SF,882.00,4
105,IPR,S4,SF,1068.00,4
105,IPRK,S2,SF,1018.00,4
105,IPRK,S3,SF,1204.00,4
105,IPRK,S4,SF,1389.00,4
105,IPRK,S5,SF,1575.00,4
105,IPR,S1,S,402.00,4
105,IPR,S2,S,605.00,4
105,IPR,S3,S,791.00,4
105,IPR,S4,S,977.00,4
105,IPRK,S2,S,927.00,4
105,IPRK,S3,S,1113.00,4
105,IPRK,S4,S,1299.00,4
105,IPRK,S5,S,1484.00,4
105,IPR,S1,SDF,598.00,4
105,IPR,S2,SDF,802.00,4
105,IPR,S3,SDF,988.00,4
105,IPR,S4,SDF,1174.00,4
105,IPRK,S2,SDF,1124.00,4
105,IPRK,S3,SDF,1310.00,4
105,IPRK,S4,SDF,1495.00,4
105,IPRK,S5,SDF,1681.00,4
105,IPR,S1,DKM,667.00,4
105,IPR,S2,DKM,871.00,4
105,IPR,S3,DKM,1057.00,4
105,IPR,S4,DKM,1242.00,4
105,IPRK,S2,DKM,1192.00,4
105,IPRK,S3,DKM,1378.00,4
105,IPRK,S4,DKM,1564.00,4
105,IPRK,S5,DKM,1750.00,4
107,IPR,S1,FS,639.00,5
107,IPR,S2,FS,881.00,5
107,IPR,S3,FS,1067.00,5
107,IPR,S4,FS,1253.00,5
107,IPRK,S2,FS,1357.00,5
107,IPRK,S3,FS,1389.00,5
107,IPRK,S4,FS,1574.00,5
107,IPRK,S5,FS,1760.00,5
107,IPR,S1,FC,652.00,5
107,IPR,S2,FC,895.00,5
107,IPR,S3,FC,1080.00,5
107,IPR,S4,FC,1266.00,5
107,IPRK,S2,FC,1371.00,5
107,IPRK,S3,FC,1402.00,5
107,IPRK,S4,FC,1588.00,5
107,IPRK,S5,FC,1773.00,5
107,IPR,S1,HS,733.00,5
107,IPR,S2,HS,975.00,5
107,IPR,S3,HS,1161.00,5
107,IPR,S4,HS,1347.00,5
107,IPRK,S2,HS,1452.00,5
107,IPRK,S3,HS,1483.00,5
107,IPRK,S4,HS,1668.00,5
107,IPRK,S5,HS,1854.00,5
107,IPR,S1,HC,743.00,5
107,IPR,S2,HC,986.00,5
107,IPR,S3,HC,1172.00,5
107,IPR,S4,HC,1358.00,5
107,IPRK,S2,HC,1462.00,5
107,IPRK,S3,HC,1493.00,5
107,IPRK,S4,HC,1679.00,5
107,IPRK,S5,HC,1865.00,5
107,IPR,S1,SF,577.00,5
107,IPR,S2,SF,820.00,5
107,IPR,S3,SF,1005.00,5
107,IPR,S4,SF,1191.00,5
107,IPRK,S2,SF,1296.00,5
107,IPRK,S3,SF,1327.00,5
107,IPRK,S4,SF,1513.00,5
107,IPRK,S5,SF,1699.00,5
107,IPR,S1,S,478.00,5
107,IPR,S2,S,721.00,5
107,IPR,S3,S,907.00,5
107,IPR,S4,S,1092.00,5
107,IPRK,S2,S,1197.00,5
107,IPRK,S3,S,1228.00,5
107,IPRK,S4,S,1414.00,5
107,IPRK,S5,S,1600.00,5
107,IPR,S1,SDF,683.00,5
107,IPR,S2,SDF,926.00,5
107,IPR,S3,SDF,1111.00,5
107,IPR,S4,SDF,1297.00,5
107,IPRK,S2,SDF,1402.00,5
107,IPRK,S3,SDF,1433.00,5
107,IPRK,S4,SDF,1619.00,5
107,IPRK,S5,SDF,1804.00,5
107,IPR,S1,DKM,752.00,5
107,IPR,S2,DKM,994.00,5
107,IPR,S3,DKM,1180.00,5
107,IPR,S4,DKM,1366.00,5
107,IPRK,S2,DKM,1471.00,5
107,IPRK,S3,DKM,1502.00,5
107,IPRK,S4,DKM,1687.00,5
107,IPRK,S5,DKM,1873.00,5
109,IPR,S1,HS,918.00,6
109,IPR,S2,HS,1250.00,6
109,IPR,S3,HS,1453.00,6
109,IPR,S4,HS,1639.00,6
109,IPRK,S2,HS,1930.00,6
109,IPRK,S3,HS,1775.00,6
109,IPRK,S4,HS,1961.00,6
109,IPRK,S5,HS,2146.00,6
109,IPR,S1,HC,926.00,6
109,IPR,S2,HC,1258.00,6
109,IPR,S3,HC,1461.00,6
109,IPR,S4,HC,1647.00,6
109,IPRK,S2,HC,1938.00,6
109,IPRK,S3,HC,1783.00,6
109,IPRK,S4,HC,1969.00,6
109,IPRK,S5,HC,2154.00,6
109,IPR,S1,SF,792.00,6
109,IPR,S2,SF,1123.00,6
109,IPR,S3,SF,1327.00,6
109,IPR,S4,SF,1513.00,6
109,IPRK,S2,SF,1803.00,6
109,IPRK,S3,SF,1648.00,6
109,IPRK,S4,SF,1834.00,6
109,IPRK,S5,SF,2020.00,6
109,IPR,S1,SDF,963.00,6
109,IPR,S2,SDF,1294.00,6
109,IPR,S3,SDF,1498.00,6
109,IPR,S4,SDF,1684.00,6
109,IPRK,S2,SDF,1974.00,6
109,IPRK,S3,SDF,1819.00,6
109,IPRK,S4,SDF,2005.00,6
109,IPRK,S5,SDF,2191.00,6
109,IPR,S1,DKM,829.00,6
109,IPR,S2,DKM,1160.00,6
109,IPR,S3,DKM,1364.00,6
109,IPR,S4,DKM,1549.00,6
109,IPRK,S2,DKM,1840.00,6
109,IPRK,S3,DKM,1685.00,6
109,IPRK,S4,DKM,1871.00,6
109,IPRK,S5,DKM,2057.00,6
111,IPR,S1,FS,1251.00,7
111,IPR,S2,FS,1730.00,7
111,IPR,S3,FS,1973.00,7
111,IPR,S4,FS,2158.00,7
111,IPRK,S2,FS,2366.00,7
111,IPRK,S3,FS,2449.00,7
111,IPRK,S4,FS,2480.00,7
111,IPRK,S5,FS,2666.00,7
111,IPR,S1,FC,1279.00,7
111,IPR,S2,FC,1758.00,7
111,IPR,S3,FC,2001.00,7
111,IPR,S4,FC,2187.00,7
111,IPRK,S2,FC,2395.00,7
111,IPRK,S3,FC,2477.00,7
111,IPRK,S4,FC,2508.00,7
111,IPRK,S5,FC,2694.00,7
111,IPR,S1,SF,1163.00,7
111,IPR,S2,SF,1642.00,7
111,IPR,S3,SF,1884.00,7
111,IPR,S4,SF,2070.00,7
111,IPRK,S2,SF,2278.00,7
111,IPRK,S3,SF,2361.00,7
111,IPRK,S4,SF,2392.00,7
111,IPRK,S5,SF,2577.00,7
111,IPR,S1,S,847.00,7
111,IPR,S2,S,1326.00,7
111,IPR,S3,S,1569.00,7
111,IPR,S4,S,1754.00,7
111,IPRK,S2,S,1962.00,7
111,IPRK,S3,S,2045.00,7
111,IPRK,S4,S,2076.00,7
111,IPRK,S5,S,2262.00,7
111,IPR,S1,SDF,1325.00,7
111,IPR,S2,SDF,1804.00,7
111,IPR,S3,SDF,2047.00,7
111,IPR,S4,SDF,2232.00,7
111,IPRK,S2,SDF,2440.00,7
111,IPRK,S3,SDF,2523.00,7
111,IPRK,S4,SDF,2554.00,7
111,IPRK,S5,SDF,2740.00,7
111,IPR,S1,DKM,1387.00,7
111,IPR,S2,DKM,1866.00,7
111,IPR,S3,DKM,2109.00,7
111,IPR,S4,DKM,2295.00,7
111,IPRK,S2,DKM,2503.00,7
111,IPRK,S3,DKM,2585.00,7
111,IPRK,S4,DKM,2616.00,7
111,IPRK,S5,DKM,2802.00,7
113,IPR,S1,FS,1405.00,8
113,IPR,S2,FS,1884.00,8
113,IPR,S3,FS,2127.00,8
113,IPR,S4,FS,2312.00,8
113,IPRK,S2,FS,2520.00,8
113,IPRK,S3,FS,2603.00,8
113,IPRK,S4,FS,2634.00,8
113,IPRK,S5,FS,2820.00,8
113,IPR,S1,FC,1468.00,8
113,IPR,S2,FC,1947.00,8
113,IPR,S3,FC,2189.00,8
113,IPR,S4,FC,2375.00,8
113,IPRK,S2,FC,2583.00,8
113,IPRK,S3,FC,2666.00,8
113,IPRK,S4,FC,2697.00,8
113,IPRK,S5,FC,2883.00,8
113,IPR,S1,MS,1320.00,8
113,IPR,S2,MS,1799.00,8
113,IPR,S3,MS,2041.00,8
113,IPR,S4,MS,2227.00,8
113,IPRK,S2,MS,2435.00,8
113,IPRK,S3,MS,2517.00,8
113,IPRK,S4,MS,2549.00,8
113,IPRK,S5,MS,2734.00,8
113,IPR,S1,MC,1386.00,8
113,IPR,S2,MC,1865.00,8
113,IPR,S3,MC,2108.00,8
113,IPR,S4,MC,2293.00,8
113,IPRK,S2,MC,2501.00,8
113,IPRK,S3,MC,2584.00,8
113,IPRK,S4,MC,2615.00,8
113,IPRK,S5,MC,2801.00,8
113,IPR,S1,SF,1376.00,8
113,IPR,S2,SF,1855.00,8
113,IPR,S3,SF,2097.00,8
113,IPR,S4,SF,2283.00,8
113,IPRK,S2,SF,2491.00,8
113,IPRK,S3,SF,2574.00,8
113,IPRK,S4,SF,2605.00,8
113,IPRK,S5,SF,2790.00,8
113,IPR,S1,S,1026.00,8
113,IPR,S2,S,1505.00,8
113,IPR,S3,S,1748.00,8
113,IPR,S4,S,1934.00,8
113,IPRK,S2,S,2142.00,8
113,IPRK,S3,S,2224.00,8
113,IPRK,S4,S,2255.00,8
113,IPRK,S5,S,2441.00,8
113,IPR,S1,SDF,1434.00,8
113,IPR,S2,SDF,1913.00,8
113,IPR,S3,SDF,2156.00,8
113,IPR,S4,SDF,2342.00,8
113,IPRK,S2,SDF,2550.00,8
113,IPRK,S3,SDF,2632.00,8
113,IPRK,S4,SDF,2663.00,8
113,IPRK,S5,SDF,2849.00,8
113,IPR,S1,DKM,1611.00,8
113,IPR,S2,DKM,2090.00,8
113,IPR,S3,DKM,2332.00,8
113,IPR,S4,DKM,2518.00,8
113,IPRK,S2,DKM,2726.00,8
113,IPRK,S3,DKM,2809.00,8
113,IPRK,S4,DKM,2840.00,8
113,IPRK,S5,DKM,3025.00,8
115,IPR,S1,FS,1984.00,9
115,IPR,S2,FS,2316.00,9
115,IPR,S3,FS,2501.00,9
115,IPR,S4,FS,2995.00,9
115,IPRK,S2,FS,2823.00,9
115,IPRK,S3,FS,3009.00,9
115,IPR,S1,FC,2047.00,9
115,IPR,S2,FC,2378.00,9
115,IPR,S3,FC,2564.00,9
115,IPR,S4,FC,3058.00,9
115,IPRK,S2,FC,2886.00,9
115,IPRK,S3,FC,3072.00,9
115,IPR,S1,MS,1899.00,9
115,IPR,S2,MS,2230.00,9
115,IPR,S3,MS,2416.00,9
115,IPR,S4,MS,2910.00,9
115,IPRK,S2,MS,2738.00,9
115,IPRK,S3,MS,2923.00,9
115,IPR,S1,MC,1965.00,9
115,IPR,S2,MC,2297.00,9
115,IPR,S3,MC,2482.00,9
115,IPR,S4,MC,2977.00,9
115,IPRK,S2,MC,2804.00,9
115,IPRK,S3,MC,2990.00,9
115,IPR,S1,SF,1955.00,9
115,IPR,S2,SF,2286.00,9
115,IPR,S3,SF,2472.00,9
115,IPR,S4,SF,2966.00,9
115,IPRK,S2,SF,2794.00,9
115,IPRK,S3,SF,2979.00,9
115,IPR,S1,S,1606.00,9
115,IPR,S2,S,1937.00,9
115,IPR,S3,S,2123.00,9
115,IPR,S4,S,2617.00,9
115,IPRK,S2,S,2444.00,9
115,IPRK,S3,S,2630.00,9
115,IPR,S1,SDF,2014.00,9
115,IPR,S2,SDF,2345.00,9
115,IPR,S3,SDF,2531.00,9
115,IPR,S4,SDF,3025.00,9
115,IPRK,S2,SDF,2852.00,9
115,IPRK,S3,SDF,3038.00,9
115,IPR,S1,DKM,2190.00,9
115,IPR,S2,DKM,2521.00,9
115,IPR,S3,DKM,2707.00,9
115,IPR,S4,DKM,3201.00,9
115,IPRK,S2,DKM,3029.00,9
115,IPRK,S3,DKM,3214.00,9
115,IPR,S1,FVS,2138.00,9
115,IPR,S2,FVS,2469.00,9
115,IPR,S3,FVS,2655.00,9
115,IPR,S4,FVS,3149.00,9
115,IPRK,S2,FVS,2977.00,9
115,IPRK,S3,FVS,3162.00,9
115,IPR,S1,FVC,2162.00,9
115,IPR,S2,FVC,2493.00,9
115,IPR,S3,FVC,2679.00,9
115,IPR,S4,FVC,3173.00,9
115,IPRK,S2,FVC,3000.00,9
115,IPRK,S3,FVC,3186.00,9
117,IPR,S1,FS,2427.00,10
117,IPR,S2,FS,3349.00,10
117,IPR,S3,FS,3681.00,10
117,IPR,S4,FS,3866.00,10
117,IPRK,S2,FS,4353.00,10
117,IPRK,S3,FS,4360.00,10
117,IPRK,S4,FS,4400.00,10
117,IPRK,S5,FS,4374.00,10
117,IPR,S1,FC,2497.00,10
117,IPR,S2,FC,3419.00,10
117,IPR,S3,FC,3751.00,10
117,IPR,S4,FC,3936.00,10
117,IPRK,S2,FC,4423.00,10
117,IPRK,S3,FC,4431.00,10
117,IPRK,S4,FC,4470.00,10
117,IPRK,S5,FC,4444.00,10
117,IPR,S1,MS,2280.00,10
117,IPR,S2,MS,3202.00,10
117,IPR,S3,MS,3533.00,10
117,IPR,S4,MS,3719.00,10
117,IPRK,S2,MS,4205.00,10
117,IPRK,S3,MS,4213.00,10
117,IPRK,S4,MS,4252.00,10
117,IPRK,S5,MS,4226.00,10
117,IPR,S1,MC,2345.00,10
117,IPR,S2,MC,3267.00,10
117,IPR,S3,MC,3599.00,10
117,IPR,S4,MC,3784.00,10
117,IPRK,S2,MC,4271.00,10
117,IPRK,S3,MC,4278.00,10
117,IPRK,S4,MC,4317.00,10
117,IPRK,S5,MC,4292.00,10
117,IPR,S1,S,2130.00,10
117,IPR,S2,S,3052.00,10
117,IPR,S3,S,3384.00,10
117,IPR,S4,S,3569.00,10
117,IPRK,S2,S,4056.00,10
117,IPRK,S3,S,4064.00,10
117,IPRK,S4,S,4103.00,10
117,IPRK,S5,S,4077.00,10
117,IPR,S1,SD,2563.00,10
117,IPR,S2,SD,3484.00,10
117,IPR,S3,SD,3816.00,10
117,IPR,S4,SD,4001.00,10
117,IPRK,S2,SD,4488.00,10
117,IPRK,S3,SD,4496.00,10
117,IPRK,S4,SD,4535.00,10
117,IPRK,S5,SD,4509.00,10
117,IPR,S1,DKM,3206.00,10
117,IPR,S2,DKM,4128.00,10
117,IPR,S3,DKM,4459.00,10
117,IPR,S4,DKM,4645.00,10
117,IPRK,S2,DKM,5131.00,10
117,IPRK,S3,DKM,5139.00,10
117,IPRK,S4,DKM,5178.00,10
117,IPRK,S5,DKM,5152.00,10
119,IPR,S1,FS,3562.77,11
119,IPR,S2,FS,4033.39,11
119,IPR,S3,FS,4276.02,11
119,IPR,S4,FS,4461.75,11
119,IPRK,S2,FS,4678.06,11
119,IPRK,S3,FS,4752.32,11
119,IPRK,S4,FS,4783.36,11
119,IPR,S1,FC,3632.78,11
119,IPR,S2,FC,4103.40,11
119,IPR,S3,FC,4346.02,11
119,IPR,S4,FC,4531.76,11
119,IPRK,S2,FC,4748.06,11
119,IPRK,S3,FC,4822.33,11
119,IPRK,S4,FC,4853.37,11
119,IPR,S1,MS,3415.31,11
119,IPR,S2,MS,3885.94,11
119,IPR,S3,MS,4128.56,11
119,IPR,S4,MS,4314.30,11
119,IPRK,S2,MS,4530.60,11
119,IPRK,S3,MS,4604.86,11
119,IPRK,S4,MS,4635.90,11
119,IPR,S1,MC,3480.66,11
119,IPR,S2,MC,3951.29,11
119,IPR,S3,MC,4193.91,11
119,IPR,S4,MC,4379.65,11
119,IPRK,S2,MC,4595.95,11
119,IPRK,S3,MC,4670.21,11
119,IPRK,S4,MC,4701.25,11
119,IPR,S1,S,3265.82,11
119,IPR,S2,S,3736.45,11
119,IPR,S3,S,3979.07,11
119,IPR,S4,S,4164.81,11
119,IPRK,S2,S,4381.11,11
119,IPRK,S3,S,4455.37,11
119,IPRK,S4,S,4486.41,11
119,IPR,S1,SD,3697.91,11
119,IPR,S2,SD,4168.54,11
119,IPR,S3,SD,4411.16,11
119,IPR,S4,SD,4596.90,11
119,IPRK,S2,SD,4813.20,11
119,IPRK,S3,SD,4887.46,11
119,IPRK,S4,SD,4918.50,11
119,IPR,S1,DKM,4341.53,11
119,IPR,S2,DKM,4812.15,11
119,IPR,S3,DKM,5054.77,11
119,IPR,S4,DKM,5240.51,11
119,IPRK,S2,DKM,5456.81,11
119,IPRK,S3,DKM,5531.08,11
119,IPRK,S4,DKM,5562.11,11
119,IPR,S1,FVS,3785.23,11
119,IPR,S2,FVS,4255.85,11
119,IPR,S3,FVS,4498.48,11
119,IPR,S4,FVS,4684.21,11
119,IPRK,S2,FVS,4900.52,11
119,IPRK,S3,FVS,4974.78,11
119,IPRK,S4,FVS,5005.82,11
119,IPR,S1,FVC,3856.06,11
119,IPR,S2,FVC,4326.69,11
119,IPR,S3,FVC,4569.31,11
119,IPR,S4,FVC,4755.05,11
119,IPRK,S2,FVC,4971.35,11
119,IPRK,S3,FVC,5045.61,11
119,IPRK,S4,FVC,5076.65,11
121,IPR,S1,FS,2710.00,12
121,IPR,S2,FS,4037.00,12
121,IPR,S3,FS,4507.00,12
121,IPR,S4,FS,4750.00,12
121,IPRK,S2,FS,4635.00,12
121,IPRK,S3,FS,5152.00,12
121,IPRK,S4,FS,5254.00,12
121,IPRK,S5,FS,5257.00,12
121,IPR,S1,FC,2777.00,12
121,IPR,S2,FC,4105.00,12
121,IPR,S3,FC,4575.00,12
121,IPR,S4,FC,4818.00,12
121,IPRK,S2,FC,4703.00,12
121,IPRK,S3,FC,5220.00,12
121,IPRK,S4,FC,5322.00,12
121,IPRK,S5,FC,5325.00,12
121,IPR,S1,MS,2661.00,12
121,IPR,S2,MS,3988.00,12
121,IPR,S3,MS,4459.00,12
121,IPR,S4,MS,4701.00,12
121,IPRK,S2,MS,4586.00,12
121,IPRK,S3,MS,5103.00,12
121,IPRK,S4,MS,5205.00,12
121,IPRK,S5,MS,5209.00,12
121,IPR,S1,MC,2729.00,12
121,IPR,S2,MC,4056.00,12
121,IPR,S3,MC,4526.00,12
121,IPR,S4,MC,4769.00,12
121,IPRK,S2,MC,4654.00,12
121,IPRK,S3,MC,5171.00,12
121,IPRK,S4,MC,5273.00,12
121,IPRK,S5,MC,5276.00,12
121,IPR,S1,S,2346.00,12
121,IPR,S2,S,3673.00,12
121,IPR,S3,S,4144.00,12
121,IPR,S4,S,4387.00,12
121,IPRK,S2,S,4271.00,12
121,IPRK,S3,S,4789.00,12
121,IPRK,S4,S,4891.00,12
121,IPRK,S5,S,4894.00,12
121,IPR,S1,SD,2709.00,12
121,IPR,S2,SD,4036.00,12
121,IPR,S3,SD,4506.00,12
121,IPR,S4,SD,4749.00,12
121,IPRK,S2,SD,4634.00,12
121,IPRK,S3,SD,5151.00,12
121,IPRK,S4,SD,5253.00,12
121,IPRK,S5,SD,5256.00,12
123,IPR,S1,FS,4934.00,13
123,IPR,S2,FS,6340.00,13
123,IPR,S3,FS,6818.00,13
123,IPR,S4,FS,7061.00,13
123,IPRK,S2,FS,7672.00,13
123,IPRK,S3,FS,7455.00,13
123,IPRK,S4,FS,7537.00,13
123,IPRK,S5,FS,7568.00,13
123,IPR,S1,FC,5056.00,13
123,IPR,S2,FC,6461.00,13
123,IPR,S3,FC,6940.00,13
123,IPR,S4,FC,7183.00,13
123,IPRK,S2,FC,7794.00,13
123,IPRK,S3,FC,7576.00,13
123,IPRK,S4,FC,7659.00,13
123,IPRK,S5,FC,7690.00,13
123,IPR,S1,MS,4872.00,13
123,IPR,S2,MS,6277.00,13
123,IPR,S3,MS,6756.00,13
123,IPR,S4,MS,6999.00,13
123,IPRK,S2,MS,7610.00,13
123,IPRK,S3,MS,7392.00,13
123,IPRK,S4,MS,7475.00,13
123,IPRK,S5,MS,7506.00,13
123,IPR,S1,MC,4993.00,13
123,IPR,S2,MC,6399.00,13
123,IPR,S3,MC,6878.00,13
123,IPR,S4,MC,7120.00,13
123,IPRK,S2,MC,7732.00,13
123,IPRK,S3,MC,7514.00,13
123,IPRK,S4,MC,7597.00,13
123,IPRK,S5,MC,7628.00,13
123,IPR,S1,S,3604.00,13
123,IPR,S2,S,5009.00,13
123,IPR,S3,S,5488.00,13
123,IPR,S4,S,5731.00,13
123,IPRK,S2,S,6342.00,13
123,IPRK,S3,S,6125.00,13
123,IPRK,S4,S,6207.00,13
123,IPRK,S5,S,6238.00,13
123,IPR,S1,SD,4013.00,13
123,IPR,S2,SD,5419.00,13
123,IPR,S3,SD,5898.00,13
123,IPR,S4,SD,6140.00,13
123,IPRK,S2,SD,6752.00,13
123,IPRK,S3,SD,6534.00,13
123,IPRK,S4,SD,6617.00,13
123,IPRK,S5,SD,6648.00,13
125,IPR,S1,FS,5200.00,14
125,IPR,S2,FS,7590.00,14
125,IPR,S3,FS,8512.00,14
125,IPR,S4,FS,8843.00,14
125,IPRK,S2,FS,7938.00,14
125,IPRK,S3,FS,9515.00,14
125,IPRK,S4,FS,9523.00,14
125,IPRK,S5,FS,9562.00,14
125,IPR,S1,FC,5306.00,14
125,IPR,S2,FC,7696.00,14
125,IPR,S3,FC,8618.00,14
125,IPR,S4,FC,8949.00,14
125,IPRK,S2,FC,8044.00,14
125,IPRK,S3,FC,9621.00,14
125,IPRK,S4,FC,9629.00,14
125,IPRK,S5,FC,9668.00,14
125,IPR,S1,MS,5140.00,14
125,IPR,S2,MS,7530.00,14
125,IPR,S3,MS,8452.00,14
125,IPR,S4,MS,8783.00,14
125,IPRK,S2,MS,7878.00,14
125,IPRK,S3,MS,9455.00,14
125,IPRK,S4,MS,9463.00,14
125,IPRK,S5,MS,9502.00,14
125,IPR,S1,MC,5246.00,14
125,IPR,S2,MC,7636.00,14
125,IPR,S3,MC,8558.00,14
125,IPR,S4,MC,8889.00,14
125,IPRK,S2,MC,7984.00,14
125,IPRK,S3,MC,9561.00,14
125,IPRK,S4,MC,9569.00,14
125,IPRK,S5,MC,9608.00,14
125,IPR,S1,S,4341.00,14
125,IPR,S2,S,6731.00,14
125,IPR,S3,S,7653.00,14
125,IPR,S4,S,7984.00,14
125,IPRK,S2,S,7079.00,14
125,IPRK,S3,S,8656.00,14
125,IPRK,S4,S,8664.00,14
125,IPRK,S5,S,8703.00,14
125,IPR,S1,SD,4750.00,14
125,IPR,S2,SD,7140.00,14
125,IPR,S3,SD,8062.00,14
125,IPR,S4,SD,8393.00,14
125,IPRK,S2,SD,7488.00,14
125,IPRK,S3,SD,9066.00,14
125,IPRK,S4,SD,9073.00,14
125,IPRK,S5,SD,9112.00,14
125,IPR,S1,FVS,5690.00,14
125,IPR,S2,FVS,8080.00,14
125,IPR,S3,FVS,9002.00,14
125,IPR,S4,FVS,9333.00,14
125,IPRK,S2,FVS,8428.00,14
125,IPRK,S3,FVS,10005.00,14
125,IPRK,S4,FVS,10013.00,14
125,IPRK,S5,FVS,10052.00,14
125,IPR,S1,FVC,5796.00,14
125,IPR,S2,FVC,8186.00,14
125,IPR,S3,FVC,9108.00,14
125,IPR,S4,FVC,9439.00,14
125,IPRK,S2,FVC,8534.00,14
125,IPRK,S3,FVC,10111.00,14
125,IPRK,S4,FVC,10119.00,14
125,IPRK,S5,FVC,10158.00,14
127,IPR,S1,MS,8269.00,15
127,IPR,S2,MS,10817.00,15
127,IPR,S3,MS,11739.00,15
127,IPR,S4,MS,12070.00,15
127,IPRK,S2,MS,12743.00,15
127,IPRK,S3,MS,12750.00,15
127,IPRK,S4,MS,12789.00,15
127,IPR,S1,MC,8641.00,15
127,IPR,S2,MC,11189.00,15
127,IPR,S3,MC,12111.00,15
127,IPR,S4,MC,12443.00,15
127,IPRK,S2,MC,13115.00,15
127,IPRK,S3,MC,13122.00,15
127,IPRK,S4,MC,13162.00,15
127,IPR,S1,S,7398.00,15
127,IPR,S2,S,9947.00,15
127,IPR,S3,S,10869.00,15
127,IPR,S4,S,11200.00,15
127,IPRK,S2,S,11872.00,15
127,IPRK,S3,S,11880.00,15
127,IPRK,S4,S,11919.00,15
127,IPR,S1,SD,9302.00,15
127,IPR,S2,SD,11850.00,15
127,IPR,S3,SD,12772.00,15
127,IPR,S4,SD,13104.00,15
127,IPRK,S2,SD,13776.00,15
127,IPRK,S3,SD,13783.00,15
127,IPRK,S4,SD,13822.00,15
127,IPR,S1,FVS,9187.00,15
127,IPR,S2,FVS,11736.00,15
127,IPR,S3,FVS,12658.00,15
127,IPR,S4,FVS,12989.00,15
127,IPRK,S2,FVS,13661.00,15
127,IPRK,S3,FVS,13669.00,15
127,IPRK,S4,FVS,13708.00,15
127,IPR,S1,FVC,9559.00,15
127,IPR,S2,FVC,12108.00,15
127,IPR,S3,FVC,13030.00,15
127,IPR,S4,FVC,13361.00,15
127,IPRK,S2,FVC,14033.00,15
127,IPRK,S3,FVC,14041.00,15
127,IPRK,S4,FVC,14080.00,15
129,IPR,S1,MS,9571.00,16
129,IPR,S2,MS,13402.00,16
129,IPR,S3,MS,14807.00,16
129,IPR,S4,MS,15286.00,16
129,IPRK,S2,MS,16140.00,16
129,IPRK,S3,MS,15922.00,16
129,IPRK,S4,MS,16005.00,16
129,IPR,S1,MC,9965.00,16
129,IPR,S2,MC,13796.00,16
129,IPR,S3,MC,15201.00,16
129,IPR,S4,MC,15680.00,16
129,IPRK,S2,MC,16534.00,16
129,IPRK,S3,MC,16317.00,16
129,IPRK,S4,MC,16399.00,16
129,IPR,S1,S,7730.00,16
129,IPR,S2,S,11561.00,16
129,IPR,S3,S,12966.00,16
129,IPR,S4,S,13445.00,16
129,IPRK,S2,S,14299.00,16
129,IPRK,S3,S,14081.00,16
129,IPRK,S4,S,14164.00,16
129,IPR,S1,SD,9612.00,16
129,IPR,S2,SD,13443.00,16
129,IPR,S3,SD,14849.00,16
129,IPR,S4,SD,15328.00,16
129,IPRK,S2,SD,16182.00,16
129,IPRK,S3,SD,15964.00,16
129,IPRK,S4,SD,16047.00,16
129,IPR,S1,FVS,10503.00,16
129,IPR,S2,FVS,14334.00,16
129,IPR,S3,FVS,15739.00,16
129,IPR,S4,FVS,16218.00,16
129,IPRK,S2,FVS,17072.00,16
129,IPRK,S3,FVS,16854.00,16
129,IPRK,S4,FVS,16937.00,16
129,IPR,S1,FVC,10885.00,16
129,IPR,S2,FVC,14717.00,16
129,IPR,S3,FVC,16122.00,16
129,IPR,S4,FVC,16601.00,16
129,IPRK,S2,FVC,17455.00,16
129,IPRK,S3,FVC,17237.00,16
129,IPRK,S4,FVC,17320.00,16
131,IPR,S1,MS,13547.00,17
131,IPR,S2,MS,19611.00,17
131,IPR,S3,MS,21017.00,17
131,IPR,S4,MS,21496.00,17
131,IPRK,S2,MS,22350.00,17
131,IPRK,S3,MS,22132.00,17
131,IPRK,S4,MS,22215.00,17
131,IPR,S1,MC,13525.00,17
131,IPR,S2,MC,19589.00,17
131,IPR,S3,MC,20995.00,17
131,IPR,S4,MC,21474.00,17
131,IPRK,S2,MC,22328.00,17
131,IPRK,S3,MC,22110.00,17
131,IPRK,S4,MC,22193.00,17
131,IPR,S1,S,11776.00,17
131,IPR,S2,S,17840.00,17
131,IPR,S3,S,19245.00,17
131,IPR,S4,S,19724.00,17
131,IPRK,S2,S,20578.00,17
131,IPRK,S3,S,20361.00,17
131,IPRK,S4,S,20443.00,17
131,IPR,S1,SD,13030.00,17
131,IPR,S2,SD,19095.00,17
131,IPR,S3,SD,20500.00,17
131,IPR,S4,SD,20979.00,17
131,IPRK,S2,SD,21833.00,17
131,IPRK,S3,SD,21615.00,17
131,IPRK,S4,SD,21698.00,17
131,IPR,S1,FVS,14549.00,17
131,IPR,S2,FVS,20613.00,17
131,IPR,S3,FVS,22019.00,17
131,IPR,S4,FVS,22498.00,17
131,IPRK,S2,FVS,23352.00,17
131,IPRK,S3,FVS,23134.00,17
131,IPRK,S4,FVS,23217.00,17
131,IPR,S1,FVC,14527.00,17
131,IPR,S2,FVC,20591.00,17
131,IPR,S3,FVC,21997.00,17
131,IPR,S4,FVC,22476.00,17
131,IPRK,S2,FVC,23329.00,17
131,IPRK,S3,FVC,23112.00,17
131,IPRK,S4,FVC,23194.00,17
133,IPR,S1,MS,14007.00,18
133,IPR,S2,MS,20264.00,18
133,IPR,S3,MS,22654.00,18
133,IPR,S4,MS,23557.00,18
133,IPRK,S2,MS,23002.00,18
133,IPRK,S3,MS,24579.00,18
133,IPRK,S4,MS,24568.00,18
133,IPR,S1,MC,13985.00,18
133,IPR,S2,MC,20242.00,18
133,IPR,S3,MC,22632.00,18
133,IPR,S4,MC,23535.00,18
133,IPRK,S2,MC,22980.00,18
133,IPRK,S3,MC,24557.00,18
133,IPRK,S4,MC,24546.00,18
133,IPR,S1,S,12235.00,18
133,IPR,S2,S,18493.00,18
133,IPR,S3,S,20883.00,18
133,IPR,S4,S,21785.00,18
133,IPRK,S2,S,21231.00,18
133,IPRK,S3,S,22808.00,18
133,IPRK,S4,S,22796.00,18
133,IPR,S1,SD,13490.00,18
133,IPR,S2,SD,19747.00,18
133,IPR,S3,SD,22137.00,18
133,IPR,S4,SD,23040.00,18
133,IPRK,S2,SD,22485.00,18
133,IPRK,S3,SD,24062.00,18
133,IPRK,S4,SD,24051.00,18
133,IPR,S1,FVS,15009.00,18
133,IPR,S2,FVS,21266.00,18
133,IPR,S3,FVS,23656.00,18
133,IPR,S4,FVS,24559.00,18
133,IPRK,S2,FVS,24004.00,18
133,IPRK,S3,FVS,25581.00,18
133,IPRK,S4,FVS,25570.00,18
133,IPR,S1,FVC,14987.00,18
133,IPR,S2,FVC,21244.00,18
133,IPR,S3,FVC,23634.00,18
133,IPR,S4,FVC,24536.00,18
133,IPRK,S2,FVC,23982.00,18
133,IPRK,S3,FVC,25559.00,18
133,IPRK,S4,FVC,25548.00,18
