page,table,cells
1,,M Pri | M | A- | MK | S | ER | IES
1,,ce | Lis
1,,F0 | 0 | 26
1,,.0 | 1.202 | 6
2,MAE/MKE SERIES SPLINED EXTRUDER SHAFT PRICE LIST(€,GEARBOX TYPE | DIN 5480 | (ØD) | PRICE (€)
2,MAE/MKE SERIES SPLINED EXTRUDER SHAFT PRICE LIST(€,"MAE /MKE …4 | N60x2x30x28x9H | Ø60 | 258,00 €"
2,MAE/MKE SERIES SPLINED EXTRUDER SHAFT PRICE LIST(€,"MAE /MKE …5 | N70x3x30x22x9H | Ø70 | 275,00 €"
2,MAE/MKE SERIES SPLINED EXTRUDER SHAFT PRICE LIST(€,"MAE /MKE …6 | N80x3x30x25x9H | Ø80 | 317,00 €"
2,MAE/MKE SERIES SPLINED EXTRUDER SHAFT PRICE LIST(€,"MAE /MKE …7 | N90x3x30x28x9H | Ø90 | 390,00 €"
2,MAE/MKE SERIES SPLINED EXTRUDER SHAFT PRICE LIST(€,"MAE /MKE …8 | N100x4x30x24x9H | Ø100 | 499,00 €"
2,MAE/MKE SERIES SPLINED EXTRUDER SHAFT PRICE LIST(€,"MAE /MKE …9 | N110x4x30x26x9H | Ø110 | 614,00 €"
2,MAE/MKE SERIES SPLINED EXTRUDER SHAFT PRICE LIST(€,"MAE /MKE …10 | N120x4x30x28x9H | Ø120 | 787,00 €"
2,MAE/MKE SERIES SPLINED EXTRUDER SHAFT PRICE LIST(€,"MAE /MKE …11 | N130x4x30x31x9H | Ø130 | 916,00 €"
2,MAE/MKE SERIES SPLINED EXTRUDER SHAFT PRICE LIST(€,"MAE /MKE …12 | N140x4x30x34x9H | Ø140 | 1.142,00 €"
2,MA/MK SERIES SPLINED SHAFT PRICE LIST(€),GEARBOX TYPE | SPLINED SHAFT (€) | DRUM CONNECTION FLANGE (€)
2,MA/MK SERIES SPLINED SHAFT PRICE LIST(€),"MA /MK …4 | 223,00 € | 148,00 €"
2,MA/MK SERIES SPLINED SHAFT PRICE LIST(€),"MA /MK …5 | 288,00 € | 191,00 €"
2,MA/MK SERIES SPLINED SHAFT PRICE LIST(€),"MA /MK …6 | 335,00 € | 223,00 €"
2,MA/MK SERIES SPLINED SHAFT PRICE LIST(€),"MA /MK …7 | 410,00 € | 273,00 €"
2,MA/MK SERIES SPLINED SHAFT PRICE LIST(€),"MA /MK …8 | 527,00 € | 348,00 €"
2,MA/MK SERIES SPLINED SHAFT PRICE LIST(€),"MA /MK …9 | 647,00 € | 429,00 €"
2,MA/MK SERIES SPLINED SHAFT PRICE LIST(€),"MA /MK …10 | 826,00 € | 541,00 €"
2,MA/MK SERIES SPLINED SHAFT PRICE LIST(€),"MA /MK …11 | 956,00 € | 632,00 €"
2,MA/MK SERIES SPLINED SHAFT PRICE LIST(€),"MA /MK …12 | 1.187,00 € | 788,00 €"
2,BACKSTOP (MA/MK... SERIES),BACKSTOP (MA/MK... SERIES) | PRICE (€)
2,BACKSTOP (MA/MK... SERIES),"MA /MK …4 | 577,00 €"
2,BACKSTOP (MA/MK... SERIES),"MA /MK …5 | 664,00 €"
2,BACKSTOP (MA/MK... SERIES),"MA /MK …6 | 664,00 €"
2,BACKSTOP (MA/MK... SERIES),"MA /MK …7 | 778,00 €"
2,BACKSTOP (MA/MK... SERIES),"MA /MK …8 | 778,00 €"
2,BACKSTOP (MA/MK... SERIES),"MA /MK …9 | 842,00 €"
2,BACKSTOP (MA/MK... SERIES),"MA /MK …10 | 842,00 €"
2,BACKSTOP (MA/MK... SERIES),"MA /MK …11 | 1.086,00 €"
2,BACKSTOP (MA/MK... SERIES),"MA /MK …12 | 1.086,00 €"
3,SPECIAL APPLICATIONS -2 PRICE LIST(€),FORCED LUBRICATION (MA/MK…. SERIES) | PRICE (€) | COOLING COIL (MA/MK…. SERIES) | PRICE (€)
3,SPECIAL APPLICATIONS -2 PRICE LIST(€),"MA /MK 4… | 249,00 € | MA /MK 4… | 560,00 €"
3,SPECIAL APPLICATIONS -2 PRICE LIST(€),"MA /MK 5... | 289,00 € | MA /MK 5... | 599,00 €"
3,SPECIAL APPLICATIONS -2 PRICE LIST(€),"MA /MK 6… | 289,00 € | MA /MK 6… | 709,00 €"
3,SPECIAL APPLICATIONS -2 PRICE LIST(€),"MA /MK 7… | 331,00 € | MA /MK 7… | 807,00 €"
3,SPECIAL APPLICATIONS -2 PRICE LIST(€),"MA /MK 8… | 331,00 € | MA /MK 8… | 1.007,00 €"
3,SPECIAL APPLICATIONS -2 PRICE LIST(€),"MA /MK 9… | 412,00 € | MA /MK 9… | 1.198,00 €"
3,SPECIAL APPLICATIONS -2 PRICE LIST(€),"MA /MK 10… | 412,00 € | MA /MK 10… | 1.386,00 €"
3,SPECIAL APPLICATIONS -2 PRICE LIST(€),"MA /MK 11… | 689,00 € | MA /MK 11… | 1.732,00 €"
3,SPECIAL APPLICATIONS -2 PRICE LIST(€),"MA /MK 12… | 689,00 € | MA /MK 12… | 2.121,00 €"
3,FAN COOLING (MA…. SERIES),FAN COOLING (MA…. SERIES) | PRICE (€)
3,FAN COOLING (MA…. SERIES),"MA 4… | 279,00 €"
3,FAN COOLING (MA…. SERIES),"MA 5... | 367,00 €"
3,FAN COOLING (MA…. SERIES),"MA 6… | 367,00 €"
3,FAN COOLING (MA…. SERIES),"MA 7… | 490,00 €"
3,FAN COOLING (MA…. SERIES),"MA 8… | 490,00 €"
3,FAN COOLING (MA…. SERIES),"MA 9… | 731,00 €"
3,FAN COOLING (MA…. SERIES),"MA 10… | 731,00 €"
3,FAN COOLING (MA…. SERIES),"MA 11… | 1.005,00 €"
3,FAN COOLING (MA…. SERIES),"MA 12… | 1.005,00 €"
3,FAN COOLING (MK…. SERIES),FAN COOLING (MK…. SERIES) | PRICE (€)
3,FAN COOLING (MK…. SERIES),"MK 4… | 406,00 €"
3,FAN COOLING (MK…. SERIES),"MK 5... | 499,00 €"
3,FAN COOLING (MK…. SERIES),"MK 6… | 499,00 €"
3,FAN COOLING (MK…. SERIES),"MK 7… | 663,00 €"
3,FAN COOLING (MK…. SERIES),"MK 8… | 663,00 €"
3,FAN COOLING (MK…. SERIES),"MK 9… | 950,00 €"
3,FAN COOLING (MK…. SERIES),"MK 10… | 950,00 €"
3,FAN COOLING (MK…. SERIES),"MK 11… | 1.264,00 €"
3,FAN COOLING (MK…. SERIES),"MK 12… | 1.264,00 €"
3,SHELL&TUBE HEAT EXCHANGER (MA/MK… SERIES),SHELL&TUBE HEAT EXCHANGER (MA/MK… SERIES) | Cooling Power (kW) | PRICE (€)
3,SHELL&TUBE HEAT EXCHANGER (MA/MK… SERIES),"BE 1 | 4 kW | 796,00 €"
3,SHELL&TUBE HEAT EXCHANGER (MA/MK… SERIES),"BE 2 | 6 kW | 812,00 €"
3,SHELL&TUBE HEAT EXCHANGER (MA/MK… SERIES),"BE 3 | 10 kW | 949,00 €"
3,SHELL&TUBE HEAT EXCHANGER (MA/MK… SERIES),"BE 4 | 20 kW | 1.153,00 €"
3,BRAZED HEAT EXCHANGER (MA/MK… SERIES),BRAZED HEAT EXCHANGER (MA/MK… SERIES) | Cooling Power (kW) | PRICE (€)
3,BRAZED HEAT EXCHANGER (MA/MK… SERIES),"LE 1 | 4 kW | 842,00 €"
3,BRAZED HEAT EXCHANGER (MA/MK… SERIES),"LE 2 | 6 kW | 919,00 €"
3,BRAZED HEAT EXCHANGER (MA/MK… SERIES),"LE 3 | 10 kW | 1.127,00 €"
3,BRAZED HEAT EXCHANGER (MA/MK… SERIES),"LE 4 | 20 kW | 1.305,00 €"
3,AIR HEAT EXCHANGER (MA/MK… SERIES),AIR HEAT EXCHANGER (MA/MK… SERIES) | Cooling Power (kW) | PRICE (€)
3,AIR HEAT EXCHANGER (MA/MK… SERIES),"RS 1 | 6,5 kW | 1.476,00 €"
3,AIR HEAT EXCHANGER (MA/MK… SERIES),"RS 2 | 10 kW | 1.528,00 €"
3,AIR HEAT EXCHANGER (MA/MK… SERIES),"RS 3 | 15 kW | 1.795,00 €"
3,AIR HEAT EXCHANGER (MA/MK… SERIES),"RS 4 | 20 kW | 1.900,00 €"
3,OIL EXPANSION TANK (MA/MK… SERIES),OIL EXPANSION TANK (MA/MK… SERIES) | TANK CAPACITY (Lt.) | PRICE (€)
3,OIL EXPANSION TANK (MA/MK… SERIES),"ET02 | 2 Lt. | 119,00 €"
3,OIL EXPANSION TANK (MA/MK… SERIES),"ET03 | 3 Lt. | 142,00 €"
3,OIL EXPANSION TANK (MA/MK… SERIES),"ET04 | 4 Lt. | 167,00 €"
3,OIL EXPANSION TANK (MA/MK… SERIES),"ET05 | 5 Lt. | 222,00 €"
4,MA... SERIES MONOBLOC GEARBOX PRICE LIST(€),GEARBOX TYPE | HOLLOW SHAFT (MA…G..) | OUTPUT SHAFT (MA…SL/SR) | DOUBLE OUTPUT SHAFT (MA…SD) | SHRINK DISC (MA…SDL/SDR) | OUTPUT FLANGE (MA…FL/FR)
4,MA... SERIES MONOBLOC GEARBOX PRICE LIST(€),"MA ….402 | 2.534,00 € | 2.588,00 € | 2.661,00 € | 2.969,00 € | 496,00 €"
4,MA... SERIES MONOBLOC GEARBOX PRICE LIST(€),"MA ….403 | 2.799,00 € | 2.872,00 € | 2.949,00 € | 3.273,00 € | 496,00 €"
4,MA... SERIES MONOBLOC GEARBOX PRICE LIST(€),"MA ….502 | 3.350,00 € | 3.474,00 € | 3.500,00 € | 3.944,00 € | 587,00 €"
4,MA... SERIES MONOBLOC GEARBOX PRICE LIST(€),"MA ….503 | 3.646,00 € | 3.768,00 € | 3.795,00 € | 4.270,00 € | 587,00 €"
4,MA... SERIES MONOBLOC GEARBOX PRICE LIST(€),"MA ….602 | 3.950,00 € | 3.924,00 € | 4.164,00 € | 4.599,00 € | 608,00 €"
4,MA... SERIES MONOBLOC GEARBOX PRICE LIST(€),"MA ….603 | 4.296,00 € | 4.274,00 € | 4.513,00 € | 4.946,00 € | 608,00 €"
4,MA... SERIES MONOBLOC GEARBOX PRICE LIST(€),"MA ….702 | 4.854,00 € | 4.844,00 € | 5.174,00 € | 5.559,00 € | 942,00 €"
4,MA... SERIES MONOBLOC GEARBOX PRICE LIST(€),"MA ….703 | 5.280,00 € | 5.204,00 € | 5.455,00 € | 5.996,00 € | 942,00 €"
4,MA... SERIES MONOBLOC GEARBOX PRICE LIST(€),"MA ….704 | 5.547,00 € | 5.490,00 € | 5.762,00 € | 6.314,00 € | 942,00 €"
4,MA... SERIES MONOBLOC GEARBOX PRICE LIST(€),"MA ….802 | 6.227,00 € | 6.346,00 € | 6.823,00 € | 7.104,00 € | 1.017,00 €"
4,MA... SERIES MONOBLOC GEARBOX PRICE LIST(€),"MA ….803 | 6.636,00 € | 6.606,00 € | 7.083,00 € | 7.538,00 € | 1.017,00 €"
4,MA... SERIES MONOBLOC GEARBOX PRICE LIST(€),"MA ….804 | 6.978,00 € | 6.912,00 € | 7.389,00 € | 7.919,00 € | 1.017,00 €"
4,MA... SERIES MONOBLOC GEARBOX PRICE LIST(€),"MA ….902 | 7.723,00 € | 7.922,00 € | 8.448,00 € | 9.094,00 € | 1.119,00 €"
4,MA... SERIES MONOBLOC GEARBOX PRICE LIST(€),"MA ….903 | 8.413,00 € | 8.512,00 € | 8.946,00 € | 9.750,00 € | 1.119,00 €"
4,MA... SERIES MONOBLOC GEARBOX PRICE LIST(€),"MA ….904 | 8.762,00 € | 8.878,00 € | 9.209,00 € | 10.143,00 € | 1.119,00 €"
4,MA... SERIES MONOBLOC GEARBOX PRICE LIST(€),"MA…1002 | 9.735,00 € | 9.967,00 € | 10.788,00 € | 11.107,00 € | 1.247,00 €"
4,MA... SERIES MONOBLOC GEARBOX PRICE LIST(€),"MA…1003 | 10.574,00 € | 10.570,00 € | 11.391,00 € | 11.944,00 € | 1.247,00 €"
4,MA... SERIES MONOBLOC GEARBOX PRICE LIST(€),"MA…1004 | 11.030,00 € | 10.841,00 € | 11.663,00 € | 12.451,00 € | 1.247,00 €"
4,MA... SERIES MONOBLOC GEARBOX PRICE LIST(€),"MA…1102 | 11.590,00 € | 12.099,00 € | 12.657,00 € | 14.283,00 € | 1.858,00 €"
4,MA... SERIES MONOBLOC GEARBOX PRICE LIST(€),"MA…1103 | 12.514,00 € | 13.156,00 € | 13.477,00 € | 15.420,00 € | 1.858,00 €"
4,MA... SERIES MONOBLOC GEARBOX PRICE LIST(€),"MA…1104 | 13.024,00 € | 13.681,00 € | 13.812,00 € | 16.000,00 € | 1.858,00 €"
4,MA... SERIES MONOBLOC GEARBOX PRICE LIST(€),"MA…1202 | 15.210,00 € | 14.742,00 € | 15.148,00 € | 17.451,00 € | 2.100,00 €"
4,MA... SERIES MONOBLOC GEARBOX PRICE LIST(€),"MA…1203 | 16.543,00 € | 16.140,00 € | 16.493,00 € | 18.926,00 € | 2.100,00 €"
4,MA... SERIES MONOBLOC GEARBOX PRICE LIST(€),"MA…1204 | 17.096,00 € | 16.734,00 € | 17.054,00 € | 19.574,00 € | 2.100,00 €"
4,MK... SERIES (BEVEL HELICAL) MONOBLOC GEARBOX PRIC,GEARBOX TYPE | HOLLOW SHAFT (MK…G..) | OUTPUT SHAFT (MK…SL/SR) | DOUBLE OUTPUT SHAFT (MK…SD) | SHRINK DISC (MK…SDL/SDR) | OUTPUT FLANGE (MK…FL/FR)
4,MK... SERIES (BEVEL HELICAL) MONOBLOC GEARBOX PRIC,"MK ….403 | 3.368,00 € | 3.453,00 € | 3.530,00 € | 3.912,00 € | 496,00 €"
4,MK... SERIES (BEVEL HELICAL) MONOBLOC GEARBOX PRIC,"MK ….404 | 3.474,00 € | 3.555,00 € | 3.636,00 € | 4.001,00 € | 496,00 €"
4,MK... SERIES (BEVEL HELICAL) MONOBLOC GEARBOX PRIC,"MK ….503 | 4.008,00 € | 4.175,00 € | 4.197,00 € | 4.704,00 € | 587,00 €"
4,MK... SERIES (BEVEL HELICAL) MONOBLOC GEARBOX PRIC,"MK ….504 | 4.129,00 € | 4.293,00 € | 4.321,00 € | 4.857,00 € | 587,00 €"
4,MK... SERIES (BEVEL HELICAL) MONOBLOC GEARBOX PRIC,"MK ….603 | 4.756,00 € | 4.779,00 € | 4.993,00 € | 5.537,00 € | 608,00 €"
4,MK... SERIES (BEVEL HELICAL) MONOBLOC GEARBOX PRIC,"MK ….604 | 4.912,00 € | 4.946,00 € | 5.160,00 € | 5.678,00 € | 608,00 €"
4,MK... SERIES (BEVEL HELICAL) MONOBLOC GEARBOX PRIC,"MK ….703 | 5.890,00 € | 5.922,00 € | 6.218,00 € | 6.774,00 € | 942,00 €"
4,MK... SERIES (BEVEL HELICAL) MONOBLOC GEARBOX PRIC,"MK ….704 | 6.132,00 € | 6.156,00 € | 6.371,00 € | 7.040,00 € | 942,00 €"
4,MK... SERIES (BEVEL HELICAL) MONOBLOC GEARBOX PRIC,"MK ….803 | 7.446,00 € | 7.607,00 € | 8.084,00 € | 8.477,00 € | 1.017,00 €"
4,MK... SERIES (BEVEL HELICAL) MONOBLOC GEARBOX PRIC,"MK ….804 | 7.593,00 € | 7.754,00 € | 8.231,00 € | 8.743,00 € | 1.017,00 €"
4,MK... SERIES (BEVEL HELICAL) MONOBLOC GEARBOX PRIC,"MK ….903 | 9.165,00 € | 9.535,00 € | 10.061,00 € | 10.817,00 € | 1.119,00 €"
4,MK... SERIES (BEVEL HELICAL) MONOBLOC GEARBOX PRIC,"MK ….904 | 9.611,00 € | 9.934,00 € | 10.252,00 € | 11.305,00 € | 1.119,00 €"
4,MK... SERIES (BEVEL HELICAL) MONOBLOC GEARBOX PRIC,"MK ….1003 | 11.342,00 € | 11.622,00 € | 12.444,00 € | 13.024,00 € | 1.247,00 €"
4,MK... SERIES (BEVEL HELICAL) MONOBLOC GEARBOX PRIC,"MK ….1004 | 11.812,00 € | 11.835,00 € | 12.725,00 € | 13.603,00 € | 1.247,00 €"
4,MK... SERIES (BEVEL HELICAL) MONOBLOC GEARBOX PRIC,"MK ….1103 | 13.370,00 € | 14.500,00 € | 14.733,00 € | 16.874,00 € | 1.858,00 €"
4,MK... SERIES (BEVEL HELICAL) MONOBLOC GEARBOX PRIC,"MK ….1104 | 13.917,00 € | 15.016,00 € | 15.381,00 € | 17.476,00 € | 1.858,00 €"
4,MK... SERIES (BEVEL HELICAL) MONOBLOC GEARBOX PRIC,"MK ….1203 | 17.344,00 € | 17.382,00 € | 17.247,00 € | 20.316,00 € | 2.100,00 €"
4,MK... SERIES (BEVEL HELICAL) MONOBLOC GEARBOX PRIC,"MK ….1204 | 18.078,00 € | 18.283,00 € | 18.158,00 € | 21.289,00 € | 2.100,00 €"
5,MK SERIES WITH AUXILIARY DRIVES PRICE LIST(€),GEARBOX TYPE | HOLLOW SHAFT (MK…G..) | OUTPUT SHAFT (MK…SL/SR) | SHRINK DISC (MK…SDL/SDR)
5,MK SERIES WITH AUXILIARY DRIVES PRICE LIST(€),"MK 403 - İRK 63 / 90 L4a | 6.036,00 € | 6.122,00 € | 6.605,00 €"
5,MK SERIES WITH AUXILIARY DRIVES PRICE LIST(€),"MK 503 - İRK 73 / 100 L4b | 7.487,00 € | 7.664,00 € | 8.233,00 €"
5,MK SERIES WITH AUXILIARY DRIVES PRICE LIST(€),"MK 603 - İRK 73 / 112 M4a | 8.332,00 € | 8.391,00 € | 9.172,00 €"
5,MK SERIES WITH AUXILIARY DRIVES PRICE LIST(€),"MK 703 - İRK 83 / 132 S4a | 11.165,00 € | 11.218,00 € | 12.386,00 €"
5,MK SERIES WITH AUXILIARY DRIVES PRICE LIST(€),"MK 803 - İRK 83 / 132 S4a | 12.590,00 € | 12.642,00 € | 13.979,00 €"
5,MK SERIES WITH AUXILIARY DRIVES PRICE LIST(€),"MK903 - İRK 93 / 132 M4a | 15.579,00 € | 15.914,00 € | 17.275,00 €"
5,MK SERIES WITH AUXILIARY DRIVES PRICE LIST(€),"MK 1003 - İRK 93 / 132 M4a | 17.654,00 € | 17.701,00 € | 19.460,00 €"
5,MK SERIES WITH AUXILIARY DRIVES PRICE LIST(€),"MK 1103 - İRK 103 / 160 M4b | 22.645,00 € | 23.772,00 € | 26.141,00 €"
5,MK SERIES WITH AUXILIARY DRIVES PRICE LIST(€),"MK 1203 - İRK 103 / 160 L4a | 25.595,00 € | 26.567,00 € | 29.543,00 €"
6,MAE... SERIES EXTRUDER TYPE MONOBLOC GEARBOX PRICE,STANDART EXTRUDER FLANGE | OPTIONAL EXTRUDER FLANGE
6,MAE... SERIES EXTRUDER TYPE MONOBLOC GEARBOX PRICE,GEARBOX TYPE | EXTRUDER BEARING | PRICE (€) | GEARBOX TYPE | EXTRUDER BEARING | PRICE (€)
6,MAE... SERIES EXTRUDER TYPE MONOBLOC GEARBOX PRICE,"MAE ….402 | 29420 | 3.546,00 € | MAE ….402 | - | -"
6,MAE... SERIES EXTRUDER TYPE MONOBLOC GEARBOX PRICE,"MAE ….403 | 3.865,00 € | MAE ….403 | -"
6,MAE... SERIES EXTRUDER TYPE MONOBLOC GEARBOX PRICE,"MAE ….502 | 29424 | 4.594,00 € | MAE ….502 | 29420 | 4.367,00 €"
6,MAE... SERIES EXTRUDER TYPE MONOBLOC GEARBOX PRICE,"MAE ….503 | 4.908,00 € | MAE ….503 | 4.689,00 €"
6,MAE... SERIES EXTRUDER TYPE MONOBLOC GEARBOX PRICE,"MAE ….602 | 29428 | 5.357,00 € | MAE ….602 | - | -"
6,MAE... SERIES EXTRUDER TYPE MONOBLOC GEARBOX PRICE,"MAE ….603 | 5.712,00 € | MAE ….603 | -"
6,MAE... SERIES EXTRUDER TYPE MONOBLOC GEARBOX PRICE,"MAE ….702 | 29430 | 6.467,00 € | MAE ….702 | 29424 | 6.356,00 €"
6,MAE... SERIES EXTRUDER TYPE MONOBLOC GEARBOX PRICE,"MAE ….703 | 6.880,00 € | MAE ….703 | 6.788,00 €"
6,MAE... SERIES EXTRUDER TYPE MONOBLOC GEARBOX PRICE,"MAE ….704 | 6.532,00 € | MAE ….704 | 6.900,00 €"
6,MAE... SERIES EXTRUDER TYPE MONOBLOC GEARBOX PRICE,"MAE ….802 | 29434 | 8.790,00 € | MAE ….802 | - | -"
6,MAE... SERIES EXTRUDER TYPE MONOBLOC GEARBOX PRICE,"MAE ….803 | 9.241,00 € | MAE ….803 | -"
6,MAE... SERIES EXTRUDER TYPE MONOBLOC GEARBOX PRICE,"MAE ….804 | 9.441,00 € | MAE ….804 | -"
6,MAE... SERIES EXTRUDER TYPE MONOBLOC GEARBOX PRICE,"MAE ….902 | 29436 | 11.506,00 € | MAE ….902 | 29430 | 10.251,00 €"
6,MAE... SERIES EXTRUDER TYPE MONOBLOC GEARBOX PRICE,"MAE ….903 | 12.234,00 € | MAE ….903 | 10.989,00 €"
6,MAE... SERIES EXTRUDER TYPE MONOBLOC GEARBOX PRICE,"MAE ….904 | 12.558,00 € | MAE ….904 | 11.285,00 €"
6,MAE... SERIES EXTRUDER TYPE MONOBLOC GEARBOX PRICE,"MAE…1002 | 29440 | 14.341,00 € | MAE…1002 | - | -"
6,MAE... SERIES EXTRUDER TYPE MONOBLOC GEARBOX PRICE,"MAE…1003 | 15.164,00 € | MAE…1003 | -"
6,MAE... SERIES EXTRUDER TYPE MONOBLOC GEARBOX PRICE,"MAE…1004 | 15.523,00 € | MAE…1004 | -"
6,MAE... SERIES EXTRUDER TYPE MONOBLOC GEARBOX PRICE,"MAE…1102 | 29444 | 17.168,00 € | MAE…1102 | 29344 | 16.575,00 €"
6,MAE... SERIES EXTRUDER TYPE MONOBLOC GEARBOX PRICE,"MAE…1103 | 18.333,00 € | MAE…1103 | 17.667,00 €"
6,MAE... SERIES EXTRUDER TYPE MONOBLOC GEARBOX PRICE,"MAE…1104 | 18.919,00 € | MAE…1104 | 18.192,00 €"
6,MAE... SERIES EXTRUDER TYPE MONOBLOC GEARBOX PRICE,"MAE…1202 | 29448 | 21.152,00 € | MAE…1202 | - | -"
6,MAE... SERIES EXTRUDER TYPE MONOBLOC GEARBOX PRICE,"MAE…1203 | 22.583,00 € | MAE…1203 | -"
6,MAE... SERIES EXTRUDER TYPE MONOBLOC GEARBOX PRICE,"MAE…1204 | 23.147,00 € | MAE…1204 | -"
6,MKE... SERIES (BEVEL HELICAL)EXTRUDER TYPE MONOBLO,STANDART EXTRUDER FLANGE | OPTIONAL EXTRUDER FLANGE
6,MKE... SERIES (BEVEL HELICAL)EXTRUDER TYPE MONOBLO,GEARBOX TYPE | EXTRUDER BEARING | PRICE (€) | GEARBOX TYPE | EXTRUDER BEARING | PRICE (€)
6,MKE... SERIES (BEVEL HELICAL)EXTRUDER TYPE MONOBLO,"MKE ….403 | 29420 | 4.454,00 € | MKE…. 403 | - | -"
6,MKE... SERIES (BEVEL HELICAL)EXTRUDER TYPE MONOBLO,"MKE ….503 | 29424 | 5.417,00 € | MKE ….503 | 29420 | 4.757,00 €"
6,MKE... SERIES (BEVEL HELICAL)EXTRUDER TYPE MONOBLO,"MKE ….603 | 29428 | 6.355,00 € | MKE ….603 | - | -"
6,MKE... SERIES (BEVEL HELICAL)EXTRUDER TYPE MONOBLO,"MKE ….703 | 29430 | 7.803,00 € | MKE ….703 | 29424 | 7.037,00 €"
6,MKE... SERIES (BEVEL HELICAL)EXTRUDER TYPE MONOBLO,"MKE ….704 | 7.377,00 € | MKE ….704 | 7.121,00 €"
6,MKE... SERIES (BEVEL HELICAL)EXTRUDER TYPE MONOBLO,"MKE ….803 | 29434 | 10.415,00 € | MKE ….803 | - | -"
6,MKE... SERIES (BEVEL HELICAL)EXTRUDER TYPE MONOBLO,"MKE ….804 | 10.608,00 € | MKE ….804 | -"
6,MKE... SERIES (BEVEL HELICAL)EXTRUDER TYPE MONOBLO,"MKE ….903 | 29436 | 13.426,00 € | MKE ….903 | 29430 | 11.333,00 €"
6,MKE... SERIES (BEVEL HELICAL)EXTRUDER TYPE MONOBLO,"MKE ….904 | 13.734,00 € | MKE ….904 | 11.648,00 €"
6,MKE... SERIES (BEVEL HELICAL)EXTRUDER TYPE MONOBLO,"MKE…1003 | 29440 | 16.421,00 € | MKE…1003 | - | -"
6,MKE... SERIES (BEVEL HELICAL)EXTRUDER TYPE MONOBLO,"MKE…1004 | 16.754,00 € | MKE…1004 | -"
6,MKE... SERIES (BEVEL HELICAL)EXTRUDER TYPE MONOBLO,"MKE…1103 | 29444 | 19.819,00 € | MKE…1103 | 29344 | 18.065,00 €"
6,MKE... SERIES (BEVEL HELICAL)EXTRUDER TYPE MONOBLO,"MKE…1104 | 20.283,00 € | MKE…1104 | 18.471,00 €"
6,MKE... SERIES (BEVEL HELICAL)EXTRUDER TYPE MONOBLO,"MKE…1203 | 29448 | 23.032,00 € | MKE…1203 | -"
6,MKE... SERIES (BEVEL HELICAL)EXTRUDER TYPE MONOBLO,"MKE…1204 | 23.818,00 € | MKE…1204 | -"
7,MAP... SERIES / IEC B5 FLANGE (PAM) PRICE LIST(€),GEARBOX TYPE | IEC B5 80/90 | IEC B5 100/112 | IEC B5 132 | IEC B5 160/180 | IEC B5 200 | IEC B5 225 | IEC B5 250 | IEC B5 280 | IEC B5 315
7,MAP... SERIES / IEC B5 FLANGE (PAM) PRICE LIST(€),"MAP ….402 | - | - | - | 962,00 € | 1.082,00 € | 1.153,00 € | - | - | -"
7,MAP... SERIES / IEC B5 FLANGE (PAM) PRICE LIST(€),"MAP ….403 | - | 913,00 € | 937,00 € | 951,00 € | 10,00 € | - | - | - | -"
7,MAP... SERIES / IEC B5 FLANGE (PAM) PRICE LIST(€),"MAP ….502 | - | - | - | - | - | 1.248,00 € | 1.426,00 € | 1.819,00 € | -"
7,MAP... SERIES / IEC B5 FLANGE (PAM) PRICE LIST(€),"MAP ….503 | - | - | 973,00 € | 999,00 € | 1.114,00 € | 1.216,00 € | 1.394,00 € | - | -"
7,MAP... SERIES / IEC B5 FLANGE (PAM) PRICE LIST(€),"MAP ….602 | - | - | - | - | - | 1.248,00 € | 1.426,00 € | 1.819,00 € | -"
7,MAP... SERIES / IEC B5 FLANGE (PAM) PRICE LIST(€),"MAP ….603 | - | - | 973,00 € | 999,00 € | 1.114,00 € | 1.216,00 € | 1.394,00 € | - | -"
7,MAP... SERIES / IEC B5 FLANGE (PAM) PRICE LIST(€),"MAP ….702 | - | - | - | - | - | 1.500,00 € | 1.702,00 € | 2.129,00 € | 2.513,00 €"
7,MAP... SERIES / IEC B5 FLANGE (PAM) PRICE LIST(€),"MAP ….703 | - | - | - | 1.163,00 € | 1.288,00 € | 1.411,00 € | 1.609,00 € | 2.017,00 € | 2.388,00 €"
7,MAP... SERIES / IEC B5 FLANGE (PAM) PRICE LIST(€),"MAP ….704 | - | - | 1.090,00 € | 1.124,00 € | 1.245,00 € | - | - | - | -"
7,MAP... SERIES / IEC B5 FLANGE (PAM) PRICE LIST(€),"MAP ….802 | - | - | - | - | - | 1.500,00 € | 1.702,00 € | 2.129,00 € | 2.513,00 €"
7,MAP... SERIES / IEC B5 FLANGE (PAM) PRICE LIST(€),"MAP ….803 | - | - | - | 1.163,00 € | 1.288,00 € | 1.411,00 € | 1.609,00 € | 2.017,00 € | 2.388,00 €"
7,MAP... SERIES / IEC B5 FLANGE (PAM) PRICE LIST(€),"MAP ….804 | - | - | 1.090,00 € | 1.124,00 € | 1.245,00 € | - | - | - | -"
7,MAP... SERIES / IEC B5 FLANGE (PAM) PRICE LIST(€),"MAP ….902 | - | - | - | - | - | 1.771,00 € | 1.881,00 € | 2.473,00 € | 2.849,00 €"
7,MAP... SERIES / IEC B5 FLANGE (PAM) PRICE LIST(€),"MAP ….903 | - | - | - | 1.432,00 € | 1.566,00 € | 1.718,00 € | 1.929,00 € | 2.369,00 € | 2.753,00 €"
7,MAP... SERIES / IEC B5 FLANGE (PAM) PRICE LIST(€),"MAP ….904 | - | - | 1.352,00 € | 1.394,00 € | 1.531,00 € | 1.680,00 € | - | - | -"
7,MAP... SERIES / IEC B5 FLANGE (PAM) PRICE LIST(€),"MAP…1002 | - | - | - | - | - | 1.771,00 € | 1.881,00 € | 2.473,00 € | 2.849,00 €"
7,MAP... SERIES / IEC B5 FLANGE (PAM) PRICE LIST(€),"MAP…1003 | - | - | - | 1.432,00 € | 1.566,00 € | 1.718,00 € | 1.929,00 € | 2.369,00 € | 2.753,00 €"
7,MAP... SERIES / IEC B5 FLANGE (PAM) PRICE LIST(€),"MAP…1004 | - | - | 1.352,00 € | 1.394,00 € | 1.531,00 € | 1.680,00 € | - | - | -"
7,MAP... SERIES / IEC B5 FLANGE (PAM) PRICE LIST(€),"MAP…1102 | - | - | - | - | - | - | - | - | 3.305,00 €"
7,MAP... SERIES / IEC B5 FLANGE (PAM) PRICE LIST(€),"MAP…1103 | - | - | - | - | - | 2.115,00 € | 2.335,00 € | 2.783,00 € | 3.192,00 €"
7,MAP... SERIES / IEC B5 FLANGE (PAM) PRICE LIST(€),"MAP…1104 | - | - | - | 1.675,00 € | 1.813,00 € | 1.995,00 € | 2.221,00 € | - | -"
7,MAP... SERIES / IEC B5 FLANGE (PAM) PRICE LIST(€),"MAP…1202 | - | - | - | - | - | - | - | - | 3.305,00 €"
7,MAP... SERIES / IEC B5 FLANGE (PAM) PRICE LIST(€),"MAP…1203 | - | - | - | - | - | 2.115,00 € | 2.335,00 € | 2.783,00 € | 3.192,00 €"
7,MAP... SERIES / IEC B5 FLANGE (PAM) PRICE LIST(€),"MAP…1204 | - | - | - | 1.675,00 € | 1.813,00 € | 1.995,00 € | 2.221,00 € | - | -"
7,MAP... SERIES / IEC B5 FLANGE (PAM) PRICE LIST(€),REDÜKTÖR TİPİ | IEC B5 80/90 | IEC B5 100/112 | IEC B5 132 | IEC B5 160/180 | IEC B5 200 | IEC B5 225 | IEC B5 250 | IEC B5 280 | IEC B5 315
7,MAP... SERIES / IEC B5 FLANGE (PAM) PRICE LIST(€),"MKP ….403 | - | 930,00 € | 960,00 € | 990,00 € | 1.104,00 € | - | - | - | -"
7,MAP... SERIES / IEC B5 FLANGE (PAM) PRICE LIST(€),"MKP ….404 | 921,00 € | 916,00 € | 947,00 € | - | - | - | - | - | -"
7,MAP... SERIES / IEC B5 FLANGE (PAM) PRICE LIST(€),"MKP ….503 | - | 1.036,00 € | 1.068,00 € | 1.100,00 € | 1.206,00 € | 1.335,00 € | 1.580,00 € | - | -"
7,MAP... SERIES / IEC B5 FLANGE (PAM) PRICE LIST(€),"MKP ….504 | 1.016,00 € | 1.019,00 € | 1.050,00 € | 1.077,00 € | - | - | - | - | -"
7,MAP... SERIES / IEC B5 FLANGE (PAM) PRICE LIST(€),"MKP ….603 | - | 1.036,00 € | 1.068,00 € | 1.100,00 € | 1.206,00 € | 1.335,00 € | 1.580,00 € | - | -"
7,MAP... SERIES / IEC B5 FLANGE (PAM) PRICE LIST(€),"MKP ….604 | 1.016,00 € | 1.021,00 € | 1.050,00 € | 1.078,00 € | - | - | - | - | -"
7,MAP... SERIES / IEC B5 FLANGE (PAM) PRICE LIST(€),"MKP ….703 | - | - | - | 1.304,00 € | 1.442,00 € | 1.584,00 € | 1.806,00 € | 2.079,00 € | -"
7,MAP... SERIES / IEC B5 FLANGE (PAM) PRICE LIST(€),"MKP ….704 | - | 1.023,00 € | 1.105,00 € | 1.248,00 € | 1.388,00 € | - | - | - | -"
7,MAP... SERIES / IEC B5 FLANGE (PAM) PRICE LIST(€),"MKP ….803 | - | - | - | 1.304,00 € | 1.442,00 € | 1.584,00 € | 1.806,00 € | 2.079,00 € | -"
7,MAP... SERIES / IEC B5 FLANGE (PAM) PRICE LIST(€),"MKP ….804 | - | 1.023,00 € | 1.105,00 € | 1.248,00 € | 1.388,00 € | - | - | - | -"
7,MAP... SERIES / IEC B5 FLANGE (PAM) PRICE LIST(€),"MKP ….903 | - | - | - | 1.613,00 € | 1.760,00 € | 1.928,00 € | 2.171,00 € | 2.664,00 € | 2.965,00 €"
7,MAP... SERIES / IEC B5 FLANGE (PAM) PRICE LIST(€),"MKP ….904 | - | 1.541,00 € | 1.576,00 € | 1.732,00 € | 1.894,00 € | 2.116,00 € | - | - | -"
7,MAP... SERIES / IEC B5 FLANGE (PAM) PRICE LIST(€),"MKP…1003 | - | - | - | 1.613,00 € | 1.760,00 € | 1.928,00 € | 2.171,00 € | 2.664,00 € | 2.965,00 €"
7,MAP... SERIES / IEC B5 FLANGE (PAM) PRICE LIST(€),"MKP…1004 | - | 1.541,00 € | 1.576,00 € | 1.732,00 € | 1.894,00 € | 2.116,00 € | - | - | -"
7,MAP... SERIES / IEC B5 FLANGE (PAM) PRICE LIST(€),"MKP…1103 | - | - | - | - | - | 2.343,00 € | 2.601,00 € | 3.145,00 € | 3.472,00 €"
7,MAP... SERIES / IEC B5 FLANGE (PAM) PRICE LIST(€),"MKP…1104 | - | - | - | 1.847,00 € | 2.004,00 € | 2.198,00 € | 2.459,00 € | - | -"
7,MAP... SERIES / IEC B5 FLANGE (PAM) PRICE LIST(€),"MKP…1203 | - | - | - | - | - | 2.343,00 € | 2.601,00 € | 3.145,00 € | 3.472,00 €"
7,MAP... SERIES / IEC B5 FLANGE (PAM) PRICE LIST(€),"MKP…1204 | - | - | - | 1.847,00 € | 2.004,00 € | 2.198,00 € | 2.459,00 € | - | -"
8,MA... SERIES BASE FRAME PRICE LIST(€),GEARBOX TYPE | IEC B5 90 | IEC B5 100 | IEC B5 112 | IEC B5 132 | IEC B5 160 | IEC B5 180 | IEC B5 200 | IEC B5 225 | IEC B5 250 | IEC B5 280 | IEC B5 315
8,MA... SERIES BASE FRAME PRICE LIST(€),"MA ….402 MA ….403 | - | 866,00 € | 896,00 € | 955,00 € | 1.097,00 € | 1.143,00 € | 1.313,00 € | 1.394,00 € | - | - | -"
8,MA... SERIES BASE FRAME PRICE LIST(€),"MA ….502 MA ….503 | - | - | - | 1.039,00 € | 1.194,00 € | 1.244,00 € | 1.429,00 € | 1.517,00 € | 1.695,00 € | - | -"
8,MA... SERIES BASE FRAME PRICE LIST(€),"MA ….602 MA ….603 | - | - | - | 1.130,00 € | 1.284,00 € | 1.334,00 € | 1.519,00 € | 1.607,00 € | 1.785,00 € | - | -"
8,MA... SERIES BASE FRAME PRICE LIST(€),"MA ….702 MA ….703 MA ….704 | - | 1.032,00 € | 1.107,00 € | 1.234,00 € | 1.389,00 € | 1.439,00 € | 1.624,00 € | 1.712,00 € | 1.889,00 € | 2.060,00 € | 2.718,00 €"
8,MA... SERIES BASE FRAME PRICE LIST(€),"MA ….802 MA ….803 MA ….804 | - | 1.119,00 € | 1.194,00 € | 1.321,00 € | 1.476,00 € | 1.526,00 € | 1.711,00 € | 1.799,00 € | 1.977,00 € | 2.147,00 € | 2.806,00 €"
8,MA... SERIES BASE FRAME PRICE LIST(€),"MA ….902 MA ….903 MA ….904 | - | - | - | 1.453,00 € | 1.607,00 € | 1.657,00 € | 1.842,00 € | 1.930,00 € | 2.108,00 € | 2.278,00 € | 2.937,00 €"
8,MA... SERIES BASE FRAME PRICE LIST(€),"MA…1002 MA…1003 MA…1004 | - | - | - | 1.534,00 € | 1.688,00 € | 1.738,00 € | 1.923,00 € | 2.011,00 € | 2.189,00 € | 2.359,00 € | 3.018,00 €"
8,MA... SERIES BASE FRAME PRICE LIST(€),"MA…1102 MA…1103 MA…1104 | - | - | - | - | 1.873,00 € | 1.923,00 € | 2.107,00 € | 2.196,00 € | 2.373,00 € | 2.544,00 € | 3.202,00 €"
8,MA... SERIES BASE FRAME PRICE LIST(€),"MA…1202 MA…1203 MA…1204 | - | - | - | - | 2.065,00 € | 2.116,00 € | 2.305,00 € | 2.396,00 € | 2.578,00 € | 2.752,00 € | 3.426,00 €"
8,MK... SERIES (BEVEL HELICAL) BASE FRAME PRICE LIST,GEARBOX TYPE | IEC B5 80/90 | IEC B5 100 | IEC B5 112 | IEC B5 132 | IEC B5 160 | IEC B5 180 | IEC B5 200 | IEC B5 225 | IEC B5 250 | IEC B5 280 | IEC B5 315
8,MK... SERIES (BEVEL HELICAL) BASE FRAME PRICE LIST,"MK ….403 MK ….404 | 771,00 € | 800,00 € | 828,00 € | 944,00 € | 1.084,00 € | 1.130,00 € | 1.298,00 € | 1.378,00 € | - | - | -"
8,MK... SERIES (BEVEL HELICAL) BASE FRAME PRICE LIST,"MK ….503 MK ….504 | 832,00 € | 884,00 € | 943,00 € | 1.076,00 € | 1.236,00 € | 1.288,00 € | 1.479,00 € | 1.570,00 € | 1.754,00 € | 1.931,00 € | -"
8,MK... SERIES (BEVEL HELICAL) BASE FRAME PRICE LIST,"MK ….603 MK ….604 | 891,00 € | 942,00 € | 1.001,00 € | 1.133,00 € | 1.293,00 € | 1.345,00 € | 1.536,00 € | 1.627,00 € | 1.811,00 € | 1.988,00 € | -"
8,MK... SERIES (BEVEL HELICAL) BASE FRAME PRICE LIST,"MK ….703 MK ….704 | 933,00 € | 995,00 € | 1.070,00 € | 1.203,00 € | 1.344,00 € | 1.393,00 € | 1.578,00 € | 1.666,00 € | 1.844,00 € | 2.015,00 € | 2.673,00 €"
8,MK... SERIES (BEVEL HELICAL) BASE FRAME PRICE LIST,"MK ….803 MK ….804 | 1.079,00 € | 1.151,00 € | 1.275,00 € | 1.423,00 € | 1.473,00 € | 1.658,00 € | 1.746,00 € | 1.924,00 € | 2.094,00 € | 2.752,00 € | 2.458,00 €"
8,MK... SERIES (BEVEL HELICAL) BASE FRAME PRICE LIST,"MK ….903 MK ….904 | - | 1.201,00 € | 1.273,00 € | 1.396,00 € | 1.545,00 € | 1.593,00 € | 1.778,00 € | 1.866,00 € | 2.044,00 € | 2.214,00 € | 2.872,00 €"
8,MK... SERIES (BEVEL HELICAL) BASE FRAME PRICE LIST,"MK…1003 MK…1004 | - | 1.282,00 € | 1.354,00 € | 1.477,00 € | 1.626,00 € | 1.674,00 € | 1.859,00 € | 1.947,00 € | 2.125,00 € | 2.295,00 € | 2.954,00 €"
8,MK... SERIES (BEVEL HELICAL) BASE FRAME PRICE LIST,"MK…1103 MK…1104 | - | 1.491,00 € | 1.575,00 € | 1.718,00 € | 1.873,00 € | 1.923,00 € | 2.107,00 € | 2.196,00 € | 2.373,00 € | 2.544,00 € | 3.202,00 €"
8,MK... SERIES (BEVEL HELICAL) BASE FRAME PRICE LIST,"MK…1203 MK…1204 | - | - | - | 1.899,00 € | 2.056,00 € | 2.107,00 € | 2.295,00 € | 2.385,00 € | 2.566,00 € | 2.740,00 € | 3.411,00 €"
