Country,Company,Website,Web search,Apollo,Final (used),Source
Algeria,REDUCOM,reducom-dz.com,,,NOT FOUND,none
Argentina,Fabbro Hnos SAIC,fabbrohnos.com,,linkedin.com/company/fabbro-hnos-saic,linkedin.com/company/fabbro-hnos-saic,apollo
Argentina,Uffenheimer S.A.,uffenheimer.com.ar,linkedin.com/company/s.uffenheimer,linkedin.com/company/suffenheimer,linkedin.com/company/s.uffenheimer,web(apollo differs)
Australia,All Torque Transmissions A'sia Pty Ltd,alltorquetransmissions.com,linkedin.com/company/all-torque-transmissions-a'sia-pty-ltd,linkedin.com/company/all-torque-transmissions-a'sia-pty-ltd,linkedin.com/company/all-torque-transmissions-a'sia-pty-ltd,both
Australia,IBS - Industrial Bearing Service,industrialbearings.com.au,linkedin.com/company/industrial-bearings-supplies,linkedin.com/company/industrial-bearings-supplies,linkedin.com/company/industrial-bearings-supplies,both
Austria,ASC Antriebe Distribution & Service GmbH,,,,NOT FOUND,none
Belarus,MotoReduktor,motoreduktor.by,,,NOT FOUND,none
Belarus,NektisAlliance,nektis.by,,,NOT FOUND,none
Belgium,ERIKS Belgium,eriks.be,linkedin.com/company/eriks-belgium,linkedin.com/company/eriks-belgium,linkedin.com/company/eriks-belgium,both
Bolivia,Inducom Bolivia,inducom.com.bo,linkedin.com/company/inducom-bolivia,linkedin.com/company/inducom-bolivia,linkedin.com/company/inducom-bolivia,both
Brazil,Funcke,funcke.com.br,,linkedin.com/company/funckeacoplamentos,linkedin.com/company/funckeacoplamentos,apollo
Brazil,Grupo VDS Redutores,grupovdsredutores.com.br,,,NOT FOUND,none
Brazil,SoluTec Industrial,solutecindustrial.com.br,linkedin.com/company/solutec-industrial,linkedin.com/company/solutec-industrial,linkedin.com/company/solutec-industrial,both
Canada,Engineered Lifting Systems,engineeredlifting.com,,linkedin.com/company/engineered-lifting-systems-llc,linkedin.com/company/engineered-lifting-systems-llc,apollo
Canada,Toronto Electric,torontoelectric.com,linkedin.com/company/toronto-electric,linkedin.com/company/toronto-electric,linkedin.com/company/toronto-electric,both
Canada,eMotors Direct,emotorsdirect.ca,linkedin.com/company/emotorsdirect,linkedin.com/company/emotorsdirect,linkedin.com/company/emotorsdirect,both
Chile,Dimet,dimet.cl,linkedin.com/company/distribuidora-dimet-ltda,linkedin.com/company/distribuidora-dimet-ltda,linkedin.com/company/distribuidora-dimet-ltda,both
China,Liaoning Guomao Jienuo Intelligent Equipment,guomao-gearbox.com,,,NOT FOUND,none
China,Shanghai Ouchuan Transmission,oc-drive.com,,linkedin.com/company/上海欧传传动机械有限公司,linkedin.com/company/上海欧传传动机械有限公司,apollo
Colombia,Grupo Giravan,giravan.com,,,NOT FOUND,none
Colombia,Motorreductores S.A.S.,motorreductores.com.co,linkedin.com/company/motorreductores.sas,linkedin.com/company/motorreductores.sas,linkedin.com/company/motorreductores.sas,both
Colombia,Traincol,traincol.com.co,linkedin.com/company/traincol,linkedin.com/company/traincol,linkedin.com/company/traincol,both
Costa Rica,Potencia Fluida y Mecanica (PFM S.A.),pfmcr.com,linkedin.com/company/pfmcr,linkedin.com/company/pfmcr,linkedin.com/company/pfmcr,both
Cote d'Ivoire,DMEIB,,,,NOT FOUND,none
Croatia,Duro Dakovic Strojna Obrada d.o.o.,,linkedin.com/company/duro-dakovic-strojna-obrada-d-o-o-,,linkedin.com/company/duro-dakovic-strojna-obrada-d-o-o-,web
Czech Republic,K-Drives (Elektromotory.cz),k-drives.eu,,,NOT FOUND,none
Denmark,SEW-Eurodrive A/S (Denmark),sew-eurodrive.dk,linkedin.com/company/sew-eurodrive-a-s,linkedin.com/company/sew-eurodrive-a-s,linkedin.com/company/sew-eurodrive-a-s,both
Ecuador,Inducom Ecuador,inducom-ec.com,linkedin.com/company/inducom-ecuador,linkedin.com/company/inducom-ecuador,linkedin.com/company/inducom-ecuador,both
Egypt,Asar Engineering,asarengineering.com,linkedin.com/company/asarengineering,linkedin.com/company/asarengineering,linkedin.com/company/asarengineering,both
Europe (online),Global Industrial Supplies,globalindustrialsupplies.eu,linkedin.com/company/tecnica-industriale-s.r.l.,linkedin.com/company/global-industry-supplies-eurl,linkedin.com/company/tecnica-industriale-s.r.l.,web(apollo differs)
France,AUDIN,audin.fr,linkedin.com/company/audin,linkedin.com/company/audin,linkedin.com/company/audin,both
France,Rossi Motoreducteurs France,rossi.com,linkedin.com/company/rossi-motoreducteurs-sarl,linkedin.com/company/rossispa,linkedin.com/company/rossi-motoreducteurs-sarl,web(apollo differs)
France,Stober France,stober.com,linkedin.com/company/stober-france,linkedin.com/company/stober-drives-inc-,linkedin.com/company/stober-france,web(apollo differs)
Germany,ATG Engineering GmbH,atg-engineering.de,,,NOT FOUND,none
Germany,Madler GmbH,maedler.de,linkedin.com/company/maedler,linkedin.com/company/maedler,linkedin.com/company/maedler,both
Germany,Rossi GmbH,rossi.com,linkedin.com/company/rossi-gmbh,linkedin.com/company/rossispa,linkedin.com/company/rossi-gmbh,web(apollo differs)
Germany,Tramec Getriebe GmbH,tramec.it,,linkedin.com/company/tramec-riduttori,linkedin.com/company/tramec-riduttori,apollo
Greece,Alpha Hellas Service Mylonas,,,,NOT FOUND,none
Guatemala,SRI,,,,NOT FOUND,none
Hungary,Csaba Hajtomu es Fogaskerekgyarto Kft.,,,,NOT FOUND,none
India,Adroit Gear Transmission,adroitgear.com,,,NOT FOUND,none
India,GMAC Associates,gmacassociates.com,linkedin.com/company/gmacindia,,linkedin.com/company/gmacindia,web
India,Indian Electric Co.,indianelectric.com,linkedin.com/company/the-indian-electric-co,linkedin.com/company/the-indian-electric-co,linkedin.com/company/the-indian-electric-co,both
India,Steel-O-Fab,steelofab.net,linkedin.com/company/steelofabengineers,linkedin.com/company/steelofabengineers,linkedin.com/company/steelofabengineers,both
India,Vashi Integrated Solutions Ltd,vashiisl.com,linkedin.com/company/vashi-integrated-solutions,linkedin.com/company/vashiisl,linkedin.com/company/vashi-integrated-solutions,web(apollo differs)
Indonesia,CV Multi Mas,distributorgearbox.com,,linkedin.com/company/cv-multi-mas,linkedin.com/company/cv-multi-mas,apollo
Indonesia,PT Himalaya Everest Jaya (HEJ),hej.co.id,linkedin.com/company/pt-himalaya-everest-jaya,linkedin.com/company/pt-himalaya-everest-jaya,linkedin.com/company/pt-himalaya-everest-jaya,both
Indonesia,PT Viktori Profindo Industri,viktori-profindo.com,linkedin.com/company/viktori-profindo-industri,linkedin.com/company/viktori-profindo-industri,linkedin.com/company/viktori-profindo-industri,both
Iran,Arsha Sanat,arshasanat.com,,,NOT FOUND,none
Ireland,Timoney Aftermarket Ltd,,,,NOT FOUND,none
Israel,Liraz Engineering,lrz.co.il,,linkedin.com/company/לירז-הנדסה-בע,linkedin.com/company/לירז-הנדסה-בע,apollo
Italy,Industrial Forniture Moro,morotreviso.com,linkedin.com/company/industrial-forniture-moro-s-n-c-,linkedin.com/company/ifm-industrial-forniture-moro-s-n-c,linkedin.com/company/industrial-forniture-moro-s-n-c-,web(apollo differs)
Japan,Takatsu Denki Seiki (Takatsu),takatsu.co.jp,,linkedin.com/company/高津伝動精機株式会社,linkedin.com/company/高津伝動精機株式会社,apollo
Kazakhstan,Energy Star,estar.kz,,,NOT FOUND,none
Kenya,Electric Link International Ltd,electric-link.com,linkedin.com/company/electric-link-pan-africa-ltd,,linkedin.com/company/electric-link-pan-africa-ltd,web
Malaysia,Optimus Control Industry PLT,optimuscontrol.com,,,NOT FOUND,none
Mexico,MG Industrial Imports,motorreductores.com,,,NOT FOUND,none
Morocco,MGT,mgt.ma,,,NOT FOUND,none
Netherlands,Multispeeds Aandrijftechniek B.V.,multispeeds.nl,linkedin.com/company/multispeeds-aandrijftechniek,linkedin.com/company/multispeeds-aandrijftechniek,linkedin.com/company/multispeeds-aandrijftechniek,both
New Zealand,SAECOWilson,saecowilson.co.nz,linkedin.com/company/saecowilson,linkedin.com/company/saecowilson,linkedin.com/company/saecowilson,both
Norway,Voith Turbo AS,voith.com,linkedin.com/company/voith-turbo,linkedin.com/company/voith-hydro,linkedin.com/company/voith-turbo,web(apollo differs)
Peru,VVA Industrial,vvaindustrial.com,linkedin.com/company/vva-industrial,linkedin.com/company/vva-industrial,linkedin.com/company/vva-industrial,both
Philippines,NTPI International Inc.,ntpi.com.ph,,linkedin.com/company/ntpiofficial,linkedin.com/company/ntpiofficial,apollo
Poland,Polpack Sp. z o.o.,polpack.com.pl,linkedin.com/company/polpack-systemy-napędowe-i-sterowania,linkedin.com/company/polpack-systemy-napędowe-i-sterowania,linkedin.com/company/polpack-systemy-napędowe-i-sterowania,both
Portugal,SEW-Eurodrive Portugal,sew-eurodrive.pt,linkedin.com/company/sew-eurodrive-portugal,linkedin.com/company/sew-eurodrive-portugal,linkedin.com/company/sew-eurodrive-portugal,both
Romania,SITI Balkania,sitibalkania.ro,linkedin.com/company/siti-balkania-srl,linkedin.com/company/siti-balkania-srl,linkedin.com/company/siti-balkania-srl,both
Russia,FAM-Drive,fam-drive.ru,,,NOT FOUND,none
Russia,Servostar,servostar.ru,,,NOT FOUND,none
Saudi Arabia,WOW Electricals,wowelectricals.com,,linkedin.com/company/lemus-enterprises-the-online-electrical-store,linkedin.com/company/lemus-enterprises-the-online-electrical-store,apollo (verify)
Senegal,CASI Senegal,casisenegal.com,,linkedin.com/company/casisenegal,linkedin.com/company/casisenegal,apollo
Serbia,ALSTEK,,,,NOT FOUND,none
Singapore,PM Supplies,pmsupplies.com,,linkedin.com/company/plant-&-mill-motion-control-sdn-bhd,linkedin.com/company/plant-&-mill-motion-control-sdn-bhd,apollo (verify)
Slovakia,Transmisie Engineering a.s.,,linkedin.com/company/transmisie-engineering,,linkedin.com/company/transmisie-engineering,web
South Africa,BMG (Bearing Man Group),bmgworld.net,linkedin.com/company/bearing-man-group,linkedin.com/company/bearing-man-group,linkedin.com/company/bearing-man-group,both
South Africa,SEW-Eurodrive South Africa,sew-eurodrive.co.za,linkedin.com/company/sew-eurodrive-sa,linkedin.com/company/sew-eurodrive-sa,linkedin.com/company/sew-eurodrive-sa,both
South Korea,Samil Gijeon (Samil Motor),samilmotor.com,,,NOT FOUND,none
Spain,ROYSE (Rodamientos y Servicios),rodamientos.net,linkedin.com/company/rodamientos-y-servicios-sl,linkedin.com/company/rodamientos-y-servicios-sl,linkedin.com/company/rodamientos-y-servicios-sl,both
Sri Lanka,Malith Engineering Tools,malithtools.lk,,,NOT FOUND,none
Sweden,AB Transmotec,transmotec.com,linkedin.com/company/transmotec-sweden-ab,,linkedin.com/company/transmotec-sweden-ab,web
Switzerland,Alfred Imhof AG,imhof-ag.ch,linkedin.com/company/alfred-imhof-ag,,linkedin.com/company/alfred-imhof-ag,web
Taiwan,Li Xiang Machinery (PEI GONG),taiwan-drive.com,,,NOT FOUND,none
Tanzania,Alkhalij Enterprises Limited,alkhalij.com,linkedin.com/company/alkhalij-enterprises-llc,linkedin.com/company/alkhalij-enterprises-llc,linkedin.com/company/alkhalij-enterprises-llc,both
Thailand,Perfect Power Line (PPL),ppl1980.com,,,NOT FOUND,none
Thailand,Vanich Group,vanichgroup.com,,,NOT FOUND,none
Turkey,Hakay Rulman,hakayrulman.com,linkedin.com/company/hakay-rulman-makina,,linkedin.com/company/hakay-rulman-makina,web
UAE,Driveline Group,drivelinegroup.com,linkedin.com/company/driveline-general-trading-llc,linkedin.com/company/driveline-general-trading-llc,linkedin.com/company/driveline-general-trading-llc,both
UAE,High Systems Electromechanics LLC,hsedubai.com,linkedin.com/company/highsyst,linkedin.com/company/highsyst,linkedin.com/company/highsyst,both
USA,Doig Corporation,doigcorp.com,linkedin.com/company/doig-corporation,linkedin.com/company/doig-corporation,linkedin.com/company/doig-corporation,both
USA,Exim Engineering Inc.,eximeng.com,linkedin.com/company/exim-engineering-inc.,linkedin.com/company/exim-engineering-inc.,linkedin.com/company/exim-engineering-inc.,both
USA,HVH Industrial Solutions,hvhindustrial.com,linkedin.com/company/hvh-industrial-solutions,linkedin.com/company/hvh-industrial-solutions,linkedin.com/company/hvh-industrial-solutions,both
USA,Motion Industries,motion.com,linkedin.com/company/motionindustries,linkedin.com/company/motionindustries,linkedin.com/company/motionindustries,both
USA,Precise Motion,precisemotion.com,linkedin.com/company/precise-motion-&-control-inc,linkedin.com/company/precise-motion-&-control-inc,linkedin.com/company/precise-motion-&-control-inc,both
Ukraine,FAM Engineering,fam.com.ua,,,NOT FOUND,none
United Kingdom,Yilmaz UK,yilmazuk.co.uk,linkedin.com/company/yilmaz-uk-ltd,linkedin.com/company/yilmaz-uk-ltd,linkedin.com/company/yilmaz-uk-ltd,both
Uruguay,Dreghal,dreghal.com.uy,linkedin.com/company/dreghal,linkedin.com/company/dreghal,linkedin.com/company/dreghal,both
Venezuela,MIVALCA (Motores Industriales Valencia CA),mivalca.com,,,NOT FOUND,none
Vietnam,Dai Kinh Nam,daikinhnam.com.vn,,linkedin.com/company/daikinhnam,linkedin.com/company/daikinhnam,apollo
Vietnam,Long Minh Tech,longminhtech.com,,,NOT FOUND,none
Zambia,Powerdrive Zambia,powerdrive.co.zm,,linkedin.com/company/powerdrive-transmission-suppliers,linkedin.com/company/powerdrive-transmission-suppliers,apollo
Zimbabwe,Powerdrive Zimbabwe,powerdrive.co.zw,,,NOT FOUND,none
