Company,Country,City,Website,Apollo Company URL,Industry (Apollo),Employees,Size Category,Type,Steel Activity,Main Products,Company Phone,Contacts in DB,Best Lead Score
Al Gharbia Pipe Company LLC,United Arab Emirates,Abu Dhabi,http://www.algharbiapipe.com,https://app.apollo.io/#/organizations/5e55d4fb6d9ff200015ba3e3,oil & energy,300,Mid-market (100-500),Manufacturing,Steel pipe mill,LSAW line pipe,+97124489544,3,97
Riyadh Steel Co.,Saudi Arabia,Riyadh,http://www.riyadhsteel.com.sa,https://app.apollo.io/#/organizations/6049c1709993a8000116ecdd,mining & metals,280,Mid-market (100-500),Manufacturing,Steel mill – rolling & billets,"Flat bars, angle bars, billets",+9668001240325,3,97
TenarisGPC,Saudi Arabia,Al Jubail,http://www.tenarissaudisteelpipes.com,https://app.apollo.io/#/organizations/55920c8a73696419d89f3900,oil & energy,350,Mid-market (100-500),Manufacturing,Steel pipe mill,Welded steel pipes (Tenaris),+966138122222,1,97
Watania Steel,Saudi Arabia,Riyadh,http://www.wataniasteel.com,https://app.apollo.io/#/organizations/6049e8fd5db32500014122e9,mining & metals,240,Mid-market (100-500),Manufacturing,Steel mill – long products,"Rebar, billets",+966112659494,3,97
Al Jazeera Steel Products Co.,Oman,Sohar,http://www.jazeerasteel.com,https://app.apollo.io/#/organizations/62afbabe64326d00ca545611,mechanical or industrial engineering,700,Upper mid-market (501-1000),Manufacturing,Steel mill – pipes & long products,"ERW pipes, rebar, merchant bars",+96826751763,3,96
Arabian Gulf Steel Industries - AGSI,United Arab Emirates,Dubai,http://www.agsi.ae,https://app.apollo.io/#/organizations/638501b0e3fdef00e7505d54,mechanical or industrial engineering,750,Upper mid-market (501-1000),Manufacturing,Steel mill – rebar,"Rebar, billets",+97125556293,3,96
Group Five Pipe Saudi Company,Saudi Arabia,Dammam,http://www.g5ps.com,https://app.apollo.io/#/organizations/637b81cfc8029500d139384b,mechanical or industrial engineering,710,Upper mid-market (501-1000),Manufacturing,Steel pipe mill,Spiral welded steel pipes,,2,96
Jindal Steel Oman,Oman,Sohar,http://www.jindalsteel.om,https://app.apollo.io/#/organizations/6392024ca7958a0111f134ce,mining & metals,650,Upper mid-market (501-1000),Manufacturing,Integrated steel mill (DRI/EAF),"Billets, rebar, HBI",+96826865700,3,96
Solb Steel,Saudi Arabia,Jazan,http://www.solbsteel.com,https://app.apollo.io/#/organizations/55f4ac6af3e5bb1630001194,mining & metals,560,Upper mid-market (501-1000),Manufacturing,Integrated steel mill (EAF),"Rebar, billets, wire rod",+966114001845,3,96
Al Ghurair Iron & Steel LLC,United Arab Emirates,Abu Dhabi,http://www.agis.ae,https://app.apollo.io/#/organizations/54a222f974686935be3de60f,mining & metals,450,Mid-market (100-500),Manufacturing,Steel processing – galvanizing & cold rolling,"Galvanized coils, cold rolled coils",+97126593400,3,95
Inma Steel Fabricators Co. Ltd.,Saudi Arabia,Al Jubail,http://www.inmasteel.com.sa,https://app.apollo.io/#/organizations/55e86123f3e5bb479d0002f0,machinery,500,Mid-market (100-500),Manufacturing,Heavy steel fabrication,"Tanks, pressure vessels, structures",+966133524222,3,95
National Metal Manufacturing and Casting Company (Maadaniyah),Saudi Arabia,Al Jubail,http://www.maadaniyah.com,https://app.apollo.io/#/organizations/556d2fdb73696411e3a6bc00,mining & metals,470,Mid-market (100-500),Manufacturing,Steel wire products & foundry,"PC strand, wire, castings, axles",+966133588000,1,95
TenarisSSP,Saudi Arabia,Dammam,http://www.sspipe.com,https://app.apollo.io/#/organizations/54a129b469702d8cfce9f201,oil & energy,460,Mid-market (100-500),Manufacturing,Steel pipe mill,Welded steel pipes (Tenaris),+966138122222,2,95
Universal Metal Coating Company (UNICOIL),Saudi Arabia,Al Jubail,http://www.unicoil.com.sa,https://app.apollo.io/#/organizations/54a1211069702da425429a02,automotive,310,Mid-market (100-500),Manufacturing,Steel coil coating & galvanizing,Galvanized & prepainted coils,+966133588400,2,95
Arabian Pipes Company,Saudi Arabia,Riyadh,http://www.arabian-pipes.com,https://app.apollo.io/#/organizations/556d735973696412387d1201,oil & energy,380,Mid-market (100-500),Manufacturing,Steel pipe manufacturing,"ERW & LSAW steel pipes, coil slitting, coating",+966112650123,3,94
ArcelorMittal Tubular Products Al-Jubail,Saudi Arabia,Al Jubayl,http://www.amtpj.com.sa,https://app.apollo.io/#/organizations/5e5771413f9e640001578401,mechanical or industrial engineering,560,Upper mid-market (501-1000),Manufacturing,Seamless steel pipe mill,"Seamless OCTG & line pipe, hot rolling",+966135104225,3,94
BRC Industrial Saudia Co.,Saudi Arabia,Jeddah,http://www.brc.com.sa,https://app.apollo.io/#/organizations/54a13a9b69702de5b3f5fa00,building materials,500,Mid-market (100-500),Manufacturing,Steel wire & mesh manufacturing,"Welded mesh, wire, rebar processing",+966126355666,3,94
JESCO,Saudi Arabia,Al Jubail,http://www.jesco.com.sa,https://app.apollo.io/#/organizations/54a11c6d69702d97c14fad00,oil & energy,750,Upper mid-market (501-1000),Manufacturing,Seamless pipe mill,"Seamless steel pipes, OCTG",+966133504999,2,94
UNITED IRON & STEEL COMPANY LLC,United Arab Emirates,Abu Dhabi,http://www.uiscllc.com,https://app.apollo.io/#/organizations/5e58099bfefac20001d07e10,mechanical or industrial engineering,230,Mid-market (100-500),Manufacturing,Steel mill – rebar,Rebar,,1,94
UNITED STEEL INDUSTRIAL CO.,Kuwait,Kuwait City,http://www.kwtsteel.com,https://app.apollo.io/#/organizations/57c4f5c4a6da986a37a2d8a3,mining & metals,900,Upper mid-market (501-1000),Manufacturing,Integrated steel mill (EAF),"Rebar, billets",+96523200000,3,94
Bahrain Steel BSC,Bahrain,Al Hidd,http://www.bahrainsteel.com.bh,https://app.apollo.io/#/organizations/5569ed947369642579d7b800,mining & metals,1000,Upper mid-market (501-1000),Manufacturing,Iron ore pelletizing (steel feedstock),Iron ore pellets,,3,93
Conares,United Arab Emirates,Dubai,http://www.conares.com,https://app.apollo.io/#/organizations/5569eb1573696425c029b500,mining & metals,900,Upper mid-market (501-1000),Manufacturing,Steel mill – rebar & pipes,"Rebar, steel pipes, coil coating",+97148835111,3,92
Sinsina Industrial Works,Saudi Arabia,Al Jubail,http://www.sinsinaworks.com,https://app.apollo.io/#/organizations/5e55e854e31ebf0001c3f5bb,oil & energy,300,Mid-market (100-500),Manufacturing,Heavy steel fabrication,"Structures, pressure vessels",+966133617343,2,92
Emirates Building Systems Co. (LLC),United Arab Emirates,Dubai,http://www.ebsl.com,https://app.apollo.io/#/organizations/5da48d33988bdd0001da9123,construction,900,Upper mid-market (501-1000),Manufacturing,Steel building systems manufacturing,"PEB, structural steel",+97148851122,2,91
FERROFAB FZE,United Arab Emirates,Dubai,http://www.ferrofab.com,https://app.apollo.io/#/organizations/5ed02925d6a4700001a6d238,machinery,500,Mid-market (100-500),Manufacturing,Heavy steel fabrication,"Process equipment, tanks",+97148860070,1,91
HAMRIYAH STEEL,United Arab Emirates,Dubai,http://www.hamriyahsteel.ae,https://app.apollo.io/#/organizations/54a126fa69702d979c0f4100,mining & metals,280,Mid-market (100-500),Manufacturing,Steel mill – rebar,Rebar,+97165133333,3,91
Khalifa Steel Industries W.L.L,Qatar,Doha,http://www.khalifasteel.com,https://app.apollo.io/#/organizations/5d0a4b71a3ae610d9ec1092f,building materials,350,Mid-market (100-500),Manufacturing,Rebar processing & steel manufacturing,"Cut & bend rebar, wire mesh, wire rod",+97444441112,1,91
MAHMOOD SAEED STEEL INDUSTRIES Co. Ltd.,Saudi Arabia,Jeddah,http://www.saeed-steel.com,https://app.apollo.io/#/organizations/5b85a01df874f76d8ba77fc0,construction,500,Mid-market (100-500),Manufacturing,Structural steel / PEB manufacturing,"Pre-engineered buildings, structural steel",,2,91
AJ Steel Pipes,United Arab Emirates,Abu Dhabi,http://www.ajsteel.com,https://app.apollo.io/#/organizations/614014c828870f0001d7a7ad,mining & metals,140,Mid-market (100-500),Manufacturing,Steel tube & pipe manufacturing,ERW steel tubes and pipes,+97125501131,3,90
Memaar Building Systems FZC,United Arab Emirates,Dubai,http://www.mbs.ae,https://app.apollo.io/#/organizations/5b13270ca6da98dcf76135c8,construction,480,Mid-market (100-500),Manufacturing,Steel building systems manufacturing,"PEB, structural steel",+97165149999,3,90
Mitwalli Steel Products Factory Co.,Saudi Arabia,Jeddah,http://www.msp.com.sa,https://app.apollo.io/#/organizations/5f49b7aeac6c3f00016cbc56,machinery,900,Upper mid-market (501-1000),Manufacturing,Steel products manufacturing (rolling),"Steel profiles, rolled products",+966126369088,3,90
Shadeed Iron & Steel LLC,Oman,Sohar,http://www.jindalshadeed.com,https://app.apollo.io/#/organizations/54a1357869702d317063ef00,mining & metals,210,Mid-market (100-500),Manufacturing,Integrated steel mill (DRI/EAF),"Billets, rebar, HBI",,1,90
Specialized Lines Company for Metal Industry,Saudi Arabia,Riyadh,http://www.slf-sa.com,https://app.apollo.io/#/organizations/63d597ee12c295000189f264,construction,350,Mid-market (100-500),Manufacturing,Structural steel fabrication,"Structural steel, PEB",+966540424938,2,90
Tuwaiq Casting & Forging Company,Saudi Arabia,Ras Al-Khair,http://www.tuwaiqcf.com,https://app.apollo.io/#/organizations/6453892ef0144f000118d5b3,machinery,280,Mid-market (100-500),Manufacturing,Steel casting & forging,"Castings, forgings",,2,90
ALIF Factories,Saudi Arabia,Jeddah,http://www.alif.sa,https://app.apollo.io/#/organizations/5da500f059807800014e4789,mechanical or industrial engineering,300,Mid-market (100-500),Manufacturing,Steel products manufacturing,"Industrial steel products, fabrication",+966920008366,1,89
ASSENT STEEL,United Arab Emirates,Dubai,http://www.assentsteel.com,https://app.apollo.io/#/organizations/5da6d85ab076420001834fc1,mining & metals,830,Upper mid-market (501-1000),Manufacturing,Structural steel fabrication & PEB,"Structural steel, PEB, cladding",+97142471200,3,89
Acero Building Systems,United Arab Emirates,Dubai,http://www.acero.ae,https://app.apollo.io/#/organizations/61ec9de126821f00014417c2,construction,1000,Upper mid-market (501-1000),Manufacturing,Steel building systems manufacturing,"PEB, structural steel",+97148931000,2,89
Al-Sharq Factory Steel Industries Co. Ltd.,Saudi Arabia,Al-Kharj,http://www.asfsteelco.com,https://app.apollo.io/#/organizations/54a25cfb74686935bec3281d,retail,180,Mid-market (100-500),Manufacturing,Structural steel fabrication,"Structural steel, industrial steel",+966112653568,3,89
BERG Industries,United Arab Emirates,,http://www.bergengg.com,https://app.apollo.io/#/organizations/60face05fc1d2b00f6466a46,machinery,180,Mid-market (100-500),Manufacturing,Heavy steel fabrication,"Process equipment, tanks, structures",+97172211558,3,89
EVERSENDAI,United Arab Emirates,Dubai,http://www.eversendai.com,https://app.apollo.io/#/organizations/5f417b9ec31d000001a187f0,mining & metals,990,Upper mid-market (501-1000),Manufacturing,Structural steel fabrication,"Structural steel, towers",+97144539881,3,89
Iron Makers Steel Industries LLC (IMS),United Arab Emirates,Dubai,http://www.ims-steel.com,https://app.apollo.io/#/organizations/5edfa314993d450001c9dcf7,construction,140,Mid-market (100-500),Manufacturing,Structural steel fabrication,Structural steel,+97144510001,2,89
NewFab - Saudi Company for Prefabricated Buildings,Saudi Arabia,Al-Muzahmiya,http://www.newfabksa.com,https://app.apollo.io/#/organizations/5fc85abddf223d0001e711b6,construction,1000,Upper mid-market (501-1000),Manufacturing,Steel building systems manufacturing,"PEB, prefab steel buildings",+966920027766,2,89
PRISMA METAL INDUSTRY L.L.C.,Saudi Arabia,Dammam,http://www.prisma-ksa.com,https://app.apollo.io/#/organizations/5da613d1df89b40001b70543,construction,1000,Upper mid-market (501-1000),Manufacturing,Steel building systems manufacturing,"PEB, metal structures",+966138901419,1,89
SULB Company (Bahrain & KSA),Bahrain,Al Hidd,http://www.sulb.com,https://app.apollo.io/#/organizations/556d5525736964122a3fe400,mining & metals,800,Upper mid-market (501-1000),Manufacturing,Integrated steel mill (DRI/EAF),"Structural sections, billets, DRI",,3,89
DUCAST FACTORY LLC,United Arab Emirates,Dubai,http://www.ducast.com,https://app.apollo.io/#/organizations/5f56f4f3607e1400fe411629,mechanical or industrial engineering,120,Mid-market (100-500),Manufacturing,Iron foundry,Ductile iron castings,+97125063700,1,88
Saudi Mechanical Industries Co.,Saudi Arabia,Riyadh,http://www.smi.com.sa,https://app.apollo.io/#/organizations/54a11fc369702da42592f501,machinery,750,Upper mid-market (501-1000),Manufacturing,Steel casting & machining (foundry),"Valves, castings, machined steel components",+966112651979,3,88
Al Kuhaimi Metal Industries,Saudi Arabia,Dammam,http://www.alkuhaimi.com,https://app.apollo.io/#/organizations/54a129e569702d90a2210002,building materials,900,Upper mid-market (501-1000),Manufacturing,Steel & metal products manufacturing,"Steel doors, structures, metal products",+966138472777,3,87
Unger Steel Middle East,United Arab Emirates,Dubai,http://www.ungersteel.com,https://app.apollo.io/#/organizations/5d0950cda3ae61c080d3fce3,construction,180,Mid-market (100-500),Manufacturing,Structural steel fabrication,Structural steel,+97165132555,3,87
Metscco Heavy Steel ind. co.,Saudi Arabia,Riyadh,http://www.metscco.com,https://app.apollo.io/#/organizations/5c204ad3a3ae614f19a3dc82,oil & energy,520,Upper mid-market (501-1000),Manufacturing,Heavy steel fabrication,"Heavy structural steel, industrial steel",+966112653001,3,86
Prime Metal Industries (PMI),United Arab Emirates,Dubai,http://www.primemetal.ae,https://app.apollo.io/#/organizations/5da4f368f02da60001a05419,mining & metals,750,Upper mid-market (501-1000),Manufacturing,Steel fabrication,Structural & architectural steel,+97148803380,1,85
AL SHUROOQ,United Arab Emirates,Dubai,http://www.alshurooq.ae,https://app.apollo.io/#/organizations/5fd213636d5feb00da8ed7e9,mechanical or industrial engineering,150,Mid-market (100-500),Manufacturing,Steel fabrication,Fabricated steel products,+971552479006,1,84
Al Zamil Heavy Industries Ltd.,Saudi Arabia,Jeddah,http://www.zhiltd.com,https://app.apollo.io/#/organizations/54a1d4097468695c822b4614,machinery,490,Mid-market (100-500),Manufacturing,Heavy steel fabrication,"Process equipment, tanks",,2,84
International Building Systems Factory Co. LTD.,Saudi Arabia,Al-Kharj,http://www.ibsf.com,https://app.apollo.io/#/organizations/54a12a8969702db648a01602,civil engineering,750,Upper mid-market (501-1000),Manufacturing,Steel building systems manufacturing,"PEB, structural steel",+966112650004,2,84
MIS ARABIA,Saudi Arabia,Al Jubayl,http://www.misarabia.com.sa,https://app.apollo.io/#/organizations/5569600e73696425a9231600,machinery,180,Mid-market (100-500),Manufacturing,Heavy steel fabrication,"Tanks, structures",+966133416376,1,84
Saipem Taqa Al-Rushaid Fabricators Co. Ltd.,Saudi Arabia,Dammam,http://www.starfab.com.sa,https://app.apollo.io/#/organizations/54a1349269702d3cbb2a4400,construction,810,Upper mid-market (501-1000),Manufacturing,Heavy steel fabrication,Offshore & process steel structures,,3,84
AlShahin Metal Industries,Saudi Arabia,Riyadh,http://www.alshahin.com,https://app.apollo.io/#/organizations/54a1217969702da425acaf02,civil engineering,190,Mid-market (100-500),Manufacturing,Steel building systems manufacturing,"PEB, structural steel",+966112656565,1,83
Galadari Engineering,United Arab Emirates,Dubai,http://www.galadariengineering.com,https://app.apollo.io/#/organizations/5da3922f97186f000191bab6,construction,1000,Upper mid-market (501-1000),Manufacturing,Heavy engineering & steel fabrication,"Tanks, structures, heavy fabrication",,2,83
BEMCO STEEL INDUSTRIES CO.,Saudi Arabia,Jeddah,http://www.bemcosteel.com.sa,https://app.apollo.io/#/organizations/54a134c369702d2db400c200,construction,930,Upper mid-market (501-1000),Manufacturing,Structural steel fabrication,"Structural steel, steel structures",,3,82
Al Mulla Industries,Kuwait,Kuwait City,http://www.almullaindustries.com,https://app.apollo.io/#/organizations/5b86135ff874f7690dc75f6e,machinery,750,Upper mid-market (501-1000),Manufacturing,Steel fabrication & industrial manufacturing,"Steel structures, industrial products",,1,81
FRIJNS Steel Construction Middle East W.L.L.,Qatar,Doha,http://www.frijnsqatar.com,https://app.apollo.io/#/organizations/559223f87369641908f28f00,construction,120,Mid-market (100-500),Manufacturing,Structural steel fabrication,Structural steel,,1,81
German Steel Cont. LLC,United Arab Emirates,Al Ain,http://www.germansteel.me,https://app.apollo.io/#/organizations/5ed791e57afe890001da068c,construction,110,Mid-market (100-500),Manufacturing,Structural steel fabrication,Structural steel,+97167486133,1,81
Ajeej Steel,Saudi Arabia,Riyadh,http://www.ajeejsteel.com,https://app.apollo.io/#/organizations/5f453925b4c1c90001b05efb,mining & metals,69,Small (50-99),Manufacturing,Steel mill – rolling,"Rebar, billets",+966112298808,3,80
Al Zamil Metal Works Factory,Saudi Arabia,Jeddah,http://www.alzamilmetal.com,https://app.apollo.io/#/organizations/56db1dcff3e5bb706c007d5c,facilities services,1400,Large (1001-2000),Manufacturing,Heavy steel fabrication,"Pressure vessels, heat exchangers, tanks",+966126380766,3,80
DBMSC STEEL GROUP,United Arab Emirates,Dubai,http://www.dbmscsteel.ae,https://app.apollo.io/#/organizations/5c1f310ef651257a87ac7234,mining & metals,100,Mid-market (100-500),Processing,Steel service centre & processing,"Steel plates, sections, coils, cut-to-length",+97148101111,2,80
Al Ittefaq Steel Products Company,Saudi Arabia,Dammam,http://www.ispc.com.sa,https://app.apollo.io/#/organizations/5ed4bd5340af0c0001b1e07c,mining & metals,5000,Very large (2000+),Manufacturing,Integrated steel mill (EAF),"Rebar, billets",,1,79
CICON EPOXY AND STEEL CUTTING PLANT LLC,United Arab Emirates,Abu Dhabi,http://www.cicon.net,https://app.apollo.io/#/organizations/55f6efa1f3e5bb192c01c17d,building materials,210,Mid-market (100-500),Processing,Rebar processing & steel cutting,"Cut & bend rebar, epoxy coating",+97126415444,1,79
East Pipes Integrated Company For Industry,Saudi Arabia,Dammam,http://www.eastpipes.com,https://app.apollo.io/#/organizations/61ec98c137a5c400011360a1,oil & energy,2900,Very large (2000+),Manufacturing,Steel pipe mill,HSAW large diameter pipes,+966138121999,3,79
Energya Steel Solutions,Saudi Arabia,Rabigh,http://www.energyasteel.com.sa,https://app.apollo.io/#/organizations/5eda80d1403f2e0001ca3643,construction,1200,Large (1001-2000),Manufacturing,Steel towers & structural fabrication,"Transmission towers, structural steel, galvanizing",+966126546999,3,79
Hidayath Group,United Arab Emirates,Dubai,http://www.hidayath.com,https://app.apollo.io/#/organizations/6113ae4d24cfb400a48a2cc9,machinery,700,Upper mid-market (501-1000),Processing,Stainless steel processing,"Stainless sheets, pipes, processing",+97148857700,1,79
Al Yamamah Steel Industries Company,Saudi Arabia,Jeddah,http://www.yamsteel.com,https://app.apollo.io/#/organizations/65c0a3eeca360001c6502799,mechanical or industrial engineering,1400,Large (1001-2000),Manufacturing,Steel products manufacturing,"Steel towers, poles, wind towers, galvanizing",,2,78
BAZ INT'L INDUSTRY CO,Saudi Arabia,Jeddah,http://www.bazsteel.com,https://app.apollo.io/#/organizations/65a0f138dde27e0001720bcc,mining & metals,62,Small (50-99),Manufacturing,Steel mill – rolling,"Rebar, steel bars",+966126375140,1,78
AIC Steel,Saudi Arabia,Jeddah,http://www.aicsteel.com,https://app.apollo.io/#/organizations/6149b8a20290d500a48e40a1,civil engineering,2800,Very large (2000+),Manufacturing,Structural steel fabrication & heavy plate work,"Structural steel, towers, pipe spools, plate work",+966125910999,1,77
ALAM STEEL,United Arab Emirates,Dubai,http://www.alamgroup.co,https://app.apollo.io/#/organizations/54a1289b69702d9313002c01,mining & metals,110,Mid-market (100-500),Processing,Steel processing & trading,"Steel products, cut-to-size",+97148861200,1,77
Alrashed Industrial,Saudi Arabia,Dammam,http://www.alrashedindustrial.com,https://app.apollo.io/#/organizations/6366a7848df4d40001b65c28,plastics,2500,Very large (2000+),Manufacturing,Steel & wire products manufacturing,"Fasteners, wire products, steel fabrication",+966138532299,1,77
Qatar Steel Company,Qatar,Doha,http://www.qatarsteel.com.qa,https://app.apollo.io/#/organizations/54a12a1369702da220e2e701,mining & metals,2400,Very large (2000+),Manufacturing,Integrated steel mill,"Rebar, billets, DRI",,1,77
Rajhi Steel,Saudi Arabia,Riyadh,http://www.rajhisteel.com,https://app.apollo.io/#/organizations/54a12aae69702d9b8b3f3a02,mechanical or industrial engineering,2700,Very large (2000+),Manufacturing,Integrated steel mill (EAF),"Rebar, wire rod, billets",,1,77
TSI Metal Industries LLC,United Arab Emirates,Dubai,http://www.tsim-industries.com,https://app.apollo.io/#/organizations/60acd795ee56bd00c15d5f9a,construction,69,Small (50-99),Manufacturing,Steel tube & pipe manufacturing,"ERW tubes, galvanized pipes",+97142671015,1,77
DANA Group,United Arab Emirates,Dubai,http://www.danagroups.com,https://app.apollo.io/#/organizations/54a1297469702db878c76b01,machinery,54,Small (50-99),Manufacturing,Steel processing – galvanizing & coating,"Galvanized/prepainted coils, profiles, pipes",+97142217273,1,76
UTP Group,United Arab Emirates,Dubai,http://www.utpgroup.co,https://app.apollo.io/#/organizations/5e56a9b194c2a50001cb3523,mechanical or industrial engineering,79,Small (50-99),Manufacturing,Steel tube & scaffolding manufacturing,"Steel tubes, pipes",+97148835966,1,76
Universal Rolling W.L.L.,Bahrain,Al Hidd,http://www.unirol.com,https://app.apollo.io/#/organizations/556dd2d073696411f4b9ab01,mining & metals,52,Small (50-99),Manufacturing,Steel mill – rolling,Rebar,+97317467477,1,76
Watani Steel,Saudi Arabia,Riyadh,http://www.watanisteel.sa,https://app.apollo.io/#/organizations/60b2aa180ad63d000142487d,machinery,84,Small (50-99),Manufacturing,Steel mill – rebar,"Rebar, billets",+966112524444,1,76
AMEERI INDUSTRIES W.L.L,Bahrain,Al Hidd,http://www.ameeriindustries.com,https://app.apollo.io/#/organizations/55920cb073696419279d3a00,machinery,95,Small (50-99),Manufacturing,Steel fabrication & galvanizing,"Steel structures, poles, galvanizing",+97317456111,1,75
Dana Steel,United Arab Emirates,Dubai,http://www.danasteel.com,https://app.apollo.io/#/organizations/5da4db516597f400015ef9f5,consumer goods,54,Small (50-99),Manufacturing,Steel processing – coil coating & galvanizing,"Galvanized & prepainted coils, profiles",6001000450,1,75
Essen Steel Industry,United Arab Emirates,Abu Dhabi,http://www.essensteel.com,https://app.apollo.io/#/organizations/5e57fb843f9e640001b79a0f,machinery,55,Small (50-99),Manufacturing,Steel wire manufacturing,"Steel wire, strand, galvanized wire",+97125109000,1,75
Kwik Steel Structures,United Arab Emirates,Dubai,http://www.kwiksteel.com,https://app.apollo.io/#/organizations/559239e973696429484e2100,machinery,75,Small (50-99),Manufacturing,Structural steel fabrication,Structural steel,+97148807555,1,75
Hidada Ltd.,Saudi Arabia,Jeddah,http://www.hidada.com,https://app.apollo.io/#/organizations/54a1347c69702d3170686200,machinery,2100,Very large (2000+),Manufacturing,Structural steel & poles manufacturing,"Structural steel, towers, poles",+966126036500,1,74
Tiger Steel Engineering L.L.C.,United Arab Emirates,Kalba,http://www.tigersteel.net,https://app.apollo.io/#/organizations/54a1277869702da220268000,construction,1800,Large (1001-2000),Manufacturing,Structural steel fabrication,Structural steel,,1,74
Zamil Steel Holding Company Limited,Saudi Arabia,Dammam,http://www.zamilsteel.com,https://app.apollo.io/#/organizations/5e5f436bb52d79008c1896c7,construction,2500,Very large (2000+),Manufacturing,Steel building systems & structural steel manufacturing,"PEB, structural steel, towers, process equipment",+966138471840,1,74
Aasia Steel Factory Company Limited,Saudi Arabia,Al Jubail,http://www.aasiasteel.com,https://app.apollo.io/#/organizations/5ed03af37652270001cf5b4d,oil & energy,3000,Very large (2000+),Manufacturing,Steel pipe manufacturing,Steel pipes & fittings,966033408414,1,73
Al Arabi Factory For Steel Works,Saudi Arabia,Dammam,http://www.asfsteel.com,https://app.apollo.io/#/organizations/5569d64e736964252116a200,construction,55,Small (50-99),Manufacturing,Structural steel fabrication,Structural steel works,+96638123070,1,73
FABTECH Group,United Arab Emirates,Dubai,http://www.fabtech-group.com,https://app.apollo.io/#/organizations/5db06515d9d2420001246e58,oil & energy,2500,Very large (2000+),Manufacturing,Heavy steel fabrication,"Pressure vessels, tanks, structures",+97148838833,1,73
Bakriya Industries Co.Ltd,Saudi Arabia,Jeddah,http://www.bakriya.com,https://app.apollo.io/#/organizations/6641e73c3e97fa0300944e30,mining & metals,64,Small (50-99),Manufacturing,Structural steel fabrication,Structural steel,,1,72
Eversendai Offshore RMC FZE,United Arab Emirates,,http://www.eversendaioffshore.com,https://app.apollo.io/#/organizations/556cf190736964123dfb5900,oil & energy,3000,Very large (2000+),Manufacturing,Heavy steel fabrication (offshore),Offshore steel structures,+97144564815,1,72
Excel Metal Industries,Qatar,Doha,http://www.excelqatar.com,https://app.apollo.io/#/organizations/5da3bb38fa868100015ff395,machinery,93,Small (50-99),Manufacturing,Steel fabrication,"Steel doors, poles, fabricated steel",+97444321111,1,72
GALVA COAT INDUSTRIES,United Arab Emirates,Abu Dhabi,http://www.galvacoat.ae,https://app.apollo.io/#/organizations/62ea815c2ed15700c85d3ec0,mining & metals,96,Small (50-99),Manufacturing,Hot-dip galvanizing,Galvanized steel structures,+97125511188,1,72
GULF HEAVY INDUSTRIES COMPANY,Saudi Arabia,Al Jubayl,http://www.ghi.com.sa,https://app.apollo.io/#/organizations/604a9208dac3760001299c4a,machinery,80,Small (50-99),Manufacturing,Heavy steel fabrication,"Pressure vessels, heat exchangers, tanks",+966133410606,1,72
Oman Fasteners Company,Oman,Al Khaburah,http://www.omanfasteners.com,https://app.apollo.io/#/organizations/56de1eeff3e5bb5e4100143e,building materials,76,Small (50-99),Manufacturing,Steel wire & fastener manufacturing,"Nails, fasteners, wire drawing",,1,72
SALALAH STEEL,Oman,Salalah,http://www.salalahsteel.com,https://app.apollo.io/#/organizations/5f400a9e2899e500018af03e,construction,59,Small (50-99),Manufacturing,Steel mill – rolling,Rebar,,1,72
SAMIF Heavy Steel Fabrication,Saudi Arabia,Dammam,http://www.samif-fab.com,https://app.apollo.io/#/organizations/5e57c4a9bd15ea000177e9b3,machinery,75,Small (50-99),Manufacturing,Heavy steel fabrication,"Heavy structures, tanks, pressure vessels",+966592582680,1,72
SeAH Gulf Special Steel Industries,Saudi Arabia,Al Khobar,http://www.seahgsi.com,https://app.apollo.io/#/organizations/645ffc777003810001fe75a3,mechanical or industrial engineering,72,Small (50-99),Manufacturing,Special steel / stainless pipe manufacturing,Stainless & special steel pipes,,1,72
Baghlaf Al Zafer Company Limited,Saudi Arabia,Yanbu,http://www.baghlafsteel.com,https://app.apollo.io/#/organizations/54a220a57468693825ab370f,mining & metals,64,Small (50-99),Manufacturing,Cold steel processing,Cold rolled/drawn steel products,+966122150501,1,71
Classic Metallic Sheets Factory LLC,United Arab Emirates,Sharjah,http://www.classicmetallic.com,https://app.apollo.io/#/organizations/54a11dcd69702d97c1993e01,mining & metals,56,Small (50-99),Manufacturing,Steel fastener manufacturing,"Bolts, studs, fasteners",,1,71
Emirates Engineering Services & Factories,United Arab Emirates,Fujairah,http://www.emiratesesf.com,https://app.apollo.io/#/organizations/5da6ee790344de0001a08f31,construction,61,Small (50-99),Manufacturing,Steel building systems manufacturing,"PEB, structural steel",+97192016166,1,71
Kelly Steel Engineering FZ LLC,United Arab Emirates,Ras Al Khaimah,http://www.kellysteel.ae,https://app.apollo.io/#/organizations/55f7da3ef3e5bb1cac000f11,mechanical or industrial engineering,72,Small (50-99),Manufacturing,Structural steel fabrication,Structural steel,+97172432577,1,71
Middle East Factory LLC,United Arab Emirates,Dubai,http://www.middleeastfactory.com,https://app.apollo.io/#/organizations/556d1de973696411b6259300,machinery,59,Small (50-99),Manufacturing,Steel fabrication,Fabricated steel,+97143387767,1,71
RATAAL Aluminum and Steel Company,Saudi Arabia,Riyadh,http://www.rataal.com,https://app.apollo.io/#/organizations/5f49b0136cc7a000010e8f48,mining & metals,61,Small (50-99),Manufacturing,Steel & aluminium fabrication,"Structural steel, metal works",+966114892970,1,71
Tazez Advanced Industrial Company (USG),Saudi Arabia,Dammam,http://www.usg.com.sa,https://app.apollo.io/#/organizations/5fcaaec7c8cbac0001a86a26,machinery,70,Small (50-99),Manufacturing,"Steel grating, poles & galvanizing","Steel gratings, poles, galvanizing",+966138534144,1,71
DIME INTERNATIONAL MECHANICAL ENGINEERING,Qatar,Doha,http://www.dimedoha.com,https://app.apollo.io/#/organizations/5d3259f7f6512547d6dd2030,machinery,84,Small (50-99),Manufacturing,Heavy steel fabrication,"Structures, tanks, pipelines",+97444326554,1,69
Al Jaber Steel Company,Qatar,Al Rayyan,http://www.jsc-qa.com,https://app.apollo.io/#/organizations/5e56720237cf0d0001548279,construction,54,Small (50-99),Manufacturing,Steel building systems manufacturing,"PEB, structural steel",,1,68
RAK Steel,Kuwait,Ahmadi,http://www.rak.com.kw,https://app.apollo.io/#/organizations/63d5c48b6f94b30001c4ac5e,mechanical or industrial engineering,66,Small (50-99),Manufacturing,Structural steel fabrication,Structural steel,,1,68
Saudi Cast,Saudi Arabia,Riyadh,http://www.saudicast.com,https://app.apollo.io/#/organizations/5d3628e3a3ae615b78b7b7f1,mechanical or industrial engineering,84,Small (50-99),Manufacturing,Iron & steel foundry,Castings,,1,68
ATTIEH STEEL LTD,Saudi Arabia,Jeddah,http://www.attiehgroup.com,https://app.apollo.io/#/organizations/61839ff3bcdb1a0001f2ccb2,building materials,3000,Very large (2000+),Processing,Steel service centre & processing,"Coils, sheets, plates, tubes, cut-to-length, slitting",,1,67
Qatar Steel Industries Factory (QSIF),Qatar,Doha,http://www.qatarsteelfactory.com,https://app.apollo.io/#/organizations/5ea3f949aa24f900c2131a4f,construction,53,Small (50-99),Manufacturing,Steel products manufacturing,"Steel sheets, purlins, roofing, pipes",+97444603365,1,67
Al-AshouryIndustry,Saudi Arabia,Riyadh,http://www.ashouryholding.com,https://app.apollo.io/#/organizations/5f40aa8cce6f950001f3ca45,mining & metals,59,Small (50-99),Manufacturing,Steel fabrication & galvanizing,"Cable trays, poles, galvanizing",,1,66
Gulf Steel & Engineering WLL,Qatar,Doha,http://www.gulf-steel.com,https://app.apollo.io/#/organizations/5569a6b87369642579007200,construction,57,Small (50-99),Manufacturing,Structural steel fabrication,Structural steel,,1,66
