Rank,Tier,Lead Score,Company,Company Category,Cement Activity Type,Main Products,Country,City,Website,Est. Employees,Revenue (Apollo),SIC / NAICS,Contact Role (title only),Contact Priority,Score Breakdown
1,A,100,YANBU CEMENT COMPANY,Primary – cement manufacturer,Cement manufacturer (integrated plant),"Cement, clinker",Saudi Arabia,Jeddah,http://www.yanbucement.com,3300,289M,SIC 3241 / NAICS 327310,"Procurement, Contract & Logistic Manager",P1 Procurement/Purchasing,30/20/20/15/10/5
2,A,99,ACICO Group,Primary – cement manufacturer,Cement manufacturer (integrated plant),"Cement, clinker",Kuwait,Kuwait City,http://www.acicogroup.com,2800,246M,"SIC 1742 / NAICS 236220,327310,327390,531390",Procurement Manager,P1 Procurement/Purchasing,30/20/20/15/9/5
3,A,99,Al Tasnim Enterprises LLC,Primary – cement manufacturer,Cement manufacturer (integrated plant),"Cement, clinker",Oman,Seeb,http://www.altasnimgroup.com,2500,,"SIC 1629,8711,3241 / NAICS 237990,54133,327310","Director - Procurement, Supply Chain and Warehousing",P1 Procurement/Purchasing,30/20/20/15/9/5
4,A,98,Qatar National Cement Company,Primary – cement manufacturer,Cement manufacturer (integrated plant),"Cement, clinker",Qatar,Doha,http://www.qatarcement.com,1400,108.9M,"SIC 3531,3241 / NAICS 327310",Maintenance Manager,P2 Maintenance/Engineering,30/20/20/13/10/5
5,A,97,City Cement Company,Primary – cement manufacturer,Cement manufacturer (integrated plant),"Cement, clinker",Saudi Arabia,Riyadh,http://www.citycement.sa,550,138.6M,SIC 3241 / NAICS 327310,Procurement - Service & Contracts Section Head,P1 Procurement/Purchasing,30/17/20/15/10/5
6,A,97,Gulf Cement Co.,Primary – cement manufacturer,Cement manufacturer (integrated plant),"Cement, clinker",United Arab Emirates,Ras Al-Khaimah,http://www.gulfcement.ae,500,129.0M,SIC 3241 / NAICS 327310,Supply Chain Manager,P1 Procurement/Purchasing,30/17/20/15/10/5
7,A,96,Saudi Cement Company,Primary – cement manufacturer,Cement manufacturer (integrated plant),"Cement, clinker",Saudi Arabia,Dammam,http://www.saudicement.com.sa,800,445.6M,SIC 3241 / NAICS 327310,Procurement Manager,P1 Procurement/Purchasing,30/17/20/15/9/5
8,A,96,Holcim UAE,Primary – cement manufacturer,Cement manufacturer (integrated plant),"Cement, clinker",United Arab Emirates,Dubai,http://www.holcim.ae,700,,"SIC  / NAICS 327310,327320,212321",Procurement Manager,P1 Procurement/Purchasing,30/17/20/15/9/5
9,A,95,Al Jouf cement Company,Primary – cement manufacturer,Cement manufacturer (integrated plant),"Cement, clinker",Saudi Arabia,Riyadh,http://www.joufcem.com.sa,520,65.1M,SIC 3241 / NAICS 327310,Electrical Maintenance Manager,P2 Maintenance/Engineering,30/17/20/13/10/5
10,A,94,(UCIC) United Cement Industrial Company | شركة اسمنت المتحدة الصناعية,Primary – cement manufacturer,Cement manufacturer (integrated plant),"Cement, clinker",Saudi Arabia,Jeddah,http://www.unitedcement.com.sa,300,,"SIC 3295 / NAICS 327310,212312",Head of Procurement,P1 Procurement/Purchasing,30/14/20/15/10/5
11,A,94,Southern Province Cement Company- SPCC,Primary – cement manufacturer,Cement manufacturer (integrated plant),"Cement, clinker",Saudi Arabia,Abha,http://www.spcc.sa,700,231M,"SIC 3291,3241 / NAICS 327310",Technical Advisor and Engineering Department Manager in H.O.,P2 Maintenance/Engineering,30/17/20/13/9/5
12,A,94,Sharjah Cement & Industrial Development Co.,Primary – cement manufacturer,Cement manufacturer (integrated plant),"Cement, clinker",United Arab Emirates,Sharjah,http://www.sharjahcements.com,2000,213M,SIC 3241 / NAICS 327310,Deputy CEO,P5 GM/COO (plant-level exec),30/20/20/9/10/5
13,A,93,AlSafwa Cement Co.,Primary – cement manufacturer,Cement (white cement plant),"White cement, clinker",Saudi Arabia,Jeddah,http://www.safwacc.com,630,,"SIC 3295,3241 / NAICS 327310",Sourcing & Industrial Manager,P1 Procurement/Purchasing,28/17/18/15/10/5
14,A,93,Hail Cement Company,Primary – cement manufacturer,Cement manufacturer (integrated plant),"Cement, clinker",Saudi Arabia,Hail,http://www.hailcement.com,330,61.1M,SIC 3241 / NAICS 327310,Supply Chain Manager,P1 Procurement/Purchasing,30/14/20/15/9/5
15,A,93,Raysut Cement Company,Primary – cement manufacturer,Cement manufacturer (integrated plant),"Cement, clinker",Oman,Salalah,,200,108M,"SIC 3241,1429 / NAICS 327310,212312",Sr. Procurement Manager,P1 Procurement/Purchasing,30/14/20/15/9/5
16,A,93,Qassim Cement company,Primary – cement manufacturer,Cement manufacturer (integrated plant),"Cement, clinker",Saudi Arabia,Ar Rass,http://www.qcc.com.sa,3400,302.2M,"SIC 3291,3241 / NAICS 327310",Mechanical Engineer,P4 Buyer/Specialist/Engineer,30/20/20/8/10/5
17,A,92,Arabian Cement,Primary – cement manufacturer,Cement manufacturer (integrated plant),"Cement, clinker",Saudi Arabia,Jeddah,http://www.arabiancement.com.sa,460,285.3M,SIC 3295 / NAICS 327310,Chief Maintenance Work Shops,P2 Maintenance/Engineering,30/14/20/13/10/5
18,A,92,EASTERN PROVINCE CEMENT COMPANY,Primary – cement manufacturer,Cement manufacturer (integrated plant),"Cement, clinker",Saudi Arabia,Dammam,http://www.epcco.com.sa,270,336.5M,SIC 3241 / NAICS 327310,E&I Maintenance Manager,P2 Maintenance/Engineering,30/14/20/13/10/5
19,A,92,"National Cement Company P.S.C., Dubai",Primary – cement manufacturer,Cement manufacturer (integrated plant),"Cement, clinker",United Arab Emirates,Dubai,http://www.nationalcement.ae,450,20M,"SIC 3531,3241 / NAICS 327310",Asst.Chief Mechanical Engineer,P2 Maintenance/Engineering,30/14/20/13/10/5
20,A,92,Yamama Cement,Primary – cement manufacturer,Cement manufacturer (integrated plant),"Cement, clinker",Saudi Arabia,Riyadh,http://www.yamamacement.com,3100,379.5M,SIC 3241 / NAICS 327310,Procurement Specialist,P4 Buyer/Specialist/Engineer,30/20/20/8/9/5
21,A,91,Pioneer Cement,Primary – cement manufacturer,Cement manufacturer (integrated plant),"Cement, clinker",United Arab Emirates,,http://www.pioneercements.ae,220,68M,"SIC 3291,3241 / NAICS 327310",Maintenance Manager,P2 Maintenance/Engineering,30/14/20/13/9/5
22,A,90,RAK Co. for White Cement and Construction Materials,Primary – cement manufacturer,Cement (white cement plant),"White cement, clinker",United Arab Emirates,,http://www.rakwhitecement.ae,380,69.7M,SIC 3241 / NAICS 327310,Procurement Manager,P1 Procurement/Purchasing,28/14/18/15/10/5
23,A,90,JK White Cement UAE,Primary – cement manufacturer,Cement (white cement plant),"White cement, clinker",United Arab Emirates,Dubai,http://www.jkcementuae.com,250,74M,"SIC 3241 / NAICS 327310,325520",Purchasing Manager,P1 Procurement/Purchasing,28/14/18/15/10/5
24,A,90,Riyadh Cement Company,Primary – cement manufacturer,Cement (white cement plant),"White cement, clinker",Saudi Arabia,Riyadh,http://www.riyadhcement.com.sa,810,159.1M,SIC 3241 / NAICS 327310,Maintenance Mechanical Manager,P2 Maintenance/Engineering,28/17/18/13/9/5
25,A,90,Najran Cement Company,Primary – cement manufacturer,Cement manufacturer (integrated plant),"Cement, clinker",Saudi Arabia,Najran,http://www.najrancement.com,780,137.6M,SIC 3241 / NAICS 327310,Mechanical Engineer,P4 Buyer/Specialist/Engineer,30/17/20/8/10/5
26,A,89,Cemex UAE,Primary – cement manufacturer,Cement (grinding / blended),"Cement, GGBS, blended cement",United Arab Emirates,Dubai,http://www.cemex.ae,650,,"SIC 3273,3241 / NAICS 327310,327320",Regional Procurement and Logistics Manager,P1 Procurement/Purchasing,26/17/16/15/10/5
27,A,89,Oman Cement Company S.A.O.G,Primary – cement manufacturer,Cement manufacturer (integrated plant),"Cement, clinker",Oman,Muscat,http://www.occ.om,750,176.6M,SIC 3241 / NAICS 327310,Purchase,P4 Buyer/Specialist/Engineer,30/17/20/8/9/5
28,A,88,Umm AlQura Cement Co. (UACC),Primary – cement manufacturer,Cement manufacturer (integrated plant),"Cement, clinker",Saudi Arabia,Riyadh,http://www.uacc.com.sa,73,74.4M,"SIC 3291,3241 / NAICS 327310",Supply Chain Manager,P1 Procurement/Purchasing,30/8/20/15/10/5
29,A,88,RAS AL KHAIMAH CEMENT COMPANY,Primary – cement manufacturer,Cement manufacturer (integrated plant),"Cement, clinker",United Arab Emirates,Ras Al-Khaimah,http://www.rakcc.ae,95,,"SIC 3295,3241,5031 / NAICS 327310,423390",Senior Procurement Manager,P1 Procurement/Purchasing,30/8/20/15/10/5
30,A,86,Northern Region Cement Company,Primary – cement manufacturer,Cement manufacturer (integrated plant),"Cement, clinker",Saudi Arabia,Turaif,,76,,SIC 3241 / NAICS 327310,Supply Chain Director,P1 Procurement/Purchasing,30/8/20/15/8/5
31,A,86,Kuwait Cement Company,Primary – cement manufacturer,Cement (white cement plant),"White cement, clinker",Kuwait,Kuwait City,http://www.kuwaitcement.com,580,,"SIC 3295,3271,3273 / NAICS 327310,327320",Mechanical Maintenance Engineer,P4 Buyer/Specialist/Engineer,28/17/18/8/10/5
32,A,86,AL KHALIJ CEMENT COMPANY,Primary – cement manufacturer,Cement manufacturer (integrated plant),"Cement, clinker",Qatar,Doha,http://www.alkhalijcement.qa,71,,SIC 3241 / NAICS 327310,Senior Supply Chain Manager,P1 Procurement/Purchasing,30/8/20/15/8/5
33,B,84,National Cement Factory,Primary – cement manufacturer,Cement (white cement plant),"White cement, clinker",United Arab Emirates,Abu Dhabi,http://www.ncfuae.com,94,48M,SIC 3241 / NAICS 327310,Procurement Manager,P1 Procurement/Purchasing,28/8/18/15/10/5
34,B,84,Union Cement Company (Pr.J.S.C),Primary – cement manufacturer,Cement manufacturer (integrated plant),"Cement, clinker",United Arab Emirates,,http://www.uccrak.com,160,20M,"SIC 3531,3241 / NAICS 327310",Mechanical Engineer,P4 Buyer/Specialist/Engineer,30/11/20/8/10/5
35,B,84,Arkan Building Materials PJSC,Primary – cement manufacturer,Cement manufacturer (integrated plant),"Cement, clinker",United Arab Emirates,Abu Dhabi,,180,,"SIC  / NAICS 327310,327390,326122,331110",Store/Purchase Representative,P4 Buyer/Specialist/Engineer,30/11/20/8/10/5
36,B,82,Baitak Group For Construction Materials,Primary – cement manufacturer,Cement manufacturer (integrated plant),"Cement, clinker",Kuwait,Ahmadi,http://www.baitakgroup.com,29,,"SIC 3531,3241,3272 / NAICS 327310,327320,327331",Electrical Maintenance Lead & Electrical Project Engineer,P2 Maintenance/Engineering,30/5/20/13/9/5
37,B,81,Jebel Ali Cement,Primary – cement manufacturer,Cement manufacturer (integrated plant),"Cement, clinker",United Arab Emirates,Dubai,http://www.jacement.com,39,,SIC 3241 / NAICS 327310,G.M. Plant,P3 Plant/Operations/Production,30/5/20/11/10/5
38,B,81,Super Cement Manufacturing Company L.L.C,Primary – cement manufacturer,Cement manufacturer (integrated plant),"Cement, clinker",United Arab Emirates,Abu Dhabi,http://www.supercement.co,48,,"SIC 3531,3241 / NAICS 327310",Dy Plant Manager,P3 Plant/Operations/Production,30/5/20/11/10/5
39,B,81,Dhofar Cement Company,Primary – cement manufacturer,Cement manufacturer (integrated plant),"Cement, clinker",Oman,,http://www.dhofarcement.com,34,,"SIC 3531,3241 / NAICS 327310",Director Operations Manager,P3 Plant/Operations/Production,30/5/20/11/10/5
40,B,81,falcon cement plant,Primary – cement manufacturer,Cement manufacturer (integrated plant),"Cement, clinker",Bahrain,Manama,http://www.falcon-cement.com,50,51.2M,SIC 3241 / NAICS 327310,Purchase Officer,P4 Buyer/Specialist/Engineer,30/8/20/8/10/5
41,B,81,UNITED PRECAST CONCRETE DUBAI L.L.C,Secondary – cement products / concrete,Precast concrete manufacturer,"Precast elements, hollowcore",United Arab Emirates,Dubai,http://www.uphgroup.com,3000,647.2M,"SIC 3441,3272 / NAICS 327390",Manager (Estimation & Procurement),P1 Procurement/Purchasing,18/20/13/15/10/5
42,B,80,"Haji Hassan Group BSC(c), Bahrain",Secondary – cement products / concrete,Precast concrete manufacturer,"Precast elements, hollowcore",Bahrain,Manama,http://www.hajihassan.com,4000,4.5M,"SIC 1741 / NAICS 32731,237310,324121,327390",Procurement Manager,P1 Procurement/Purchasing,18/20/13/15/9/5
43,B,80,Saudi Readymix Concrete Co,Secondary – cement products / concrete,Precast concrete manufacturer,"Precast elements, hollowcore",Saudi Arabia,Dammam,http://www.saudireadymix.com,2700,4.2M,"SIC 3531 / NAICS 32733,327320",Supply Chain Manager,P1 Procurement/Purchasing,18/20/13/15/9/5
44,B,80,Alrashid Abetong,Secondary – cement products / concrete,Precast concrete manufacturer,"Precast elements, hollowcore",Saudi Arabia,Riyadh,http://www.alrashidabetong.com,5000,,"SIC 3273 / NAICS 327390,238990",Head of Purchasing,P1 Procurement/Purchasing,18/20/13/15/9/5
45,B,79,National Industries Company,Secondary – cement products / concrete,AAC / lightweight concrete manufacturer,AAC blocks & panels,Kuwait,Kuwait City,http://www.nicbm.com,1700,177M,"SIC 3295 / NAICS 32739,327320,327331,237120",Head of Purchasing Department,P1 Procurement/Purchasing,18/20/13/15/8/5
46,B,79,Eastern Asphalt and Mixed Concrete Company W.L.L,Secondary – cement products / concrete,Precast concrete manufacturer,"Precast elements, hollowcore",Bahrain,Manama,http://www.eamco.bh,1500,,"SIC 3531 / NAICS 32731,237310,327320,324121",Transport & Maintenance Manager,P2 Maintenance/Engineering,18/20/13/13/10/5
47,B,79,Abu Dhabi Precast LLC,Secondary – cement products / concrete,Precast concrete manufacturer,"Precast elements, hollowcore",United Arab Emirates,Abu Dhabi,http://www.abudhabiprecast.com,1000,,"SIC 3273 / NAICS 327390,238990",Engineering Manager,P2 Maintenance/Engineering,18/20/13/13/10/5
48,B,79,Gulf Precast Concrete Company LLC - S.P.C,Secondary – cement products / concrete,Precast concrete manufacturer,"Precast elements, hollowcore",United Arab Emirates,Abu Dhabi,http://www.gulfprecast.ae,4000,6.1M,"SIC 3273,3272 / NAICS 327390",Engineering Manager,P2 Maintenance/Engineering,18/20/13/13/10/5
49,B,78,SAAD PRECAST LLC,Secondary – cement products / concrete,Precast concrete manufacturer,"Precast elements, hollowcore",United Arab Emirates,Umm Al Quwain,http://www.saad-me.com,750,,"SIC 3273,3272 / NAICS 327390,327320",Manager of Procurement,P1 Procurement/Purchasing,18/17/13/15/10/5
50,B,78,Transgulf Readymix,Secondary – cement products / concrete,Precast concrete manufacturer,"Precast elements, hollowcore",United Arab Emirates,Dubai,http://www.transgulfreadymix.com,1500,,"SIC 3273 / NAICS 32733,327320",Maintenance Manager,P2 Maintenance/Engineering,18/20/13/13/9/5
51,B,77,Hard Precast Building Systems (HPBS),Secondary – cement products / concrete,Precast concrete manufacturer,"Precast elements, hollowcore",United Arab Emirates,Dubai,http://www.hardprecast.com,1200,,"SIC 3273 / NAICS 327390,236220",Production Manager,P3 Plant/Operations/Production,18/20/13/11/10/5
52,B,77,SMEET W.L.L,Secondary – cement products / concrete,Precast concrete manufacturer,"Precast elements, hollowcore",Qatar,Mesaieed,http://www.smeet.com.qa,2700,,"SIC 3291 / NAICS 327320,327331",Production Manager,P3 Plant/Operations/Production,18/20/13/11/10/5
53,B,76,ABDULLAH ABDIN FACTORIES,Secondary – cement products / concrete,Concrete / building materials manufacturer,Concrete products,Saudi Arabia,Tabuk,http://www.aabdin.com,7500,,SIC 3272 / NAICS 327320,Head of Procurement and Assets,P1 Procurement/Purchasing,15/20/11/15/10/5
54,B,75,Sohar Cement,Primary – cement manufacturer,Cement manufacturer (integrated plant),"Cement, clinker",Oman,Sohar,http://www.soharcement.com,9,,SIC 3241 / NAICS 327310,Senior Electrical Engineer,P4 Buyer/Specialist/Engineer,30/2/20/8/10/5
55,B,75,PREMCO PRECAST,Secondary – cement products / concrete,Precast concrete manufacturer,"Precast elements, hollowcore",Saudi Arabia,Jeddah,http://www.premco-precast.com,200,,"SIC 3273,3272 / NAICS 327390",Procurement Manager,P1 Procurement/Purchasing,18/14/13/15/10/5
56,B,75,RDB EL SEIF Precast Company,Secondary – cement products / concrete,Precast concrete manufacturer,"Precast elements, hollowcore",Saudi Arabia,Riyadh,http://www.rdb-elseif.com,450,150M,SIC 3531 / NAICS 327390,Supply Chain Manager,P1 Procurement/Purchasing,18/14/13/15/10/5
57,B,74,Readymix Qatar,Secondary – cement products / concrete,Concrete pipes & products manufacturer,"Concrete pipes, culverts",Qatar,Doha,http://www.readymixqatar.com.qa,850,,"SIC 3273 / NAICS 32733,327320",Head of Operations & Maintenance,P2 Maintenance/Engineering,17/17/13/13/9/5
58,B,74,Rabiah-Nassar & Zamil Concrete Industries,Secondary – cement products / concrete,Precast concrete manufacturer,"Precast elements, hollowcore",Saudi Arabia,Riyadh,http://www.rancozamil.com,680,60M,"SIC 3273,3272 / NAICS 327390",Operations Manager,P3 Plant/Operations/Production,18/17/13/11/10/5
59,B,74,Prainsa Saudi Arabia for Precast Concrete,Secondary – cement products / concrete,Precast concrete manufacturer,"Precast elements, hollowcore",Saudi Arabia,Dammam,http://www.prainsa.com.sa,700,,"SIC 3273,3272,15 / NAICS 327390,238990",Operation Manager,P3 Plant/Operations/Production,18/17/13/11/10/5
60,B,73,Construction Products Holding Company ( CPC ),Secondary – cement products / concrete,Precast concrete manufacturer,"Precast elements, hollowcore",Saudi Arabia,Jeddah,http://www.cpcholding.com,270,31.7M,"SIC 3291 / NAICS 32739,31-33,23",Engineering Manager,P2 Maintenance/Engineering,18/14/13/13/10/5
61,B,73,Green Concrete Company CJSC,Secondary – cement products / concrete,Concrete pipes & products manufacturer,"Concrete pipes, culverts",Saudi Arabia,Riyadh,http://www.greenconcrete.sa,1500,,"SIC 3273 / NAICS 32733,327320",Purchasing Department Specialist,P4 Buyer/Specialist/Engineer,17/20/13/8/10/5
62,B,72,Green Cement Factory LLC,Primary – cement manufacturer,Cement (grinding / blended),"Cement, GGBS, blended cement",United Arab Emirates,Dubai,http://www.ssgil.com,56,,"SIC 3531,3241 / NAICS 327310",Process Engineer,P4 Buyer/Specialist/Engineer,26/8/16/8/9/5
63,B,71,Readymix Abu Dhabi,Secondary – cement products / concrete,Concrete pipes & products manufacturer,"Concrete pipes, culverts",United Arab Emirates,Abu Dhabi,http://www.rmad.com,110,,"SIC 3273 / NAICS 32733,327320",Procurement Manager,P1 Procurement/Purchasing,17/11/13/15/10/5
64,B,71,ALAS Emirates Ready Mix L.L.C,Secondary – cement products / concrete,Ready-mix concrete producer,Ready-mix concrete,United Arab Emirates,Al Ain,http://www.alas-emirates.ae,500,,"SIC 3273 / NAICS 32739,327320",Procurement Manager,P1 Procurement/Purchasing,14/17/10/15/10/5
65,B,71,Unimix (Universal Concrete Products Ltd. Co. L.L.C.),Secondary – cement products / concrete,Ready-mix concrete producer,Ready-mix concrete,United Arab Emirates,Dubai,http://www.unimix-uae.com,1500,,"SIC 3273 / NAICS 32731,327320",Fleet and Equipment Maintenance Manager,P2 Maintenance/Engineering,14/20/10/13/9/5
66,B,71,Transgulf Cement Products LLC,Secondary – cement products / concrete,Cement / cementitious products,Cement products,United Arab Emirates,Dubai,http://www.transgulf.ae,120,,SIC 3272 / NAICS 327390,General Manager,P5 GM/COO (plant-level exec),22/11/14/9/10/5
67,B,70,ORYX MIX CONCRETE,Secondary – cement products / concrete,Ready-mix concrete producer,Ready-mix concrete,United Arab Emirates,,http://www.oryxmix.com,500,37.5M,SIC 3273 / NAICS 327320,Senior Procurement Manager,P1 Procurement/Purchasing,14/17/10/15/9/5
68,B,70,DUBAI PRECAST LLC,Secondary – cement products / concrete,Precast concrete manufacturer,"Precast elements, hollowcore",United Arab Emirates,Dubai,http://www.dubaiprecast.ae,340,,SIC 3441 / NAICS 327390,Operations Manager,P3 Plant/Operations/Production,18/14/13/11/9/5
69,C,69,RAKNOR Concrete Products,Secondary – cement products / concrete,Precast concrete manufacturer,"Precast elements, hollowcore",United Arab Emirates,,http://www.raknor.com,59,,"SIC 3291,3271,3272,3273 / NAICS 327320,327390",Senior Procurement Lead,P1 Procurement/Purchasing,18/8/13/15/10/5
70,C,69,Nael Cement Products Factory,Secondary – cement products / concrete,Cement / cementitious products,Cement products,United Arab Emirates,Al Ain,http://www.ncpuae.com,34,,"SIC 3273 / NAICS 32733,327390,238990",Assistant Operations & Maintenance Manager,P2 Maintenance/Engineering,22/5/14/13/10/5
71,C,69,Ideal Precast Company,Secondary – cement products / concrete,Precast concrete manufacturer,"Precast elements, hollowcore",Saudi Arabia,Dammam,http://www.ideal-precast.com,100,,"SIC 3272,1771 / NAICS 327390,327320,238110",Engineering Manager,P2 Maintenance/Engineering,18/11/13/13/9/5
72,C,69,CONMIX,Secondary – cement products / concrete,Concrete / building materials manufacturer,Concrete products,United Arab Emirates,Sharjah,http://www.conmix.com,560,38.6M,"SIC 3291,3273,2851 / NAICS 32739,327320,325510",Technical Manager,P3 Plant/Operations/Production,15/17/11/11/10/5
73,C,68,Consent Concrete Products,Secondary – cement products / concrete,Precast concrete manufacturer,"Precast elements, hollowcore",United Arab Emirates,Dubai,http://www.consentconcrete.com,120,,"SIC 1742,3272,3089 / NAICS 327390,326199",Plant Manager,P3 Plant/Operations/Production,18/11/13/11/10/5
74,C,68,Lightweight Construction Company ( SIPOREX ),Secondary – cement products / concrete,AAC / lightweight concrete manufacturer,AAC blocks & panels,Saudi Arabia,Riyadh,http://www.lccsiporex.com,330,,SIC 3271 / NAICS 327331,Procurement Officer,P4 Buyer/Specialist/Engineer,18/14/13/8/10/5
75,C,68,Concrete Technology L.L.C.,Secondary – cement products / concrete,Precast concrete manufacturer,"Precast elements, hollowcore",United Arab Emirates,Dubai,http://www.concretec.ae,250,,"SIC 3273,3272,1542 / NAICS 327390,238120",Precast Production Engineer,P4 Buyer/Specialist/Engineer,18/14/13/8/10/5
76,C,67,Xtramix Group of Companies,Secondary – cement products / concrete,Precast concrete manufacturer,"Precast elements, hollowcore",United Arab Emirates,Al Ain,http://www.xtramixgroup.com,97,,"SIC 3531 / NAICS 327320,327331,327390",Group Supply Chain Manager,P1 Procurement/Purchasing,18/8/13/15/8/5
77,C,67,SS Lootah Readymix Concrete LLC,Secondary – cement products / concrete,Precast concrete manufacturer,"Precast elements, hollowcore",United Arab Emirates,Dubai,http://www.sslootahreadymix.com,90,,"SIC 3273 / NAICS 32739,327320",Plant Maintenance Manager,P2 Maintenance/Engineering,18/8/13/13/10/5
78,C,67,Ducon Industries FZCO,Secondary – cement products / concrete,Concrete pipes & products manufacturer,"Concrete pipes, culverts",United Arab Emirates,Dubai,http://www.duconind.com,170,1.7M,"SIC 3273 / NAICS 327331,327390",Operations Manager,P3 Plant/Operations/Production,17/11/13/11/10/5
79,C,65,Abu Dhabi National Co. for Building Materials (BILDCO),Secondary – cement products / concrete,AAC / lightweight concrete manufacturer,AAC blocks & panels,United Arab Emirates,Abu Dhabi,http://www.bildco.ae,59,11.2M,"SIC 3291 / NAICS 32731,327331,332312,423390",Factory Manager,P3 Plant/Operations/Production,18/8/13/11/10/5
80,C,65,Galfar Aspire Readymix LLC,Secondary – cement products / concrete,Precast concrete manufacturer,"Precast elements, hollowcore",Oman,Muscat,http://www.galfaraspire.com,56,,"SIC 3273 / NAICS 32733,327320",Operations Manager,P3 Plant/Operations/Production,18/8/13/11/10/5
81,C,65,ESPAC,Secondary – cement products / concrete,Precast concrete manufacturer,"Precast elements, hollowcore",Saudi Arabia,Dammam,http://www.espac.com,150,,SIC 3272 / NAICS 327390,Procurement Officer,P4 Buyer/Specialist/Engineer,18/11/13/8/10/5
82,C,64,Emirates Precast Construction LLC,Secondary – cement products / concrete,Precast concrete manufacturer,"Precast elements, hollowcore",United Arab Emirates,Dubai,http://www.emiratesprecast.com,80,,"SIC 1742,3272,1771 / NAICS 327390,238110",Technical Manager,P3 Plant/Operations/Production,18/8/13/11/9/5
83,C,64,National Concrete Company (NCC),Secondary – cement products / concrete,Precast concrete manufacturer,"Precast elements, hollowcore",Bahrain,Salmabad,http://www.nccbahrain.com,76,,"SIC 3273,3271,3272 / NAICS 327320,327331,327390",Production Manager,P3 Plant/Operations/Production,18/8/13/11/9/5
84,C,64,Al Sultan Industrial Cement,Secondary – cement products / concrete,Cement / cementitious products,Cement products,United Arab Emirates,Abu Dhabi,http://www.alsultanfactory.com,47,,"SIC 3273,3272,5031 / NAICS 32733,327390,423390",Mechanical Engineer,P4 Buyer/Specialist/Engineer,22/5/14/8/10/5
85,C,63,Al Jazirah Development Company - JDCO,Secondary – cement products / concrete,Concrete pipes & products manufacturer,"Concrete pipes, culverts",Saudi Arabia,Riyadh,http://www.jdco.com.sa,98,,"SIC 3273 / NAICS 32739,327332",Production Operations Manager,P3 Plant/Operations/Production,17/8/13/11/9/5
86,C,62,Eastern Precast Concrete,Secondary – cement products / concrete,Precast concrete manufacturer,"Precast elements, hollowcore",Saudi Arabia,,http://www.easternprecast.com.sa,44,,"SIC 3273,3272 / NAICS 327390",Engineering Manager,P2 Maintenance/Engineering,18/5/13/13/8/5
87,C,62,Qanbar Ready MIX,Secondary – cement products / concrete,Precast concrete manufacturer,"Precast elements, hollowcore",Saudi Arabia,Dammam,http://www.qrm.com.sa,74,,"SIC 3273 / NAICS 32733,327320",Maintenance Engineer,P4 Buyer/Specialist/Engineer,18/8/13/8/10/5
88,C,62,AbuDhabi International Precast,Secondary – cement products / concrete,Precast concrete manufacturer,"Precast elements, hollowcore",United Arab Emirates,Al Ain,http://www.adpcp.com,26,,"SIC 3273,3272,1542 / NAICS 327390,236220",Operations Manager,P3 Plant/Operations/Production,18/5/13/11/10/5
89,C,61,ACFA Building Solutions,Secondary – cement products / concrete,Concrete / building materials manufacturer,Concrete products,Saudi Arabia,Riyadh,http://www.acfasa.net,36,,SIC 3272 / NAICS 327390,Manager Accounts & Procurement,P1 Procurement/Purchasing,15/5/11/15/10/5
90,C,61,AlMuthanna Precast,Secondary – cement products / concrete,Precast concrete manufacturer,"Precast elements, hollowcore",Saudi Arabia,Al-Kharj,http://www.almuthannaprecast.com,42,,"SIC 3273,3272 / NAICS 327390",Operations Manager,P3 Plant/Operations/Production,18/5/13/11/9/5
91,C,60,OMAN GREEN READYMIX L.L.C.,Secondary – cement products / concrete,Concrete pipes & products manufacturer,"Concrete pipes, culverts",Oman,Nakhl,http://www.ogreadymix.com,28,,"SIC 3531,3273,1771 / NAICS 32733,327320,238110",Production Manager,P3 Plant/Operations/Production,17/5/13/11/9/5
92,C,60,Pioneer Ready Mix L.L.C (Quick Mix),Secondary – cement products / concrete,Ready-mix concrete producer,Ready-mix concrete,United Arab Emirates,Abu Dhabi,http://www.pioneerrm.ae,180,,"SIC 3531,3272 / NAICS 32739,327320",Senior Technical Manager,P3 Plant/Operations/Production,14/11/10/11/9/5
93,C,60,SAFEMIX READY CONCRETE L.L.C,Secondary – cement products / concrete,Ready-mix concrete producer,Ready-mix concrete,United Arab Emirates,Dubai,http://www.safemix.ae,170,,"SIC 3273,3271 / NAICS 327320,327331",Production Manager,P3 Plant/Operations/Production,14/11/10/11/9/5
94,C,60,Albilad Concrete Pipes Co. Ltd,Secondary – cement products / concrete,Concrete pipes & products manufacturer,"Concrete pipes, culverts",Saudi Arabia,Riyadh,http://www.albiladpipes.com,48,,SIC 3272 / NAICS 327390,Plant Manager,P3 Plant/Operations/Production,17/5/13/11/9/5
95,C,60,Maher Abdullah Alsulaimi & Co. CJSC,Secondary – cement products / concrete,Concrete pipes & products manufacturer,"Concrete pipes, culverts",Saudi Arabia,Huraymila,http://www.goldenblock.com.sa,35,,"SIC 3295,3271 / NAICS 327331",General Plant Manager | Leader of Manufacturing Excellence.,P3 Plant/Operations/Production,17/5/13/11/9/5
96,C,59,Delmon Readymix,Secondary – cement products / concrete,Ready-mix concrete producer,Ready-mix concrete,Bahrain,salimabad,http://www.delmonreadymix.com,68,,"SIC 3273,3273: Ready-Mix Concrete / NAICS 32731,327320",Operations and Maintenance Manager,P2 Maintenance/Engineering,14/8/10/13/9/5
97,C,59,Emirates SAS ReadyMix,Secondary – cement products / concrete,Concrete pipes & products manufacturer,"Concrete pipes, culverts",United Arab Emirates,Dubai,http://www.emixuae.com,41,,"SIC 3273 / NAICS 32733,327320",General Manager,P5 GM/COO (plant-level exec),17/5/13/9/10/5
98,C,59,Ocean Ready Mix & Precast,Secondary – cement products / concrete,Precast concrete manufacturer,"Precast elements, hollowcore",United Arab Emirates,Al Ain,http://www.ocean-rm.net,22,,"SIC 3272,3271 / NAICS 327320,327390",General Manager,P5 GM/COO (plant-level exec),18/5/13/9/9/5
99,C,58,Jamix Concrete,Secondary – cement products / concrete,Ready-mix concrete producer,Ready-mix concrete,United Arab Emirates,Sharjah,http://www.jamix.ae,63,,SIC 3272 / NAICS 327320,Plant Manager,P3 Plant/Operations/Production,14/8/10/11/10/5
100,C,58,Alian Industry | إليان للصناعة,Secondary – cement products / concrete,Concrete / building materials manufacturer,Concrete products,Saudi Arabia,Riyadh,http://www.alianind.com,30,,"SIC 3273,3272 / NAICS 327320,327390",Head of Technical Department,P2 Maintenance/Engineering,15/5/11/13/9/5
